     0.0000      1.0455      0.0422
     0.0000      1.5147      0.0422
     0.0000      1.5147      0.0422
     0.0000      3.5250      0.0422
     0.0000      3.5250      0.0422
     0.0000      3.5250      0.0422
     0.0000      1.1445      0.0005
     0.0000      1.1445      0.0137
     0.0000      1.1445      0.0090
     0.0000      1.6326      0.0004
     0.0000      1.6326      0.0123
     0.0000      1.6326      0.0083
     0.0000      1.6326      0.0003
     0.0000      1.6326      0.0083
     0.0000      1.6326      0.0058
     0.0000      3.8513      0.0003
     0.0000      3.8513      0.0087
     0.0000      3.8513      0.0060
     0.0000      3.8513      0.0002
     0.0000      3.8513      0.0059
     0.0000      3.8513      0.0042
     0.0000      3.8513      0.0001
     0.0000      3.8513      0.0051
     0.0000      3.8513      0.0038
     0.0000     94.9241      0.0000
     0.0000     94.9241      0.0001
     0.0000     94.9241      0.0001
     0.0000     94.9241      0.0000
     0.0000     94.9241      0.0001
     0.0000     94.9241      0.0001
     0.0000     94.9241      0.0000
     0.0000     94.9241      0.0001
     0.0000     94.9241      0.0001
     0.0000     94.9241      0.0000
     0.0000     94.9241      0.0000
     0.0000     94.9241      0.0000
     0.0163      1.1080      0.0033
     0.0163      1.1080      0.0006
     0.0163      1.5987      0.0028
     0.0163      1.5987      0.0005
     0.0163      1.5987      0.0019
     0.0163      1.5987      0.0003
     0.0163      3.8156      0.0019
     0.0163      3.8156      0.0003
     0.0163      3.8156      0.0013
     0.0163      3.8156      0.0002
     0.0163      3.8156      0.0012
     0.0163      3.8156      0.0002
     0.0163     94.9405      0.0000
     0.0163     94.9405      0.0000
     0.0163     94.9405      0.0000
     0.0163     94.9405      0.0000
     0.0163     94.9405      0.0000
     0.0163     94.9405      0.0000
     0.0163     94.9405      0.0000
     0.0163     94.9405      0.0000
     0.0641      0.4866      0.0028
     0.0641      0.4866      0.0025
     0.0641      1.0501      0.0020
     0.0641      1.0501      0.0018
     0.0641      1.5459      0.0018
     0.0641      1.5459      0.0017
     0.0641      1.5459      0.0012
     0.0641      1.5459      0.0011
     0.0641      3.7593      0.0013
     0.0641      3.7593      0.0012
     0.0641      3.7593      0.0009
     0.0641      3.7593      0.0008
     0.0641      3.7593      0.0008
     0.0641      3.7593      0.0008
     0.0641     96.2052      0.0000
     0.0641     96.2052      0.0000
     0.0641     96.2052      0.0000
     0.0641     96.2052      0.0000
     0.0641     96.2052      0.0000
     0.0641     96.2052      0.0000
     0.0641     96.2052      0.0000
     0.0641     96.2052      0.0000
     0.0821      0.4783      0.0010
     0.0821      0.4783      0.0044
     0.0821      1.0329      0.0007
     0.0821      1.0329      0.0030
     0.0821      1.5138      0.0006
     0.0821      1.5138      0.0028
     0.0821      1.5138      0.0004
     0.0821      1.5138      0.0019
     0.0821      3.7253      0.0005
     0.0821      3.7253      0.0021
     0.0821      3.7253      0.0003
     0.0821      3.7253      0.0014
     0.0821      3.7253      0.0003
     0.0821      3.7253      0.0014
     0.0821     96.2232      0.0000
     0.0821     96.2232      0.0000
     0.0821     96.2232      0.0000
     0.0821     96.2232      0.0000
     0.0821     96.2232      0.0000
     0.0821     96.2232      0.0000
     0.0821     96.2232      0.0000
     0.0821     96.2232      0.0000
     0.1528      0.9803      0.0036
     0.1528      0.9803      0.0037
     0.1528      0.9803      0.0025
     0.1528      0.9803      0.0026
     0.1528      1.5091      0.0031
     0.1528      1.5091      0.0032
     0.1528      1.4840      0.0021
     0.1528      1.4840      0.0022
     0.1528      3.6398      0.0022
     0.1528      3.6398      0.0023
     0.1528      3.6398      0.0015
     0.1528      3.6398      0.0016
     0.1528      3.6398      0.0014
     0.1528      3.6398      0.0015
     0.1528     96.2939      0.0000
     0.1528     96.2939      0.0000
     0.1528     96.2939      0.0000
     0.1528     96.2939      0.0000
     0.1528     96.2939      0.0000
     0.1528     96.2939      0.0000
     0.1528     96.2939      0.0000
     0.1528     96.2939      0.0000
     0.1730      0.9653      0.0019
     0.1730      0.9653      0.0020
     0.1730      0.9653      0.0013
     0.1730      0.9653      0.0013
     0.1730      1.5042      0.0017
     0.1730      1.5042      0.0017
     0.1730      1.5042      0.0011
     0.1730      1.5042      0.0011
     0.1730      1.5042      0.0009
     0.1730      1.5042      0.0010
     0.1730      3.8162      0.0012
     0.1730      3.7641      0.0013
     0.1730      3.6080      0.0008
     0.1730      3.6080      0.0008
     0.1730      3.6080      0.0007
     0.1730      3.6080      0.0007
     0.1730     96.3141      0.0000
     0.1730     96.3141      0.0000
     0.1730     96.3141      0.0000
     0.1730     96.3141      0.0000
     0.1730     96.3141      0.0000
     0.1730     96.3141      0.0000
     0.1730     96.3141      0.0000
     0.1730     96.3141      0.0000
     0.3219      1.5024      0.0036
     0.3219      1.5024      0.0022
     0.3219      1.5024      0.0019
     0.3219      3.6528      0.0024
     0.3219      3.6528      0.0015
     0.3219     95.2460      0.0000
     0.3219     95.2460      0.0000
     0.3219     95.2460      0.0000
     0.3219     95.2460      0.0000
     0.3645      1.5449      0.0038
     0.3645      1.5449      0.0024
     0.3645      1.4947      0.0020
     0.3645      3.5913      0.0027
     0.3645      3.5913      0.0017
     0.3645     95.2886      0.0000
     0.3645     95.2886      0.0000
     0.3645     95.2886      0.0000
     0.3645     95.2886      0.0000
     0.4126      3.6394      0.0028
     0.4126      3.6394      0.0018
     0.4126      3.6394      0.0015
     0.4126     94.1198      0.0000
     0.4126     94.1198      0.0000
     0.4126     94.1198      0.0000
     0.4126     94.1198      0.0000
     0.5290      3.5476      0.0025
     0.5290      3.5476      0.0016
     0.5290      3.5476      0.0013
     0.5290     94.2361      0.0000
     0.5290     94.2361      0.0000
     0.5290     94.2361      0.0000
     0.5290     94.2361      0.0000
     0.0000      1.2101      0.0001
     0.0000      1.2101      0.0084
     0.0000      1.2101      0.0077
     0.0000      1.2101      0.0002
     0.0000      1.7261      0.0001
     0.0000      1.7261      0.0074
     0.0000      1.7261      0.0068
     0.0000      1.7261      0.0002
     0.0000      1.7261      0.0001
     0.0000      1.7261      0.0050
     0.0000      1.7261      0.0046
     0.0000      1.7261      0.0001
     0.0000      4.1271      0.0001
     0.0000      4.1271      0.0052
     0.0000      4.1271      0.0048
     0.0000      4.1271      0.0001
     0.0000      4.1271      0.0001
     0.0000      4.1271      0.0035
     0.0000      4.1271      0.0033
     0.0000      4.1271      0.0001
     0.0000      4.1271      0.0000
     0.0000      4.1271      0.0030
     0.0000      4.1271      0.0028
     0.0000      4.1271      0.0001
     0.0000    101.6518      0.0000
     0.0000    101.6518      0.0001
     0.0000    101.6518      0.0001
     0.0000    101.6518      0.0000
     0.0000    101.6518      0.0000
     0.0000    101.6518      0.0000
     0.0000    101.6518      0.0000
     0.0000    101.6518      0.0000
     0.0000    101.6518      0.0000
     0.0000    101.6518      0.0000
     0.0000    101.6518      0.0000
     0.0000    101.6518      0.0000
     0.0000    101.6518      0.0000
     0.0000    101.6518      0.0000
     0.0000    101.6518      0.0000
     0.0000    101.6518      0.0000
     0.0003      1.2104      0.0000
     0.0003      1.2104      0.0007
     0.0003      1.2104      0.0034
     0.0003      1.2104      0.0005
     0.0003      1.7265      0.0000
     0.0003      1.7265      0.0007
     0.0003      1.7265      0.0031
     0.0003      1.7265      0.0005
     0.0003      1.7265      0.0000
     0.0003      1.7265      0.0005
     0.0003      1.7265      0.0022
     0.0003      1.7265      0.0003
     0.0003      4.1275      0.0000
     0.0003      4.1275      0.0005
     0.0003      4.1275      0.0023
     0.0003      4.1275      0.0004
     0.0003      4.1275      0.0000
     0.0003      4.1275      0.0003
     0.0003      4.1275      0.0016
     0.0003      4.1275      0.0002
     0.0003      4.1275      0.0000
     0.0003      4.1275      0.0003
     0.0003      4.1275      0.0014
     0.0003      4.1275      0.0002
     0.0003    101.6521      0.0000
     0.0003    101.6521      0.0000
     0.0003    101.6521      0.0000
     0.0003    101.6521      0.0000
     0.0003    101.6521      0.0000
     0.0003    101.6521      0.0000
     0.0003    101.6521      0.0000
     0.0003    101.6521      0.0000
     0.0003    101.6521      0.0000
     0.0003    101.6521      0.0000
     0.0003    101.6521      0.0000
     0.0003    101.6521      0.0000
     0.0003    101.6521      0.0000
     0.0003    101.6521      0.0000
     0.0003    101.6521      0.0000
     0.0003    101.6521      0.0000
     0.0014      1.1928      0.0000
     0.0014      1.1928      0.0003
     0.0014      1.1928      0.0001
     0.0014      1.7275      0.0000
     0.0014      1.7275      0.0003
     0.0014      1.7275      0.0001
     0.0014      1.7275      0.0000
     0.0014      1.7275      0.0002
     0.0014      1.7275      0.0000
     0.0014      4.1285      0.0000
     0.0014      4.1285      0.0002
     0.0014      4.1285      0.0000
     0.0014      4.1285      0.0000
     0.0014      4.1285      0.0001
     0.0014      4.1285      0.0000
     0.0014      4.1285      0.0000
     0.0014      4.1285      0.0001
     0.0014      4.1285      0.0000
     0.0014    101.6531      0.0000
     0.0014    101.6531      0.0000
     0.0014    101.6531      0.0000
     0.0014    101.6531      0.0000
     0.0014    101.6531      0.0000
     0.0014    101.6531      0.0000
     0.0014    101.6531      0.0000
     0.0014    101.6531      0.0000
     0.0014    101.6531      0.0000
     0.0014    101.6531      0.0000
     0.0014    101.6531      0.0000
     0.0014    101.6531      0.0000
     0.0099      1.1828      0.0004
     0.0099      1.1828      0.0015
     0.0099      1.1828      0.0001
     0.0099      1.7095      0.0004
     0.0099      1.7095      0.0013
     0.0099      1.7095      0.0001
     0.0099      1.7095      0.0003
     0.0099      1.7095      0.0009
     0.0099      1.7095      0.0001
     0.0099      4.0820      0.0003
     0.0099      4.0820      0.0009
     0.0099      4.0820      0.0001
     0.0099      4.0820      0.0002
     0.0099      4.0820      0.0006
     0.0099      4.0820      0.0001
     0.0099      4.0820      0.0002
     0.0099      4.0820      0.0006
     0.0099      4.0820      0.0001
     0.0099    101.6617      0.0000
     0.0099    101.6617      0.0000
     0.0099    101.6617      0.0000
     0.0099    101.6617      0.0000
     0.0099    101.6617      0.0000
     0.0099    101.6617      0.0000
     0.0099    101.6617      0.0000
     0.0099    101.6617      0.0000
     0.0099    101.6617      0.0000
     0.0099    101.6617      0.0000
     0.0099    101.6617      0.0000
     0.0099    101.6617      0.0000
     0.0210      1.1752      0.0000
     0.0210      1.1752      0.0001
     0.0210      1.1752      0.0001
     0.0210      1.6940      0.0000
     0.0210      1.6940      0.0001
     0.0210      1.6940      0.0001
     0.0210      1.6940      0.0000
     0.0210      1.6940      0.0001
     0.0210      1.6940      0.0000
     0.0210      4.0930      0.0000
     0.0210      4.0930      0.0001
     0.0210      4.0930      0.0000
     0.0210      4.0930      0.0000
     0.0210      4.0930      0.0001
     0.0210      4.0930      0.0000
     0.0210      4.0930      0.0000
     0.0210      4.0930      0.0001
     0.0210      4.0930      0.0000
     0.0210    101.6727      0.0000
     0.0210    101.6727      0.0000
     0.0210    101.6727      0.0000
     0.0210    101.6727      0.0000
     0.0210    101.6727      0.0000
     0.0210    101.6727      0.0000
     0.0210    101.6727      0.0000
     0.0210    101.6727      0.0000
     0.0210    101.6727      0.0000
     0.0210    101.6727      0.0000
     0.0210    101.6727      0.0000
     0.0210    101.6727      0.0000
     0.0269      1.1625      0.0003
     0.0269      1.1625      0.0001
     0.0269      1.6999      0.0002
     0.0269      1.6999      0.0000
     0.0269      1.6999      0.0002
     0.0269      1.6999      0.0000
     0.0269      4.0439      0.0002
     0.0269      4.0439      0.0000
     0.0269      4.0439      0.0001
     0.0269      4.0439      0.0000
     0.0269      4.0439      0.0001
     0.0269      4.0439      0.0000
     0.0269    101.6786      0.0000
     0.0269    101.6786      0.0000
     0.0269    101.6786      0.0000
     0.0269    101.6786      0.0000
     0.0269    101.6786      0.0000
     0.0269    101.6786      0.0000
     0.0269    101.6786      0.0000
     0.0269    101.6786      0.0000
     0.0441      0.5375      0.0007
     0.0441      0.5375      0.0004
     0.0441      1.1425      0.0005
     0.0441      1.1425      0.0003
     0.0441      1.6641      0.0004
     0.0441      1.6641      0.0002
     0.0441      1.6641      0.0003
     0.0441      1.6641      0.0002
     0.0441      4.0062      0.0003
     0.0441      4.0062      0.0002
     0.0441      4.0062      0.0002
     0.0441      4.0062      0.0001
     0.0441      4.0062      0.0002
     0.0441      4.0062      0.0001
     0.0441    101.6959      0.0000
     0.0441    101.6959      0.0000
     0.0441    101.6959      0.0000
     0.0441    101.6959      0.0000
     0.0441    101.6959      0.0000
     0.0441    101.6959      0.0000
     0.0441    101.6959      0.0000
     0.0441    101.6959      0.0000
     0.0500      0.5247      0.0003
     0.0500      0.5247      0.0002
     0.0500      1.1297      0.0002
     0.0500      1.1297      0.0002
     0.0500      1.6433      0.0002
     0.0500      1.6433      0.0001
     0.0500      1.6433      0.0001
     0.0500      1.6433      0.0001
     0.0500      4.0120      0.0002
     0.0500      4.0120      0.0001
     0.0500      4.0120      0.0001
     0.0500      4.0120      0.0001
     0.0500      4.0120      0.0001
     0.0500      4.0120      0.0001
     0.0500    101.7017      0.0000
     0.0500    101.7017      0.0000
     0.0500    101.7017      0.0000
     0.0500    101.7017      0.0000
     0.0500    101.7017      0.0000
     0.0500    101.7017      0.0000
     0.0500    101.7017      0.0000
     0.0500    101.7017      0.0000
     0.0566      0.5220      0.0002
     0.0566      0.5220      0.0029
     0.0566      0.5220      0.0008
     0.0566      1.1177      0.0001
     0.0566      1.1177      0.0020
     0.0566      1.1177      0.0006
     0.0566      1.6499      0.0001
     0.0566      1.6499      0.0018
     0.0566      1.6499      0.0005
     0.0566      1.6499      0.0001
     0.0566      1.6499      0.0012
     0.0566      1.6499      0.0004
     0.0566      4.0186      0.0001
     0.0566      4.0186      0.0013
     0.0566      4.0186      0.0004
     0.0566      4.0186      0.0001
     0.0566      4.0186      0.0009
     0.0566      4.0186      0.0003
     0.0566      4.0186      0.0001
     0.0566      4.0186      0.0008
     0.0566      4.0186      0.0002
     0.0566    101.7083      0.0000
     0.0566    101.7083      0.0000
     0.0566    101.7083      0.0000
     0.0566    101.7083      0.0000
     0.0566    101.7083      0.0000
     0.0566    101.7083      0.0000
     0.0566    101.7083      0.0000
     0.0566    101.7083      0.0000
     0.0566    101.7083      0.0000
     0.0566    101.7083      0.0000
     0.0566    101.7083      0.0000
     0.0566    101.7083      0.0000
     0.0641      0.5202      0.0017
     0.0641      0.5202      0.0007
     0.0641      1.1066      0.0011
     0.0641      1.1066      0.0004
     0.0641      1.6309      0.0010
     0.0641      1.6309      0.0004
     0.0641      1.6309      0.0006
     0.0641      1.6309      0.0003
     0.0641      3.9711      0.0007
     0.0641      3.9711      0.0003
     0.0641      3.9711      0.0005
     0.0641      3.9711      0.0002
     0.0641      3.9711      0.0004
     0.0641      3.9711      0.0002
     0.0641    101.7158      0.0000
     0.0641    101.7158      0.0000
     0.0641    101.7158      0.0000
     0.0641    101.7158      0.0000
     0.0641    101.7158      0.0000
     0.0641    101.7158      0.0000
     0.0641    101.7158      0.0000
     0.0641    101.7158      0.0000
     0.0821      0.5103      0.0002
     0.0821      0.5103      0.0002
     0.0821      1.0874      0.0002
     0.0821      1.0874      0.0001
     0.0821      1.6224      0.0001
     0.0821      1.6224      0.0001
     0.0821      1.6224      0.0001
     0.0821      1.6224      0.0001
     0.0821      3.9341      0.0001
     0.0821      3.9341      0.0001
     0.0821      3.9341      0.0001
     0.0821      3.9341      0.0001
     0.0821      3.9341      0.0001
     0.0821      3.9341      0.0001
     0.0821    100.4472      0.0000
     0.0821    100.4472      0.0000
     0.0821    100.4472      0.0000
     0.0821    100.4472      0.0000
     0.0821    100.4472      0.0000
     0.0821    100.4472      0.0000
     0.0821    100.4472      0.0000
     0.0821    100.4472      0.0000
     0.1053      0.5055      0.0000
     0.1053      0.5055      0.0040
     0.1053      0.5055      0.0015
     0.1053      1.0733      0.0000
     0.1053      1.0733      0.0027
     0.1053      1.0733      0.0010
     0.1053      1.0733      0.0000
     0.1053      1.0733      0.0018
     0.1053      1.0733      0.0007
     0.1053      1.5924      0.0000
     0.1053      1.5924      0.0024
     0.1053      1.5924      0.0009
     0.1053      1.5924      0.0000
     0.1053      1.5924      0.0016
     0.1053      1.5924      0.0006
     0.1053      4.0123      0.0000
     0.1053      4.0123      0.0017
     0.1053      4.0123      0.0007
     0.1053      4.0123      0.0000
     0.1053      4.0123      0.0012
     0.1053      4.0123      0.0004
     0.1053      3.9022      0.0000
     0.1053      3.9022      0.0011
     0.1053      3.9022      0.0004
     0.1053    100.4703      0.0000
     0.1053    100.4703      0.0000
     0.1053    100.4703      0.0000
     0.1053    100.4703      0.0000
     0.1053    100.4703      0.0000
     0.1053    100.4703      0.0000
     0.1053    100.4703      0.0000
     0.1053    100.4703      0.0000
     0.1053    100.4703      0.0000
     0.1053    100.4703      0.0000
     0.1053    100.4703      0.0000
     0.1053    100.4703      0.0000
     0.1192      0.5008      0.0013
     0.1192      0.5008      0.0014
     0.1192      1.0686      0.0009
     0.1192      1.0686      0.0009
     0.1192      1.0686      0.0006
     0.1192      1.0686      0.0006
     0.1192      1.5798      0.0007
     0.1192      1.5798      0.0008
     0.1192      1.5798      0.0005
     0.1192      1.5798      0.0005
     0.1192      4.0262      0.0005
     0.1192      4.0262      0.0006
     0.1192      4.0262      0.0003
     0.1192      4.0262      0.0004
     0.1192      4.0262      0.0003
     0.1192      4.0262      0.0004
     0.1192    100.4842      0.0000
     0.1192    100.4842      0.0000
     0.1192    100.4842      0.0000
     0.1192    100.4842      0.0000
     0.1192    100.4842      0.0000
     0.1192    100.4842      0.0000
     0.1192    100.4842      0.0000
     0.1192    100.4842      0.0000
     0.1350      1.0472      0.0012
     0.1350      1.0472      0.0008
     0.1350      1.0472      0.0000
     0.1350      1.0472      0.0008
     0.1350      1.0472      0.0005
     0.1350      1.0472      0.0000
     0.1350      1.5955      0.0010
     0.1350      1.5955      0.0007
     0.1350      1.5955      0.0000
     0.1350      1.5690      0.0007
     0.1350      1.5690      0.0005
     0.1350      1.5690      0.0000
     0.1350      3.9869      0.0007
     0.1350      3.9869      0.0005
     0.1350      3.9869      0.0000
     0.1350      3.9869      0.0005
     0.1350      3.9869      0.0004
     0.1350      3.9869      0.0000
     0.1350      3.9869      0.0004
     0.1350      3.9869      0.0003
     0.1350      3.9869      0.0000
     0.1350    100.5000      0.0000
     0.1350    100.5000      0.0000
     0.1350    100.5000      0.0000
     0.1350    100.5000      0.0000
     0.1350    100.5000      0.0000
     0.1350    100.5000      0.0000
     0.1350    100.5000      0.0000
     0.1350    100.5000      0.0000
     0.1350    100.5000      0.0000
     0.1350    100.5000      0.0000
     0.1350    100.5000      0.0000
     0.1350    100.5000      0.0000
     0.1528      1.0464      0.0003
     0.1528      1.0464      0.0005
     0.1528      1.0464      0.0000
     0.1528      1.0464      0.0002
     0.1528      1.0464      0.0004
     0.1528      1.0464      0.0000
     0.1528      1.6134      0.0003
     0.1528      1.6134      0.0005
     0.1528      1.6134      0.0000
     0.1528      1.6134      0.0002
     0.1528      1.6134      0.0003
     0.1528      1.6134      0.0000
     0.1528      1.6134      0.0000
     0.1528      3.9498      0.0002
     0.1528      3.9498      0.0004
     0.1528      3.9498      0.0000
     0.1528      3.9498      0.0002
     0.1528      3.9498      0.0003
     0.1528      3.9498      0.0000
     0.1528      3.9498      0.0001
     0.1528      3.9498      0.0002
     0.1528      3.9498      0.0000
     0.1528    100.5178      0.0000
     0.1528    100.5178      0.0000
     0.1528    100.5178      0.0000
     0.1528    100.5178      0.0000
     0.1528    100.5178      0.0000
     0.1528    100.5178      0.0000
     0.1528    100.5178      0.0000
     0.1528    100.5178      0.0000
     0.1528    100.5178      0.0000
     0.1528    100.5178      0.0000
     0.1528    100.5178      0.0000
     0.1528    100.5178      0.0000
     0.1959      1.0336      0.0000
     0.1959      1.0336      0.0021
     0.1959      1.0336      0.0032
     0.1959      1.0336      0.0001
     0.1959      1.0336      0.0000
     0.1959      1.0336      0.0014
     0.1959      1.0336      0.0022
     0.1959      1.0336      0.0001
     0.1959      1.6033      0.0000
     0.1959      1.6033      0.0019
     0.1959      1.6033      0.0028
     0.1959      1.6033      0.0001
     0.1959      1.6033      0.0000
     0.1959      1.6033      0.0013
     0.1959      1.6033      0.0019
     0.1959      1.6033      0.0001
     0.1959      1.6033      0.0000
     0.1959      1.6033      0.0011
     0.1959      1.6033      0.0017
     0.1959      1.6033      0.0001
     0.1959      4.0479      0.0000
     0.1959      4.0479      0.0014
     0.1959      4.0479      0.0021
     0.1959      3.9928      0.0001
     0.1959      4.0479      0.0000
     0.1959      4.0479      0.0009
     0.1959      4.0479      0.0014
     0.1959      3.9928      0.0000
     0.1959      4.0479      0.0000
     0.1959      4.0479      0.0008
     0.1959      4.0479      0.0013
     0.1959      3.9928      0.0000
     0.1959    100.5609      0.0000
     0.1959    100.5609      0.0000
     0.1959    100.5609      0.0000
     0.1959    100.5609      0.0000
     0.1959    100.5609      0.0000
     0.1959    100.5609      0.0000
     0.1959    100.5609      0.0000
     0.1959    100.5609      0.0000
     0.1959    100.5609      0.0000
     0.1959    100.5609      0.0000
     0.1959    100.5609      0.0000
     0.1959    100.5609      0.0000
     0.1959    100.5609      0.0000
     0.1959    100.5609      0.0000
     0.1959    100.5609      0.0000
     0.1959    100.5609      0.0000
     0.2218      1.0409      0.0016
     0.2218      1.0409      0.0013
     0.2218      1.0409      0.0002
     0.2218      1.0223      0.0011
     0.2218      1.0223      0.0009
     0.2218      1.0223      0.0001
     0.2218      1.6027      0.0013
     0.2218      1.6027      0.0012
     0.2218      1.6027      0.0002
     0.2218      1.6027      0.0009
     0.2218      1.6027      0.0008
     0.2218      1.6027      0.0001
     0.2218      1.6027      0.0008
     0.2218      1.6027      0.0007
     0.2218      1.6027      0.0001
     0.2218      3.9637      0.0009
     0.2218      3.9637      0.0008
     0.2218      3.9637      0.0001
     0.2218      3.9637      0.0006
     0.2218      3.9637      0.0006
     0.2218      3.9637      0.0001
     0.2218      3.9637      0.0006
     0.2218      3.9637      0.0005
     0.2218      3.9637      0.0001
     0.2218    100.5868      0.0000
     0.2218    100.5868      0.0000
     0.2218    100.5868      0.0000
     0.2218    100.5868      0.0000
     0.2218    100.5868      0.0000
     0.2218    100.5868      0.0000
     0.2218    100.5868      0.0000
     0.2218    100.5868      0.0000
     0.2218    100.5868      0.0000
     0.2218    100.5868      0.0000
     0.2218    100.5868      0.0000
     0.2218    100.5868      0.0000
     0.2511      1.0516      0.0006
     0.2511      1.0516      0.0010
     0.2511      1.0516      0.0007
     0.2511      1.0516      0.0004
     0.2511      1.0516      0.0007
     0.2511      1.0516      0.0005
     0.2511      1.0516      0.0003
     0.2511      1.0516      0.0006
     0.2511      1.0516      0.0004
     0.2511      1.6055      0.0005
     0.2511      1.6055      0.0008
     0.2511      1.6055      0.0006
     0.2511      1.6055      0.0004
     0.2511      1.6055      0.0006
     0.2511      1.6055      0.0004
     0.2511      1.6055      0.0003
     0.2511      1.6055      0.0005
     0.2511      1.6055      0.0004
     0.2511      3.9930      0.0004
     0.2511      3.9930      0.0006
     0.2511      3.9930      0.0004
     0.2511      3.9380      0.0003
     0.2511      3.9380      0.0004
     0.2511      3.8830      0.0003
     0.2511      3.9380      0.0002
     0.2511      3.9380      0.0004
     0.2511      3.8830      0.0003
     0.2511    100.6161      0.0000
     0.2511    100.6161      0.0000
     0.2511    100.6161      0.0000
     0.2511    100.6161      0.0000
     0.2511    100.6161      0.0000
     0.2511    100.6161      0.0000
     0.2511    100.6161      0.0000
     0.2511    100.6161      0.0000
     0.2511    100.6161      0.0000
     0.2511    100.6161      0.0000
     0.2511    100.6161      0.0000
     0.2511    100.6161      0.0000
     0.3645      1.6126      0.0003
     0.3645      1.6126      0.0015
     0.3645      1.6126      0.0016
     0.3645      1.6126      0.0002
     0.3645      1.6126      0.0009
     0.3645      1.6126      0.0010
     0.3645      1.6126      0.0002
     0.3645      1.6126      0.0008
     0.3645      1.6126      0.0008
     0.3645      3.9413      0.0002
     0.3645      3.8863      0.0010
     0.3645      3.8863      0.0011
     0.3645      3.9413      0.0002
     0.3645      3.8863      0.0007
     0.3645      3.8863      0.0007
     0.3645      3.9413      0.0001
     0.3645      3.8863      0.0006
     0.3645      3.8863      0.0006
     0.3645     99.4428      0.0000
     0.3645     99.4428      0.0000
     0.3645     99.4428      0.0000
     0.3645     99.4428      0.0000
     0.3645     99.4428      0.0000
     0.3645     99.4428      0.0000
     0.3645     99.4428      0.0000
     0.3645     99.4428      0.0000
     0.3645     99.4428      0.0000
     0.3645     99.4428      0.0000
     0.3645     99.4428      0.0000
     0.3645     99.4428      0.0000
     0.4126      3.8244      0.0004
     0.4126      3.8244      0.0019
     0.4126      3.8244      0.0002
     0.4126      3.8244      0.0012
     0.4126      3.8244      0.0002
     0.4126      3.8244      0.0010
     0.4126     99.4909      0.0000
     0.4126     99.4909      0.0000
     0.4126     99.4909      0.0000
     0.4126     99.4909      0.0000
     0.4126     99.4909      0.0000
     0.4126     99.4909      0.0000
     0.4126     99.4909      0.0000
     0.4126     99.4909      0.0000
     0.4672      3.8790      0.0001
     0.4672      3.8790      0.0009
     0.4672      3.8790      0.0001
     0.4672      3.8790      0.0006
     0.4672      3.8790      0.0001
     0.4672      3.8790      0.0005
     0.4672     98.2588      0.0000
     0.4672     98.2588      0.0000
     0.4672     98.2588      0.0000
     0.4672     98.2588      0.0000
     0.4672     98.2588      0.0000
     0.4672     98.2588      0.0000
     0.4672     98.2588      0.0000
     0.4672     98.2588      0.0000
     0.5290      3.8857      0.0002
     0.5290      3.8857      0.0009
     0.5290      3.8857      0.0001
     0.5290      3.8857      0.0006
     0.5290      3.8857      0.0001
     0.5290      3.8857      0.0005
     0.5290    100.8940      0.0000
     0.5290    100.8940      0.0000
     0.5290    100.8940      0.0000
     0.5290    100.8940      0.0000
     0.5290    100.8940      0.0000
     0.5290    100.8940      0.0000
     0.5290    100.8940      0.0000
     0.5290    100.8940      0.0000
     0.5989      3.7906      0.0014
     0.5989      3.7906      0.0009
     0.5989      3.7906      0.0007
     0.5989     99.6772      0.0000
     0.5989     99.6772      0.0000
     0.5989     99.6772      0.0000
     0.5989     99.6772      0.0000
     0.7678      3.9594      0.0002
     0.7678      3.9594      0.0001
     0.7678      3.9594      0.0001
     0.7678     98.5593      0.0000
     0.7678     98.5593      0.0000
     0.7678     98.5593      0.0000
     0.7678     98.5593      0.0000
     0.8693      3.8408      0.0001
     0.8693      3.8408      0.0001
     0.8693      3.8408      0.0001
     0.8693      3.8408      0.0000
     0.8693     98.6609      0.0000
     0.8693     98.6609      0.0000
     0.8693     98.6609      0.0000
     0.8693     98.6609      0.0000
     2.0734     94.7180      0.0000
     2.0734     97.2915      0.0000
     2.0734     97.2915      0.0000
     2.0734     94.7180      0.0000
     2.3475     96.2789      0.0000
     2.3475     96.2789      0.0000
     2.3475     96.2789      0.0000
     2.3475     96.2789      0.0000
     3.4072     93.4784      0.0005
     3.4072     93.4784      0.0003
     3.4072     93.4784      0.0003
     3.4072     93.4784      0.0002
     4.9452     88.5828      0.0000
     4.9452     88.5828      0.0000
     4.9452     88.5828      0.0000
     4.9452     88.5828      0.0000
     4.9452     74.4287      0.0000
     0.0000      1.2587      0.0000
     0.0000      1.2587      0.0072
     0.0000      1.2587      0.0109
     0.0000      1.2587      0.0008
     0.0000      1.7954      0.0000
     0.0000      1.7954      0.0064
     0.0000      1.7954      0.0097
     0.0000      1.7954      0.0007
     0.0000      1.7954      0.0000
     0.0000      1.7954      0.0043
     0.0000      1.7954      0.0066
     0.0000      1.7954      0.0005
     0.0000      4.2928      0.0000
     0.0000      4.2928      0.0045
     0.0000      4.2928      0.0068
     0.0000      4.2928      0.0005
     0.0000      4.2928      0.0000
     0.0000      4.2928      0.0030
     0.0000      4.2356      0.0046
     0.0000      4.2356      0.0004
     0.0000      4.2356      0.0000
     0.0000      4.2356      0.0026
     0.0000      4.2356      0.0041
     0.0000      4.2356      0.0003
     0.0000    104.3939      0.0000
     0.0000    104.3939      0.0001
     0.0000    104.3939      0.0001
     0.0000    104.3939      0.0000
     0.0000    104.3939      0.0000
     0.0000    104.3939      0.0000
     0.0000    104.3939      0.0001
     0.0000    104.3939      0.0000
     0.0000    104.3939      0.0000
     0.0000    104.3939      0.0000
     0.0000    104.3939      0.0001
     0.0000    104.3939      0.0000
     0.0000    104.3939      0.0000
     0.0000    104.3939      0.0000
     0.0000    104.3939      0.0000
     0.0000    104.3939      0.0000
     0.0003      1.2590      0.0002
     0.0003      1.2590      0.0012
     0.0003      1.2590      0.0003
     0.0003      1.7957      0.0002
     0.0003      1.7957      0.0011
     0.0003      1.7957      0.0003
     0.0003      1.7957      0.0001
     0.0003      1.7957      0.0007
     0.0003      1.7957      0.0002
     0.0003      4.2931      0.0001
     0.0003      4.2931      0.0007
     0.0003      4.2931      0.0002
     0.0003      4.2931      0.0001
     0.0003      4.2359      0.0005
     0.0003      4.2359      0.0001
     0.0003      4.2359      0.0001
     0.0003      4.2359      0.0005
     0.0003      4.2359      0.0001
     0.0003    104.3942      0.0000
     0.0003    104.3942      0.0000
     0.0003    104.3942      0.0000
     0.0003    104.3942      0.0000
     0.0003    104.3942      0.0000
     0.0003    104.3942      0.0000
     0.0003    104.3942      0.0000
     0.0003    104.3942      0.0000
     0.0003    104.3942      0.0000
     0.0003    104.3942      0.0000
     0.0003    104.3942      0.0000
     0.0003    104.3942      0.0000
     0.0061      1.2453      0.0000
     0.0061      1.2453      0.0002
     0.0061      1.2453      0.0001
     0.0061      1.8015      0.0000
     0.0061      1.8015      0.0002
     0.0061      1.8015      0.0001
     0.0061      1.8015      0.0000
     0.0061      1.8015      0.0002
     0.0061      1.8015      0.0001
     0.0061      4.2988      0.0000
     0.0061      4.2416      0.0002
     0.0061      4.2416      0.0001
     0.0061      4.2988      0.0000
     0.0061      4.2416      0.0001
     0.0061      4.2416      0.0001
     0.0061      4.2988      0.0000
     0.0061      4.2416      0.0001
     0.0061      4.2416      0.0001
     0.0061    104.4000      0.0000
     0.0061    104.4000      0.0000
     0.0061    104.4000      0.0000
     0.0061    104.4000      0.0000
     0.0061    104.4000      0.0000
     0.0061    104.4000      0.0000
     0.0061    104.4000      0.0000
     0.0061    104.4000      0.0000
     0.0061    104.4000      0.0000
     0.0061    104.4000      0.0000
     0.0061    104.4000      0.0000
     0.0061    104.4000      0.0000
     0.0069      1.2461      0.0000
     0.0069      1.2461      0.0001
     0.0069      1.2461      0.0003
     0.0069      1.8023      0.0000
     0.0069      1.8023      0.0001
     0.0069      1.8023      0.0002
     0.0069      1.8023      0.0000
     0.0069      1.8023      0.0001
     0.0069      1.8023      0.0002
     0.0069      4.2424      0.0000
     0.0069      4.2424      0.0001
     0.0069      4.2424      0.0002
     0.0069      4.2424      0.0000
     0.0069      4.2424      0.0000
     0.0069      4.2424      0.0001
     0.0069      4.2424      0.0000
     0.0069      4.2424      0.0000
     0.0069      4.2424      0.0001
     0.0069    104.4008      0.0000
     0.0069    104.4008      0.0000
     0.0069    104.4008      0.0000
     0.0069    104.4008      0.0000
     0.0069    104.4008      0.0000
     0.0069    104.4008      0.0000
     0.0069    104.4008      0.0000
     0.0069    104.4008      0.0000
     0.0069    104.4008      0.0000
     0.0069    104.4008      0.0000
     0.0069    104.4008      0.0000
     0.0069    104.4008      0.0000
     0.0099      1.2299      0.0000
     0.0099      1.2299      0.0001
     0.0099      1.7778      0.0000
     0.0099      1.7778      0.0001
     0.0099      1.7778      0.0000
     0.0099      1.7778      0.0001
     0.0099      4.2455      0.0000
     0.0099      4.2455      0.0001
     0.0099      4.2455      0.0000
     0.0099      4.2455      0.0001
     0.0099      4.2455      0.0000
     0.0099      4.2455      0.0001
     0.0099    104.4039      0.0000
     0.0099    104.4039      0.0000
     0.0099    104.4039      0.0000
     0.0099    104.4039      0.0000
     0.0099    104.4039      0.0000
     0.0099    104.4039      0.0000
     0.0099    104.4039      0.0000
     0.0099    104.4039      0.0000
     0.0390      0.5618      0.0000
     0.0390      0.5618      0.0002
     0.0390      0.5618      0.0012
     0.0390      0.5618      0.0003
     0.0390      0.5618      0.0000
     0.0390      1.2008      0.0000
     0.0390      1.2008      0.0002
     0.0390      1.2008      0.0008
     0.0390      1.2008      0.0002
     0.0390      1.2008      0.0000
     0.0390      1.7515      0.0000
     0.0390      1.7515      0.0001
     0.0390      1.7515      0.0008
     0.0390      1.7515      0.0002
     0.0390      1.7515      0.0000
     0.0390      1.7515      0.0000
     0.0390      1.7515      0.0001
     0.0390      1.7515      0.0005
     0.0390      1.7515      0.0001
     0.0390      1.7515      0.0000
     0.0390      4.2745      0.0000
     0.0390      4.2745      0.0001
     0.0390      4.2745      0.0005
     0.0390      4.2745      0.0001
     0.0390      4.2745      0.0000
     0.0390      4.2173      0.0000
     0.0390      4.2173      0.0001
     0.0390      4.2173      0.0004
     0.0390      4.2173      0.0001
     0.0390      4.1601      0.0000
     0.0390      4.2173      0.0000
     0.0390      4.2173      0.0001
     0.0390      4.2173      0.0003
     0.0390      4.2173      0.0001
     0.0390      4.1601      0.0000
     0.0390    104.4329      0.0000
     0.0390    104.4329      0.0000
     0.0390    104.4329      0.0000
     0.0390    104.4329      0.0000
     0.0390    104.4329      0.0000
     0.0390    104.4329      0.0000
     0.0390    104.4329      0.0000
     0.0390    104.4329      0.0000
     0.0390    104.4329      0.0000
     0.0390    104.4329      0.0000
     0.0390    104.4329      0.0000
     0.0390    104.4329      0.0000
     0.0390    104.4329      0.0000
     0.0390    104.4329      0.0000
     0.0390    104.4329      0.0000
     0.0390    104.4329      0.0000
     0.0390    104.4329      0.0000
     0.0390    104.4329      0.0000
     0.0390    104.4329      0.0000
     0.0390    104.4329      0.0000
     0.0441      0.5573      0.0008
     0.0441      0.5573      0.0029
     0.0441      0.5573      0.0006
     0.0441      0.5573      0.0000
     0.0441      1.1866      0.0006
     0.0441      1.1866      0.0020
     0.0441      1.1866      0.0004
     0.0441      1.1866      0.0000
     0.0441      1.7291      0.0005
     0.0441      1.7291      0.0017
     0.0441      1.7291      0.0004
     0.0441      1.7291      0.0000
     0.0441      1.7291      0.0003
     0.0441      1.7291      0.0011
     0.0441      1.7291      0.0002
     0.0441      1.7291      0.0000
     0.0441      4.2797      0.0003
     0.0441      4.2225      0.0012
     0.0441      4.2225      0.0002
     0.0441      4.2225      0.0000
     0.0441      4.1652      0.0002
     0.0441      4.1652      0.0008
     0.0441      4.1652      0.0002
     0.0441      4.1652      0.0000
     0.0441      4.1652      0.0002
     0.0441      4.1652      0.0007
     0.0441      4.1652      0.0002
     0.0441      4.1652      0.0000
     0.0441    104.4381      0.0000
     0.0441    104.4381      0.0000
     0.0441    104.4381      0.0000
     0.0441    104.4381      0.0000
     0.0441    104.4381      0.0000
     0.0441    104.4381      0.0000
     0.0441    104.4381      0.0000
     0.0441    104.4381      0.0000
     0.0441    104.4381      0.0000
     0.0441    104.4381      0.0000
     0.0441    104.4381      0.0000
     0.0441    104.4381      0.0000
     0.0441    104.4381      0.0000
     0.0441    104.4381      0.0000
     0.0441    104.4381      0.0000
     0.0441    104.4381      0.0000
     0.0566      0.5504      0.0000
     0.0566      0.5504      0.0004
     0.0566      0.5504      0.0002
     0.0566      0.5504      0.0000
     0.0566      1.1797      0.0000
     0.0566      1.1797      0.0002
     0.0566      1.1797      0.0002
     0.0566      1.1797      0.0000
     0.0566      1.7139      0.0000
     0.0566      1.7139      0.0002
     0.0566      1.7139      0.0002
     0.0566      1.7139      0.0000
     0.0566      1.7139      0.0000
     0.0566      1.7139      0.0002
     0.0566      1.7139      0.0001
     0.0566      1.7139      0.0000
     0.0566      4.2921      0.0000
     0.0566      4.2921      0.0002
     0.0566      4.2921      0.0001
     0.0566      4.2921      0.0000
     0.0566      4.2349      0.0000
     0.0566      4.2349      0.0001
     0.0566      4.2349      0.0001
     0.0566      4.2349      0.0000
     0.0566      4.2349      0.0000
     0.0566      4.2349      0.0001
     0.0566      4.2349      0.0001
     0.0566      4.2349      0.0000
     0.0566    104.4505      0.0000
     0.0566    104.4505      0.0000
     0.0566    104.4505      0.0000
     0.0566    104.4505      0.0000
     0.0566    104.4505      0.0000
     0.0566    104.4505      0.0000
     0.0566    104.4505      0.0000
     0.0566    104.4505      0.0000
     0.0566    104.4505      0.0000
     0.0566    104.4505      0.0000
     0.0566    104.4505      0.0000
     0.0566    104.4505      0.0000
     0.0566    104.4505      0.0000
     0.0566    104.4505      0.0000
     0.0566    104.4505      0.0000
     0.0566    104.4505      0.0000
     0.0641      0.5385      0.0000
     0.0641      0.5385      0.0003
     0.0641      0.5385      0.0015
     0.0641      0.5385      0.0004
     0.0641      1.1678      0.0000
     0.0641      1.1678      0.0002
     0.0641      1.1678      0.0010
     0.0641      1.1678      0.0003
     0.0641      1.7214      0.0000
     0.0641      1.7214      0.0002
     0.0641      1.7214      0.0009
     0.0641      1.7214      0.0002
     0.0641      1.7214      0.0000
     0.0641      1.7214      0.0001
     0.0641      1.7214      0.0006
     0.0641      1.7214      0.0002
     0.0641      4.2996      0.0000
     0.0641      4.2996      0.0002
     0.0641      4.2996      0.0007
     0.0641      4.2996      0.0002
     0.0641      4.2996      0.0000
     0.0641      4.2996      0.0001
     0.0641      4.2996      0.0004
     0.0641      4.2996      0.0001
     0.0641      4.2996      0.0000
     0.0641      4.2996      0.0001
     0.0641      4.1851      0.0004
     0.0641      4.1851      0.0001
     0.0641    104.4580      0.0000
     0.0641    104.4580      0.0000
     0.0641    104.4580      0.0000
     0.0641    104.4580      0.0000
     0.0641    104.4580      0.0000
     0.0641    104.4580      0.0000
     0.0641    104.4580      0.0000
     0.0641    104.4580      0.0000
     0.0641    104.4580      0.0000
     0.0641    104.4580      0.0000
     0.0641    104.4580      0.0000
     0.0641    104.4580      0.0000
     0.0641    104.4580      0.0000
     0.0641    104.4580      0.0000
     0.0641    104.4580      0.0000
     0.0641    104.4580      0.0000
     0.0725      0.5373      0.0000
     0.0725      0.5373      0.0003
     0.0725      0.5373      0.0002
     0.0725      1.1569      0.0000
     0.0725      1.1569      0.0002
     0.0725      1.1569      0.0001
     0.0725      1.7022      0.0000
     0.0725      1.7022      0.0002
     0.0725      1.7022      0.0001
     0.0725      1.7022      0.0000
     0.0725      1.7022      0.0001
     0.0725      1.7022      0.0001
     0.0725      4.2509      0.0000
     0.0725      4.2509      0.0001
     0.0725      4.2509      0.0001
     0.0725      4.2509      0.0000
     0.0725      4.2509      0.0001
     0.0725      4.2509      0.0001
     0.0725      4.2509      0.0000
     0.0725      4.2509      0.0001
     0.0725      4.2509      0.0001
     0.0725    104.4665      0.0000
     0.0725    104.4665      0.0000
     0.0725    104.4665      0.0000
     0.0725    104.4665      0.0000
     0.0725    104.4665      0.0000
     0.0725    104.4665      0.0000
     0.0725    104.4665      0.0000
     0.0725    104.4665      0.0000
     0.0725    104.4665      0.0000
     0.0725    104.4665      0.0000
     0.0725    104.4665      0.0000
     0.0725    104.4665      0.0000
     0.0930      0.5287      0.0003
     0.0930      0.5287      0.0027
     0.0930      0.5287      0.0014
     0.0930      0.5287      0.0000
     0.0930      1.1386      0.0002
     0.0930      1.1386      0.0018
     0.0930      1.1386      0.0010
     0.0930      1.1386      0.0000
     0.0930      1.1386      0.0001
     0.0930      1.1386      0.0012
     0.0930      1.1386      0.0007
     0.0930      1.1386      0.0000
     0.0930      1.6674      0.0002
     0.0930      1.6674      0.0016
     0.0930      1.6674      0.0009
     0.0930      1.6674      0.0000
     0.0930      1.6674      0.0001
     0.0930      1.6674      0.0011
     0.0930      1.6674      0.0006
     0.0930      1.6674      0.0000
     0.0930      4.2141      0.0001
     0.0930      4.2141      0.0012
     0.0930      4.2141      0.0006
     0.0930      4.2141      0.0000
     0.0930      4.2141      0.0001
     0.0930      4.2141      0.0008
     0.0930      4.2141      0.0004
     0.0930      4.2141      0.0000
     0.0930      4.2141      0.0001
     0.0930      4.2141      0.0007
     0.0930      4.2141      0.0004
     0.0930      4.2141      0.0000
     0.0930    104.4869      0.0000
     0.0930    104.4869      0.0000
     0.0930    104.4869      0.0000
     0.0930    104.4869      0.0000
     0.0930    104.4869      0.0000
     0.0930    104.4869      0.0000
     0.0930    104.4869      0.0000
     0.0930    104.4869      0.0000
     0.0930    104.4869      0.0000
     0.0930    104.4869      0.0000
     0.0930    104.4869      0.0000
     0.0930    104.4869      0.0000
     0.0930    104.4869      0.0000
     0.0930    104.4869      0.0000
     0.0930    104.4869      0.0000
     0.0930    104.4869      0.0000
     0.1053      0.5216      0.0002
     0.1053      0.5216      0.0016
     0.1053      0.5216      0.0007
     0.1053      0.5216      0.0000
     0.1053      1.1316      0.0002
     0.1053      1.1316      0.0011
     0.1053      1.1316      0.0005
     0.1053      1.1316      0.0000
     0.1053      1.1316      0.0001
     0.1053      1.1316      0.0007
     0.1053      1.1316      0.0003
     0.1053      1.1316      0.0000
     0.1053      1.6797      0.0001
     0.1053      1.6797      0.0010
     0.1053      1.6797      0.0005
     0.1053      1.6797      0.0000
     0.1053      1.6521      0.0001
     0.1053      1.6521      0.0007
     0.1053      1.6521      0.0003
     0.1053      1.6521      0.0000
     0.1053      4.1691      0.0001
     0.1053      4.1691      0.0007
     0.1053      4.1691      0.0003
     0.1053      4.1691      0.0000
     0.1053      4.1691      0.0001
     0.1053      4.1691      0.0005
     0.1053      4.1691      0.0002
     0.1053      4.1691      0.0000
     0.1053      4.1691      0.0001
     0.1053      4.1691      0.0005
     0.1053      4.1691      0.0002
     0.1053      4.1691      0.0000
     0.1053    104.4992      0.0000
     0.1053    104.4992      0.0000
     0.1053    104.4992      0.0000
     0.1053    104.4992      0.0000
     0.1053    104.4992      0.0000
     0.1053    104.4992      0.0000
     0.1053    104.4992      0.0000
     0.1053    104.4992      0.0000
     0.1053    104.4992      0.0000
     0.1053    104.4992      0.0000
     0.1053    104.4992      0.0000
     0.1053    104.4992      0.0000
     0.1053    104.4992      0.0000
     0.1053    104.4992      0.0000
     0.1053    104.4992      0.0000
     0.1053    104.4992      0.0000
     0.1192      0.5258      0.0000
     0.1192      0.5258      0.0012
     0.1192      0.5258      0.0016
     0.1192      0.5258      0.0000
     0.1192      1.1068      0.0000
     0.1192      1.1068      0.0008
     0.1192      1.1068      0.0011
     0.1192      1.1068      0.0000
     0.1192      1.1068      0.0000
     0.1192      1.1068      0.0006
     0.1192      1.1068      0.0007
     0.1192      1.1068      0.0000
     0.1192      1.6384      0.0000
     0.1192      1.6384      0.0007
     0.1192      1.6384      0.0009
     0.1192      1.6384      0.0000
     0.1192      1.6384      0.0000
     0.1192      1.6384      0.0005
     0.1192      1.6384      0.0006
     0.1192      1.6384      0.0000
     0.1192      4.1830      0.0000
     0.1192      4.1830      0.0005
     0.1192      4.1830      0.0006
     0.1192      4.1258      0.0000
     0.1192      4.1830      0.0000
     0.1192      4.1830      0.0003
     0.1192      4.1830      0.0004
     0.1192      4.1258      0.0000
     0.1192      4.1830      0.0000
     0.1192      4.1830      0.0003
     0.1192      4.1830      0.0004
     0.1192      4.1258      0.0000
     0.1192    104.5131      0.0000
     0.1192    104.5131      0.0000
     0.1192    104.5131      0.0000
     0.1192    104.5131      0.0000
     0.1192    104.5131      0.0000
     0.1192    104.5131      0.0000
     0.1192    104.5131      0.0000
     0.1192    104.5131      0.0000
     0.1192    104.5131      0.0000
     0.1192    104.5131      0.0000
     0.1192    104.5131      0.0000
     0.1192    104.5131      0.0000
     0.1192    104.5131      0.0000
     0.1192    104.5131      0.0000
     0.1192    104.5131      0.0000
     0.1192    104.5131      0.0000
     0.1350      1.1032      0.0000
     0.1350      1.1032      0.0008
     0.1350      1.1032      0.0008
     0.1350      1.1032      0.0000
     0.1350      1.1032      0.0000
     0.1350      1.1032      0.0005
     0.1350      1.1032      0.0005
     0.1350      1.1032      0.0000
     0.1350      1.7094      0.0000
     0.1350      1.7094      0.0007
     0.1350      1.7094      0.0007
     0.1350      1.7094      0.0000
     0.1350      1.6265      0.0000
     0.1350      1.6265      0.0005
     0.1350      1.6265      0.0005
     0.1350      1.6265      0.0000
     0.1350      4.1416      0.0000
     0.1350      4.1416      0.0005
     0.1350      4.1416      0.0005
     0.1350      4.1416      0.0000
     0.1350      4.1416      0.0000
     0.1350      4.1416      0.0003
     0.1350      4.1416      0.0003
     0.1350      4.1416      0.0000
     0.1350      4.1416      0.0000
     0.1350      4.1416      0.0003
     0.1350      4.1416      0.0003
     0.1350      4.1416      0.0000
     0.1350    104.5289      0.0000
     0.1350    104.5289      0.0000
     0.1350    104.5289      0.0000
     0.1350    104.5289      0.0000
     0.1350    104.5289      0.0000
     0.1350    104.5289      0.0000
     0.1350    104.5289      0.0000
     0.1350    104.5289      0.0000
     0.1350    104.5289      0.0000
     0.1350    104.5289      0.0000
     0.1350    104.5289      0.0000
     0.1350    104.5289      0.0000
     0.1350    104.5289      0.0000
     0.1350    104.5289      0.0000
     0.1350    104.5289      0.0000
     0.1350    104.5289      0.0000
     0.1528      1.0823      0.0000
     0.1528      1.0823      0.0004
     0.1528      1.0823      0.0003
     0.1528      1.0823      0.0000
     0.1528      1.0823      0.0000
     0.1528      1.0823      0.0002
     0.1528      1.0823      0.0002
     0.1528      1.0823      0.0000
     0.1528      1.6996      0.0000
     0.1528      1.6996      0.0003
     0.1528      1.6996      0.0003
     0.1528      1.6996      0.0000
     0.1528      1.6720      0.0000
     0.1528      1.6720      0.0002
     0.1528      1.6996      0.0002
     0.1528      1.6720      0.0000
     0.1528      1.6720      0.0000
     0.1528      1.6720      0.0002
     0.1528      1.6720      0.0002
     0.1528      1.6720      0.0000
     0.1528      4.2739      0.0000
     0.1528      4.2739      0.0002
     0.1528      4.2739      0.0002
     0.1528      4.2739      0.0000
     0.1528      4.2739      0.0000
     0.1528      4.2739      0.0001
     0.1528      4.2739      0.0001
     0.1528      4.2739      0.0000
     0.1528      4.2739      0.0000
     0.1528      4.2739      0.0001
     0.1528      4.2739      0.0001
     0.1528      4.2739      0.0000
     0.1528    104.5467      0.0000
     0.1528    104.5467      0.0000
     0.1528    104.5467      0.0000
     0.1528    104.5467      0.0000
     0.1528    104.5467      0.0000
     0.1528    104.5467      0.0000
     0.1528    104.5467      0.0000
     0.1528    104.5467      0.0000
     0.1528    104.5467      0.0000
     0.1528    104.5467      0.0000
     0.1528    104.5467      0.0000
     0.1528    104.5467      0.0000
     0.1528    104.5467      0.0000
     0.1528    104.5467      0.0000
     0.1528    104.5467      0.0000
     0.1528    104.5467      0.0000
     0.1730      1.0831      0.0000
     0.1730      1.0831      0.0000
     0.1730      1.0831      0.0000
     0.1730      1.0831      0.0000
     0.1730      1.6922      0.0000
     0.1730      1.6922      0.0000
     0.1730      1.6922      0.0000
     0.1730      1.6922      0.0000
     0.1730      1.6922      0.0000
     0.1730      1.6922      0.0000
     0.1730      4.2369      0.0000
     0.1730      4.2369      0.0000
     0.1730      4.2369      0.0000
     0.1730      4.2369      0.0000
     0.1730      4.2369      0.0000
     0.1730      4.2369      0.0000
     0.1730    103.2286      0.0000
     0.1730    103.2286      0.0000
     0.1730    103.2286      0.0000
     0.1730    103.2286      0.0000
     0.1730    103.2286      0.0000
     0.1730    103.2286      0.0000
     0.1730    103.2286      0.0000
     0.1730    103.2286      0.0000
     0.1959      1.0673      0.0000
     0.1959      1.0673      0.0025
     0.1959      1.0673      0.0028
     0.1959      1.0673      0.0001
     0.1959      1.0673      0.0000
     0.1959      1.0673      0.0017
     0.1959      1.0673      0.0019
     0.1959      1.0673      0.0001
     0.1959      1.6875      0.0000
     0.1959      1.6875      0.0022
     0.1959      1.6875      0.0025
     0.1959      1.6875      0.0001
     0.1959      1.6598      0.0000
     0.1959      1.6598      0.0015
     0.1959      1.6598      0.0017
     0.1959      1.6598      0.0001
     0.1959      1.6598      0.0000
     0.1959      1.6598      0.0013
     0.1959      1.6598      0.0015
     0.1959      1.6598      0.0001
     0.1959      4.2025      0.0000
     0.1959      4.2025      0.0016
     0.1959      4.2025      0.0018
     0.1959      4.1453      0.0001
     0.1959      4.2025      0.0000
     0.1959      4.2025      0.0011
     0.1959      4.2025      0.0012
     0.1959      4.1453      0.0000
     0.1959      4.2025      0.0000
     0.1959      4.2025      0.0010
     0.1959      4.2025      0.0011
     0.1959      4.1453      0.0000
     0.1959    103.2514      0.0000
     0.1959    103.2514      0.0000
     0.1959    103.2514      0.0000
     0.1959    103.2514      0.0000
     0.1959    103.2514      0.0000
     0.1959    103.2514      0.0000
     0.1959    103.2514      0.0000
     0.1959    103.2514      0.0000
     0.1959    103.2514      0.0000
     0.1959    103.2514      0.0000
     0.1959    103.2514      0.0000
     0.1959    103.2514      0.0000
     0.1959    103.2514      0.0000
     0.1959    103.2514      0.0000
     0.1959    103.2514      0.0000
     0.1959    103.2514      0.0000
     0.2218      1.0738      0.0000
     0.2218      1.0738      0.0007
     0.2218      1.0738      0.0022
     0.2218      1.0738      0.0001
     0.2218      1.0738      0.0000
     0.2218      1.0738      0.0005
     0.2218      1.0738      0.0015
     0.2218      1.0738      0.0001
     0.2218      1.6857      0.0000
     0.2218      1.6857      0.0006
     0.2218      1.6857      0.0020
     0.2218      1.6857      0.0001
     0.2218      1.6581      0.0000
     0.2218      1.6581      0.0004
     0.2218      1.6581      0.0013
     0.2218      1.6581      0.0001
     0.2218      1.6581      0.0000
     0.2218      1.6581      0.0004
     0.2218      1.6581      0.0012
     0.2218      1.6581      0.0001
     0.2218      4.2284      0.0000
     0.2218      4.2284      0.0004
     0.2218      4.2284      0.0014
     0.2218      4.2284      0.0001
     0.2218      4.2284      0.0000
     0.2218      4.2284      0.0003
     0.2218      4.2284      0.0010
     0.2218      4.1139      0.0001
     0.2218      4.2284      0.0000
     0.2218      4.2284      0.0003
     0.2218      4.2284      0.0009
     0.2218      4.1139      0.0001
     0.2218    105.9541      0.0000
     0.2218    105.9541      0.0000
     0.2218    105.9541      0.0000
     0.2218    105.9541      0.0000
     0.2218    103.2773      0.0000
     0.2218    103.2773      0.0000
     0.2218    103.2773      0.0000
     0.2218    103.2773      0.0000
     0.2218    103.2773      0.0000
     0.2218    103.2773      0.0000
     0.2218    103.2773      0.0000
     0.2218    103.2773      0.0000
     0.2218    105.9541      0.0000
     0.2218    105.9541      0.0000
     0.2218    105.9541      0.0000
     0.2218    105.9541      0.0000
     0.2511      1.1031      0.0000
     0.2511      1.1031      0.0001
     0.2511      1.1031      0.0004
     0.2511      1.1031      0.0000
     0.2511      1.1031      0.0000
     0.2511      1.1031      0.0001
     0.2511      1.1031      0.0003
     0.2511      1.1031      0.0000
     0.2511      1.1031      0.0000
     0.2511      1.1031      0.0001
     0.2511      1.1031      0.0002
     0.2511      1.1031      0.0000
     0.2511      1.6874      0.0000
     0.2511      1.6874      0.0001
     0.2511      1.6874      0.0003
     0.2511      1.6874      0.0000
     0.2511      1.6874      0.0000
     0.2511      1.6874      0.0001
     0.2511      1.6874      0.0002
     0.2511      1.6874      0.0000
     0.2511      1.6874      0.0000
     0.2511      1.6874      0.0001
     0.2511      1.6874      0.0002
     0.2511      1.6598      0.0000
     0.2511      4.1432      0.0000
     0.2511      4.1432      0.0001
     0.2511      4.1432      0.0003
     0.2511      4.1432      0.0000
     0.2511      4.1432      0.0000
     0.2511      4.1432      0.0000
     0.2511      4.1432      0.0002
     0.2511      4.1432      0.0000
     0.2511    105.9834      0.0000
     0.2511    105.9834      0.0000
     0.2511    105.9834      0.0000
     0.2511    105.9834      0.0000
     0.2511    105.9834      0.0000
     0.2511    105.9834      0.0000
     0.2511    105.9834      0.0000
     0.2511    105.9834      0.0000
     0.2511    105.9834      0.0000
     0.2511    105.9834      0.0000
     0.2511    105.9834      0.0000
     0.2511    105.9834      0.0000
     0.2511    105.9834      0.0000
     0.2511    105.9834      0.0000
     0.2511    105.9834      0.0000
     0.2511    105.9834      0.0000
     0.2843      1.6654      0.0002
     0.2843      1.6654      0.0006
     0.2843      1.6654      0.0001
     0.2843      1.6654      0.0001
     0.2843      1.6654      0.0004
     0.2843      1.6654      0.0000
     0.2843      1.6654      0.0001
     0.2843      1.6654      0.0004
     0.2843      1.6654      0.0000
     0.2843      4.1192      0.0001
     0.2843      4.1192      0.0004
     0.2843      4.1192      0.0001
     0.2843      4.1192      0.0001
     0.2843      4.1192      0.0003
     0.2843      4.1192      0.0000
     0.2843    104.6782      0.0000
     0.2843    104.6782      0.0000
     0.2843    104.6782      0.0000
     0.2843    104.6782      0.0000
     0.2843    104.6782      0.0000
     0.2843    104.6782      0.0000
     0.2843    104.6782      0.0000
     0.2843    104.6782      0.0000
     0.2843    104.6782      0.0000
     0.2843    104.6782      0.0000
     0.2843    104.6782      0.0000
     0.2843    104.6782      0.0000
     0.3645      1.6903      0.0000
     0.3645      1.6903      0.0006
     0.3645      1.6903      0.0032
     0.3645      1.6903      0.0008
     0.3645      1.6903      0.0000
     0.3645      1.6903      0.0004
     0.3645      1.6903      0.0021
     0.3645      1.6903      0.0005
     0.3645      1.6903      0.0000
     0.3645      1.6903      0.0003
     0.3645      1.6903      0.0018
     0.3645      1.6903      0.0004
     0.3645      4.0849      0.0000
     0.3645      4.0849      0.0004
     0.3645      4.0849      0.0023
     0.3645      4.0276      0.0005
     0.3645      4.0849      0.0000
     0.3645      4.0849      0.0003
     0.3645      4.0849      0.0015
     0.3645      4.0276      0.0003
     0.3645      4.0849      0.0000
     0.3645      4.0849      0.0002
     0.3645      4.0849      0.0013
     0.3645      4.0276      0.0003
     0.3645    104.7584      0.0000
     0.3645    104.7584      0.0000
     0.3645    104.7584      0.0000
     0.3645    104.7584      0.0000
     0.3645    104.7584      0.0000
     0.3645    104.7584      0.0000
     0.3645    104.7584      0.0000
     0.3645    104.7584      0.0000
     0.3645    104.7584      0.0000
     0.3645    104.7584      0.0000
     0.3645    104.7584      0.0000
     0.3645    104.7584      0.0000
     0.3645    104.7584      0.0000
     0.3645    104.7584      0.0000
     0.3645    104.7584      0.0000
     0.3645    104.7584      0.0000
     0.4126      1.6833      0.0001
     0.4126      1.6833      0.0012
     0.4126      1.6833      0.0008
     0.4126      1.6556      0.0001
     0.4126      1.6556      0.0008
     0.4126      1.6556      0.0005
     0.4126      1.6556      0.0001
     0.4126      1.6556      0.0007
     0.4126      1.6556      0.0004
     0.4126      4.0758      0.0001
     0.4126      4.0758      0.0009
     0.4126      4.0758      0.0006
     0.4126      4.0758      0.0000
     0.4126      4.0758      0.0006
     0.4126      4.0758      0.0004
     0.4126      4.0758      0.0000
     0.4126      4.0758      0.0005
     0.4126      4.0758      0.0003
     0.4126    104.8066      0.0000
     0.4126    104.8066      0.0000
     0.4126    104.8066      0.0000
     0.4126    104.8066      0.0000
     0.4126    104.8066      0.0000
     0.4126    104.8066      0.0000
     0.4126    104.8066      0.0000
     0.4126    104.8066      0.0000
     0.4126    104.8066      0.0000
     0.4126    104.8066      0.0000
     0.4126    104.8066      0.0000
     0.4126    104.8066      0.0000
     0.4672      4.0159      0.0000
     0.4672      4.0159      0.0005
     0.4672      4.0159      0.0006
     0.4672      4.0159      0.0000
     0.4672      4.0159      0.0003
     0.4672      4.0159      0.0004
     0.4672      4.0159      0.0000
     0.4672      4.0159      0.0003
     0.4672      4.0159      0.0003
     0.4672    104.8611      0.0000
     0.4672    104.8611      0.0000
     0.4672    104.8611      0.0000
     0.4672    104.8611      0.0000
     0.4672    104.8611      0.0000
     0.4672    104.8611      0.0000
     0.4672    104.8611      0.0000
     0.4672    104.8611      0.0000
     0.4672    104.8611      0.0000
     0.4672    104.8611      0.0000
     0.4672    104.8611      0.0000
     0.4672    104.8611      0.0000
     0.5290      4.0205      0.0000
     0.5290      4.0205      0.0006
     0.5290      4.0205      0.0009
     0.5290      4.0205      0.0000
     0.5290      4.0205      0.0004
     0.5290      4.0205      0.0006
     0.5290      4.0205      0.0000
     0.5290      4.0205      0.0003
     0.5290      4.0205      0.0005
     0.5290    103.5845      0.0000
     0.5290    103.5845      0.0000
     0.5290    103.5845      0.0000
     0.5290    103.5845      0.0000
     0.5290    103.5845      0.0000
     0.5290    103.5845      0.0000
     0.5290    103.5845      0.0000
     0.5290    103.5845      0.0000
     0.5290    103.5845      0.0000
     0.5290    103.5845      0.0000
     0.5290    103.5845      0.0000
     0.5290    103.5845      0.0000
     0.5989      3.9187      0.0000
     0.5989      3.9187      0.0002
     0.5989      3.9187      0.0012
     0.5989      3.9187      0.0000
     0.5989      3.9187      0.0001
     0.5989      3.9187      0.0007
     0.5989      3.9187      0.0000
     0.5989      3.9187      0.0001
     0.5989      3.9187      0.0006
     0.5989    103.6545      0.0000
     0.5989    103.6545      0.0000
     0.5989    103.6545      0.0000
     0.5989    103.6545      0.0000
     0.5989    103.6545      0.0000
     0.5989    103.6545      0.0000
     0.5989    103.6545      0.0000
     0.5989    103.6545      0.0000
     0.5989    103.6545      0.0000
     0.5989    103.6545      0.0000
     0.5989    103.6545      0.0000
     0.5989    103.6545      0.0000
     0.6781      3.9979      0.0000
     0.6781      3.9979      0.0001
     0.6781      3.9979      0.0000
     0.6781      3.9979      0.0000
     0.6781      3.9979      0.0000
     0.6781      3.9979      0.0000
     0.6781    102.3953      0.0000
     0.6781    102.3953      0.0000
     0.6781    102.3953      0.0000
     0.6781    102.3953      0.0000
     0.6781    102.3953      0.0000
     0.6781    102.3953      0.0000
     0.6781    102.3953      0.0000
     0.6781    102.3953      0.0000
     0.7678      4.0875      0.0000
     0.7678      4.0875      0.0001
     0.7678      4.0875      0.0000
     0.7678      4.0875      0.0001
     0.7678      4.0875      0.0000
     0.7678      4.0875      0.0001
     0.7678    102.4849      0.0000
     0.7678    102.4849      0.0000
     0.7678    102.4849      0.0000
     0.7678    102.4849      0.0000
     0.7678    102.4849      0.0000
     0.7678    102.4849      0.0000
     0.7678    102.4849      0.0000
     0.7678    102.4849      0.0000
     0.8693      4.0173      0.0000
     0.8693      4.0173      0.0003
     0.8693      4.0173      0.0000
     0.8693      4.0173      0.0002
     0.8693      4.0173      0.0000
     0.8693      4.0173      0.0002
     0.8693      4.0173      0.0000
     0.8693      4.0173      0.0001
     0.8693    102.5865      0.0000
     0.8693    102.5865      0.0000
     0.8693    102.5865      0.0000
     0.8693    102.5865      0.0000
     0.8693    102.5865      0.0000
     0.8693    102.5865      0.0000
     0.8693    102.5865      0.0000
     0.8693    102.5865      0.0000
     0.9842      4.0750      0.0000
     0.9842      4.0750      0.0000
     0.9842      4.0750      0.0000
     0.9842      4.0750      0.0000
     0.9842    101.3630      0.0000
     0.9842    101.3630      0.0000
     0.9842    101.3630      0.0000
     0.9842    101.3630      0.0000
     1.4285    101.8073      0.0000
     1.4285    101.8073      0.0000
     1.4285    101.8073      0.0000
     1.4285    101.8073      0.0000
     1.6174    100.6578      0.0000
     1.6174    100.6578      0.0000
     1.6174    100.6578      0.0000
     1.6174    100.6578      0.0000
     1.6174    100.6578      0.0000
     1.6174    100.6578      0.0000
     1.6174    100.6578      0.0000
     1.6174    100.6578      0.0000
     1.8312     99.5333      0.0000
     1.8312     99.5333      0.0000
     1.8312     99.5333      0.0000
     1.8312    100.8716      0.0000
     1.8312    100.8716      0.0000
     1.8312    100.8716      0.0000
     1.8312    100.8716      0.0000
     1.8312    100.8716      0.0000
     1.8312    100.8716      0.0000
     1.8312     99.5333      0.0000
     1.8312     99.5333      0.0000
     1.8312     99.5333      0.0000
     2.0734    101.1138      0.0000
     2.0734    101.1138      0.0000
     2.0734    101.1138      0.0000
     2.0734    101.1138      0.0000
     2.0734    101.1138      0.0000
     2.0734    101.1138      0.0000
     2.0734    101.1138      0.0000
     2.0734    101.1138      0.0000
     2.3475     98.7111      0.0000
     2.3475     98.7111      0.0000
     2.3475     98.7111      0.0000
     2.3475     98.7111      0.0000
     2.6579     99.0215      0.0000
     2.6579     99.0215      0.0000
     2.6579     99.0215      0.0000
     2.6579     99.0215      0.0000
     2.6579     99.0215      0.0000
     2.6579     99.0215      0.0000
     2.6579     99.0215      0.0000
     2.6579     99.0215      0.0000
     2.6579     99.0215      0.0000
     2.6579     99.0215      0.0000
     2.6579     99.0215      0.0000
     2.6579     99.0215      0.0000
     3.0093     98.0346      0.0000
     3.0093     98.0346      0.0000
     3.0093     98.0346      0.0000
     3.0093     98.0346      0.0000
     3.4072     97.0941      0.0004
     3.4072     97.0941      0.0003
     3.4072     97.0941      0.0002
     3.4072     97.0941      0.0002
     3.8577     94.8678      0.0000
     3.8577     94.8678      0.0000
     3.8577     94.8678      0.0001
     3.8577     94.8678      0.0000
     3.8577     94.8678      0.0000
     3.8577     94.8678      0.0001
     3.8577     94.8678      0.0000
     3.8577     94.8678      0.0000
     3.8577     94.8678      0.0000
     3.8577     94.8678      0.0000
     3.8577     94.8678      0.0000
     3.8577     94.8678      0.0000
     4.3677     95.3778      0.0000
     4.3677     95.3778      0.0000
     4.3677     95.3778      0.0000
     4.3677     95.3778      0.0000
     4.3677     79.3172      0.0000
     4.9452     93.2786      0.0004
     4.9452     93.2786      0.0003
     4.9452     93.2786      0.0002
     4.9452     93.2786      0.0002
     4.9452     78.5564      0.0000
     5.5991     92.5940      0.0000
     5.5991     92.5940      0.0000
     5.5991     92.5940      0.0000
     5.5991     92.5940      0.0000
     5.5991     76.5334      0.0000
     6.3394     89.3192      0.0000
     6.3394     89.3192      0.0000
     6.3394     89.3192      0.0000
     6.3394     89.3192      0.0000
     6.3394     75.9354      0.0000
     0.0000      1.2902      0.0000
     0.0000      1.2902      0.0041
     0.0000      1.2902      0.0058
     0.0000      1.2902      0.0007
     0.0000      1.2902      0.0000
     0.0000      1.8687      0.0000
     0.0000      1.8687      0.0035
     0.0000      1.8687      0.0050
     0.0000      1.8687      0.0006
     0.0000      1.8404      0.0000
     0.0000      1.8687      0.0000
     0.0000      1.8687      0.0024
     0.0000      1.8687      0.0034
     0.0000      1.8687      0.0004
     0.0000      1.8404      0.0000
     0.0000      4.4004      0.0000
     0.0000      4.4004      0.0024
     0.0000      4.4004      0.0034
     0.0000      4.4004      0.0004
     0.0000      4.3417      0.0000
     0.0000      4.4004      0.0000
     0.0000      4.4004      0.0016
     0.0000      4.4004      0.0023
     0.0000      4.4004      0.0003
     0.0000      4.3417      0.0000
     0.0000      4.4004      0.0000
     0.0000      4.4004      0.0014
     0.0000      4.4004      0.0020
     0.0000      4.4004      0.0002
     0.0000      4.3417      0.0000
     0.0000    109.7547      0.0000
     0.0000    109.7547      0.0000
     0.0000    109.7547      0.0001
     0.0000    109.7547      0.0000
     0.0000    109.7547      0.0000
     0.0000    109.7547      0.0000
     0.0000    109.7547      0.0000
     0.0000    109.7547      0.0000
     0.0000    109.7547      0.0000
     0.0000    109.7547      0.0000
     0.0000    109.7547      0.0000
     0.0000    109.7547      0.0000
     0.0000    109.7547      0.0000
     0.0000    109.7547      0.0000
     0.0000    109.7547      0.0000
     0.0000    109.7547      0.0000
     0.0000    109.7547      0.0000
     0.0000    109.7547      0.0000
     0.0000    109.7547      0.0000
     0.0000    109.7547      0.0000
     0.0003      1.2905      0.0000
     0.0003      1.2905      0.0018
     0.0003      1.2905      0.0036
     0.0003      1.2905      0.0009
     0.0003      1.2905      0.0000
     0.0003      1.8407      0.0000
     0.0003      1.8407      0.0016
     0.0003      1.8407      0.0033
     0.0003      1.8407      0.0008
     0.0003      1.8407      0.0000
     0.0003      1.8407      0.0000
     0.0003      1.8407      0.0011
     0.0003      1.8407      0.0022
     0.0003      1.8407      0.0006
     0.0003      1.8407      0.0000
     0.0003      4.4007      0.0000
     0.0003      4.4007      0.0012
     0.0003      4.4007      0.0024
     0.0003      4.4007      0.0006
     0.0003      4.3420      0.0000
     0.0003      4.4007      0.0000
     0.0003      4.4007      0.0008
     0.0003      4.4007      0.0016
     0.0003      4.4007      0.0004
     0.0003      4.3420      0.0000
     0.0003      4.4007      0.0000
     0.0003      4.4007      0.0007
     0.0003      4.4007      0.0014
     0.0003      4.4007      0.0003
     0.0003      4.3420      0.0000
     0.0003    109.7550      0.0000
     0.0003    109.7550      0.0000
     0.0003    109.7550      0.0000
     0.0003    109.7550      0.0000
     0.0003    109.7550      0.0000
     0.0003    109.7550      0.0000
     0.0003    109.7550      0.0000
     0.0003    109.7550      0.0000
     0.0003    109.7550      0.0000
     0.0003    109.7550      0.0000
     0.0003    109.7550      0.0000
     0.0003    109.7550      0.0000
     0.0003    109.7550      0.0000
     0.0003    109.7550      0.0000
     0.0003    109.7550      0.0000
     0.0003    109.7550      0.0000
     0.0003    109.7550      0.0000
     0.0003    109.7550      0.0000
     0.0003    109.7550      0.0000
     0.0003    109.7550      0.0000
     0.0004      1.2906      0.0001
     0.0004      1.2906      0.0018
     0.0004      1.2906      0.0001
     0.0004      1.8408      0.0001
     0.0004      1.8408      0.0016
     0.0004      1.8408      0.0001
     0.0004      1.8408      0.0001
     0.0004      1.8408      0.0011
     0.0004      1.8408      0.0001
     0.0004      4.4008      0.0001
     0.0004      4.4008      0.0011
     0.0004      4.4008      0.0001
     0.0004      4.4008      0.0001
     0.0004      4.4008      0.0008
     0.0004      4.4008      0.0001
     0.0004      4.4008      0.0001
     0.0004      4.4008      0.0007
     0.0004      4.4008      0.0001
     0.0004    109.7551      0.0000
     0.0004    109.7551      0.0000
     0.0004    109.7551      0.0000
     0.0004    109.7551      0.0000
     0.0004    109.7551      0.0000
     0.0004    109.7551      0.0000
     0.0004    109.7551      0.0000
     0.0004    109.7551      0.0000
     0.0004    109.7551      0.0000
     0.0004    109.7551      0.0000
     0.0004    109.7551      0.0000
     0.0004    109.7551      0.0000
     0.0005      1.2907      0.0000
     0.0005      1.2907      0.0000
     0.0005      1.2907      0.0000
     0.0005      1.8409      0.0000
     0.0005      1.8409      0.0000
     0.0005      1.8409      0.0000
     0.0005      1.8409      0.0000
     0.0005      1.8409      0.0000
     0.0005      1.8409      0.0000
     0.0005      4.4009      0.0000
     0.0005      4.4009      0.0000
     0.0005      4.4009      0.0000
     0.0005      4.4009      0.0000
     0.0005      4.4009      0.0000
     0.0005      4.4009      0.0000
     0.0005      4.4009      0.0000
     0.0005      4.4009      0.0000
     0.0005      4.4009      0.0000
     0.0005    109.7552      0.0000
     0.0005    109.7552      0.0000
     0.0005    109.7552      0.0000
     0.0005    109.7552      0.0000
     0.0005    109.7552      0.0000
     0.0005    109.7552      0.0000
     0.0005    109.7552      0.0000
     0.0005    109.7552      0.0000
     0.0005    109.7552      0.0000
     0.0005    109.7552      0.0000
     0.0005    109.7552      0.0000
     0.0005    109.7552      0.0000
     0.0007      1.2909      0.0000
     0.0007      1.2909      0.0001
     0.0007      1.2909      0.0004
     0.0007      1.2909      0.0000
     0.0007      1.8412      0.0000
     0.0007      1.8412      0.0001
     0.0007      1.8412      0.0004
     0.0007      1.8412      0.0000
     0.0007      1.8412      0.0000
     0.0007      1.8412      0.0000
     0.0007      1.8412      0.0003
     0.0007      1.8412      0.0000
     0.0007      4.4011      0.0000
     0.0007      4.4011      0.0000
     0.0007      4.4011      0.0003
     0.0007      4.4011      0.0000
     0.0007      4.4011      0.0000
     0.0007      4.4011      0.0000
     0.0007      4.4011      0.0002
     0.0007      4.4011      0.0000
     0.0007      4.4011      0.0000
     0.0007      4.4011      0.0000
     0.0007      4.4011      0.0002
     0.0007      4.4011      0.0000
     0.0007    109.7555      0.0000
     0.0007    109.7555      0.0000
     0.0007    109.7555      0.0000
     0.0007    109.7555      0.0000
     0.0007    109.7555      0.0000
     0.0007    109.7555      0.0000
     0.0007    109.7555      0.0000
     0.0007    109.7555      0.0000
     0.0007    109.7555      0.0000
     0.0007    109.7555      0.0000
     0.0007    109.7555      0.0000
     0.0007    109.7555      0.0000
     0.0007    109.7555      0.0000
     0.0007    109.7555      0.0000
     0.0007    109.7555      0.0000
     0.0007    109.7555      0.0000
     0.0042      1.2745      0.0000
     0.0042      1.2745      0.0000
     0.0042      1.8446      0.0000
     0.0042      1.8446      0.0000
     0.0042      1.8446      0.0000
     0.0042      1.8446      0.0000
     0.0042      4.3459      0.0000
     0.0042      4.3459      0.0000
     0.0042      4.3459      0.0000
     0.0042      4.3459      0.0000
     0.0042      4.3459      0.0000
     0.0042      4.3459      0.0000
     0.0042    109.7589      0.0000
     0.0042    109.7589      0.0000
     0.0042    109.7589      0.0000
     0.0042    109.7589      0.0000
     0.0042    109.7589      0.0000
     0.0042    109.7589      0.0000
     0.0042    109.7589      0.0000
     0.0042    109.7589      0.0000
     0.0053      1.2757      0.0000
     0.0053      1.2757      0.0001
     0.0053      1.2757      0.0000
     0.0053      1.2757      0.0000
     0.0053      1.8458      0.0000
     0.0053      1.8458      0.0001
     0.0053      1.8458      0.0000
     0.0053      1.8458      0.0000
     0.0053      1.8458      0.0000
     0.0053      1.8458      0.0000
     0.0053      1.8458      0.0000
     0.0053      1.8458      0.0000
     0.0053      4.4058      0.0000
     0.0053      4.3471      0.0000
     0.0053      4.3471      0.0000
     0.0053      4.3471      0.0000
     0.0053      4.4058      0.0000
     0.0053      4.3471      0.0000
     0.0053      4.3471      0.0000
     0.0053      4.3471      0.0000
     0.0053      4.4058      0.0000
     0.0053      4.3471      0.0000
     0.0053      4.3471      0.0000
     0.0053      4.3471      0.0000
     0.0053    109.7601      0.0000
     0.0053    109.7601      0.0000
     0.0053    109.7601      0.0000
     0.0053    109.7601      0.0000
     0.0053    109.7601      0.0000
     0.0053    109.7601      0.0000
     0.0053    109.7601      0.0000
     0.0053    109.7601      0.0000
     0.0053    109.7601      0.0000
     0.0053    109.7601      0.0000
     0.0053    109.7601      0.0000
     0.0053    109.7601      0.0000
     0.0053    109.7601      0.0000
     0.0053    109.7601      0.0000
     0.0053    109.7601      0.0000
     0.0053    109.7601      0.0000
     0.0061      1.2764      0.0001
     0.0061      1.2764      0.0008
     0.0061      1.2764      0.0003
     0.0061      1.8465      0.0001
     0.0061      1.8465      0.0007
     0.0061      1.8465      0.0002
     0.0061      1.8465      0.0001
     0.0061      1.8465      0.0005
     0.0061      1.8465      0.0002
     0.0061      4.3478      0.0001
     0.0061      4.3478      0.0005
     0.0061      4.3478      0.0002
     0.0061      4.3478      0.0000
     0.0061      4.3478      0.0004
     0.0061      4.3478      0.0001
     0.0061      4.3478      0.0000
     0.0061      4.3478      0.0003
     0.0061      4.3478      0.0001
     0.0061    109.7608      0.0000
     0.0061    109.7608      0.0000
     0.0061    109.7608      0.0000
     0.0061    109.7608      0.0000
     0.0061    109.7608      0.0000
     0.0061    109.7608      0.0000
     0.0061    109.7608      0.0000
     0.0061    109.7608      0.0000
     0.0061    109.7608      0.0000
     0.0061    109.7608      0.0000
     0.0061    109.7608      0.0000
     0.0061    109.7608      0.0000
     0.0344      0.5803      0.0000
     0.0344      0.5803      0.0002
     0.0344      0.5803      0.0008
     0.0344      0.5803      0.0004
     0.0344      0.5803      0.0000
     0.0344      1.2452      0.0000
     0.0344      1.2452      0.0001
     0.0344      1.2452      0.0006
     0.0344      1.2452      0.0003
     0.0344      1.2254      0.0000
     0.0344      1.7899      0.0000
     0.0344      1.7899      0.0001
     0.0344      1.7899      0.0005
     0.0344      1.7899      0.0003
     0.0344      1.7899      0.0000
     0.0344      1.7899      0.0000
     0.0344      1.7899      0.0001
     0.0344      1.7899      0.0003
     0.0344      1.7899      0.0002
     0.0344      1.7899      0.0000
     0.0344      4.4348      0.0000
     0.0344      4.4348      0.0001
     0.0344      4.4348      0.0004
     0.0344      4.4348      0.0002
     0.0344      4.4348      0.0000
     0.0344      4.4348      0.0000
     0.0344      4.4348      0.0001
     0.0344      4.4348      0.0002
     0.0344      4.4348      0.0001
     0.0344      4.3762      0.0000
     0.0344      4.4348      0.0000
     0.0344      4.4348      0.0000
     0.0344      4.4348      0.0002
     0.0344      4.3762      0.0001
     0.0344      4.3762      0.0000
     0.0344    109.7892      0.0000
     0.0344    109.7892      0.0000
     0.0344    109.7892      0.0000
     0.0344    109.7892      0.0000
     0.0344    109.7892      0.0000
     0.0344    109.7892      0.0000
     0.0344    109.7892      0.0000
     0.0344    109.7892      0.0000
     0.0344    109.7892      0.0000
     0.0344    109.7892      0.0000
     0.0344    109.7892      0.0000
     0.0344    109.7892      0.0000
     0.0344    109.7892      0.0000
     0.0344    109.7892      0.0000
     0.0344    109.7892      0.0000
     0.0344    109.7892      0.0000
     0.0344    109.7892      0.0000
     0.0344    109.7892      0.0000
     0.0344    109.7892      0.0000
     0.0344    109.7892      0.0000
     0.0390      0.5749      0.0000
     0.0390      0.5749      0.0003
     0.0390      0.5749      0.0001
     0.0390      0.5749      0.0000
     0.0390      1.2299      0.0000
     0.0390      1.2299      0.0002
     0.0390      1.2299      0.0001
     0.0390      1.2299      0.0000
     0.0390      1.7945      0.0000
     0.0390      1.7945      0.0002
     0.0390      1.7945      0.0000
     0.0390      1.7945      0.0000
     0.0390      1.7945      0.0000
     0.0390      1.7945      0.0001
     0.0390      1.7945      0.0000
     0.0390      1.7945      0.0000
     0.0390      4.4394      0.0000
     0.0390      4.4394      0.0001
     0.0390      4.4394      0.0000
     0.0390      4.4394      0.0000
     0.0390      4.4394      0.0000
     0.0390      4.4394      0.0001
     0.0390      4.4394      0.0000
     0.0390      4.4394      0.0000
     0.0390      4.4394      0.0000
     0.0390      4.4394      0.0001
     0.0390      4.4394      0.0000
     0.0390      4.4394      0.0000
     0.0390    109.7937      0.0000
     0.0390    109.7937      0.0000
     0.0390    109.7937      0.0000
     0.0390    109.7937      0.0000
     0.0390    109.7937      0.0000
     0.0390    109.7937      0.0000
     0.0390    109.7937      0.0000
     0.0390    109.7937      0.0000
     0.0390    109.7937      0.0000
     0.0390    109.7937      0.0000
     0.0390    109.7937      0.0000
     0.0390    109.7937      0.0000
     0.0390    109.7937      0.0000
     0.0390    109.7937      0.0000
     0.0390    109.7937      0.0000
     0.0390    109.7937      0.0000
     0.0441      0.5701      0.0000
     0.0441      0.5701      0.0007
     0.0441      0.5701      0.0022
     0.0441      0.5701      0.0005
     0.0441      0.5701      0.0000
     0.0441      1.2152      0.0000
     0.0441      1.2152      0.0004
     0.0441      1.2152      0.0014
     0.0441      1.2152      0.0004
     0.0441      1.2152      0.0000
     0.0441      1.7713      0.0000
     0.0441      1.7713      0.0004
     0.0441      1.7713      0.0012
     0.0441      1.7713      0.0003
     0.0441      1.7713      0.0000
     0.0441      1.7713      0.0000
     0.0441      1.7713      0.0003
     0.0441      1.7713      0.0008
     0.0441      1.7713      0.0002
     0.0441      1.7713      0.0000
     0.0441      4.4445      0.0000
     0.0441      4.4445      0.0003
     0.0441      4.4445      0.0009
     0.0441      4.4445      0.0002
     0.0441      4.3859      0.0000
     0.0441      4.4445      0.0000
     0.0441      4.4445      0.0002
     0.0441      4.4445      0.0006
     0.0441      4.4445      0.0001
     0.0441      4.3859      0.0000
     0.0441      4.4445      0.0000
     0.0441      4.4445      0.0002
     0.0441      4.4445      0.0005
     0.0441      4.4445      0.0001
     0.0441      4.3859      0.0000
     0.0441    109.7989      0.0000
     0.0441    109.7989      0.0000
     0.0441    109.7989      0.0000
     0.0441    109.7989      0.0000
     0.0441    109.7989      0.0000
     0.0441    109.7989      0.0000
     0.0441    109.7989      0.0000
     0.0441    109.7989      0.0000
     0.0441    109.7989      0.0000
     0.0441    109.7989      0.0000
     0.0441    109.7989      0.0000
     0.0441    109.7989      0.0000
     0.0441    109.7989      0.0000
     0.0441    109.7989      0.0000
     0.0441    109.7989      0.0000
     0.0441    109.7989      0.0000
     0.0441    109.7989      0.0000
     0.0441    109.7989      0.0000
     0.0441    109.7989      0.0000
     0.0441    109.7989      0.0000
     0.0500      0.5661      0.0000
     0.0500      0.5661      0.0000
     0.0500      0.5661      0.0002
     0.0500      0.5661      0.0002
     0.0500      0.5661      0.0000
     0.0500      1.2211      0.0000
     0.0500      1.2211      0.0000
     0.0500      1.2211      0.0002
     0.0500      1.2211      0.0001
     0.0500      1.2211      0.0000
     0.0500      1.7772      0.0000
     0.0500      1.7772      0.0000
     0.0500      1.7772      0.0001
     0.0500      1.7772      0.0001
     0.0500      1.7772      0.0000
     0.0500      1.7772      0.0000
     0.0500      1.7772      0.0000
     0.0500      1.7772      0.0001
     0.0500      1.7772      0.0001
     0.0500      1.7772      0.0000
     0.0500      4.3917      0.0000
     0.0500      4.3917      0.0000
     0.0500      4.3917      0.0001
     0.0500      4.3917      0.0001
     0.0500      4.3917      0.0000
     0.0500      4.3917      0.0000
     0.0500      4.3917      0.0000
     0.0500      4.3917      0.0001
     0.0500      4.3917      0.0000
     0.0500      4.3917      0.0000
     0.0500      4.3917      0.0000
     0.0500      4.3917      0.0000
     0.0500      4.3917      0.0001
     0.0500      4.3917      0.0000
     0.0500      4.3917      0.0000
     0.0500    109.8047      0.0000
     0.0500    109.8047      0.0000
     0.0500    109.8047      0.0000
     0.0500    109.8047      0.0000
     0.0500    109.8047      0.0000
     0.0500    109.8047      0.0000
     0.0500    109.8047      0.0000
     0.0500    109.8047      0.0000
     0.0500    109.8047      0.0000
     0.0500    109.8047      0.0000
     0.0500    109.8047      0.0000
     0.0500    109.8047      0.0000
     0.0500    109.8047      0.0000
     0.0500    109.8047      0.0000
     0.0500    109.8047      0.0000
     0.0500    109.8047      0.0000
     0.0500    109.8047      0.0000
     0.0500    109.8047      0.0000
     0.0500    109.8047      0.0000
     0.0500    109.8047      0.0000
     0.0566      0.5627      0.0000
     0.0566      0.5627      0.0000
     0.0566      0.5627      0.0003
     0.0566      0.5627      0.0002
     0.0566      0.5627      0.0000
     0.0566      1.2078      0.0000
     0.0566      1.2078      0.0000
     0.0566      1.2078      0.0002
     0.0566      1.2078      0.0001
     0.0566      1.2078      0.0000
     0.0566      1.7554      0.0000
     0.0566      1.7554      0.0000
     0.0566      1.7554      0.0002
     0.0566      1.7554      0.0001
     0.0566      1.7554      0.0000
     0.0566      1.7554      0.0000
     0.0566      1.7554      0.0000
     0.0566      1.7554      0.0001
     0.0566      1.7554      0.0001
     0.0566      1.7554      0.0000
     0.0566      4.3983      0.0000
     0.0566      4.3983      0.0000
     0.0566      4.3983      0.0001
     0.0566      4.3983      0.0001
     0.0566      4.3983      0.0000
     0.0566      4.3983      0.0000
     0.0566      4.3983      0.0000
     0.0566      4.3983      0.0001
     0.0566      4.3983      0.0000
     0.0566      4.3983      0.0000
     0.0566      4.3983      0.0000
     0.0566      4.3983      0.0000
     0.0566      4.3983      0.0001
     0.0566      4.3983      0.0000
     0.0566      4.3983      0.0000
     0.0566    108.4394      0.0000
     0.0566    108.4394      0.0000
     0.0566    108.4394      0.0000
     0.0566    108.4394      0.0000
     0.0566    108.4394      0.0000
     0.0566    108.4394      0.0000
     0.0566    108.4394      0.0000
     0.0566    108.4394      0.0000
     0.0566    108.4394      0.0000
     0.0566    108.4394      0.0000
     0.0566    108.4394      0.0000
     0.0566    108.4394      0.0000
     0.0566    108.4394      0.0000
     0.0566    108.4394      0.0000
     0.0566    108.4394      0.0000
     0.0566    108.4394      0.0000
     0.0566    108.4394      0.0000
     0.0566    108.4394      0.0000
     0.0566    108.4394      0.0000
     0.0566    108.4394      0.0000
     0.0641      0.5603      0.0000
     0.0641      0.5603      0.0000
     0.0641      1.1955      0.0000
     0.0641      1.1955      0.0000
     0.0641      1.7629      0.0000
     0.0641      1.7629      0.0000
     0.0641      1.7629      0.0000
     0.0641      1.7629      0.0000
     0.0641      4.4058      0.0000
     0.0641      4.3471      0.0000
     0.0641      4.4058      0.0000
     0.0641      4.3471      0.0000
     0.0641      4.4058      0.0000
     0.0641      4.3471      0.0000
     0.0641    108.4468      0.0000
     0.0641    108.4468      0.0000
     0.0641    108.4468      0.0000
     0.0641    108.4468      0.0000
     0.0641    108.4468      0.0000
     0.0641    108.4468      0.0000
     0.0641    108.4468      0.0000
     0.0641    108.4468      0.0000
     0.0821      0.5486      0.0000
     0.0821      0.5486      0.0004
     0.0821      0.5486      0.0016
     0.0821      0.5486      0.0005
     0.0821      0.5486      0.0000
     0.0821      1.1738      0.0000
     0.0821      1.1738      0.0003
     0.0821      1.1738      0.0011
     0.0821      1.1738      0.0003
     0.0821      1.1738      0.0000
     0.0821      1.1738      0.0000
     0.0821      1.1738      0.0002
     0.0821      1.1738      0.0007
     0.0821      1.1738      0.0002
     0.0821      1.1738      0.0000
     0.0821      1.7244      0.0000
     0.0821      1.7244      0.0002
     0.0821      1.7244      0.0010
     0.0821      1.7244      0.0003
     0.0821      1.7244      0.0000
     0.0821      1.7244      0.0000
     0.0821      1.7244      0.0002
     0.0821      1.7244      0.0007
     0.0821      1.7244      0.0002
     0.0821      1.7244      0.0000
     0.0821      4.3652      0.0000
     0.0821      4.3652      0.0002
     0.0821      4.3652      0.0007
     0.0821      4.3652      0.0002
     0.0821      4.3065      0.0000
     0.0821      4.3652      0.0000
     0.0821      4.3652      0.0001
     0.0821      4.3652      0.0005
     0.0821      4.3652      0.0001
     0.0821      4.3065      0.0000
     0.0821      4.3652      0.0000
     0.0821      4.3652      0.0001
     0.0821      4.3652      0.0004
     0.0821      4.3652      0.0001
     0.0821      4.3065      0.0000
     0.0821    108.4649      0.0000
     0.0821    108.4649      0.0000
     0.0821    108.4649      0.0000
     0.0821    108.4649      0.0000
     0.0821    108.4649      0.0000
     0.0821    108.4649      0.0000
     0.0821    108.4649      0.0000
     0.0821    108.4649      0.0000
     0.0821    108.4649      0.0000
     0.0821    108.4649      0.0000
     0.0821    108.4649      0.0000
     0.0821    108.4649      0.0000
     0.0821    108.4649      0.0000
     0.0821    108.4649      0.0000
     0.0821    108.4649      0.0000
     0.0821    108.4649      0.0000
     0.0821    108.4649      0.0000
     0.0821    108.4649      0.0000
     0.0821    108.4649      0.0000
     0.0821    108.4649      0.0000
     0.0930      0.5396      0.0000
     0.0930      0.5396      0.0003
     0.0930      0.5396      0.0032
     0.0930      0.5396      0.0020
     0.0930      0.5396      0.0000
     0.0930      1.1648      0.0000
     0.0930      1.1648      0.0002
     0.0930      1.1648      0.0021
     0.0930      1.1648      0.0013
     0.0930      1.1648      0.0000
     0.0930      1.1648      0.0000
     0.0930      1.1648      0.0002
     0.0930      1.1648      0.0015
     0.0930      1.1648      0.0009
     0.0930      1.1648      0.0000
     0.0930      1.7352      0.0000
     0.0930      1.7352      0.0002
     0.0930      1.7352      0.0019
     0.0930      1.7352      0.0012
     0.0930      1.7352      0.0000
     0.0930      1.7352      0.0000
     0.0930      1.7352      0.0001
     0.0930      1.7352      0.0013
     0.0930      1.7352      0.0008
     0.0930      1.7069      0.0000
     0.0930      4.3174      0.0000
     0.0930      4.3174      0.0001
     0.0930      4.3174      0.0014
     0.0930      4.3174      0.0009
     0.0930      4.3174      0.0000
     0.0930      4.3174      0.0000
     0.0930      4.3174      0.0001
     0.0930      4.3174      0.0009
     0.0930      4.3174      0.0006
     0.0930      4.3174      0.0000
     0.0930      4.3174      0.0000
     0.0930      4.3174      0.0001
     0.0930      4.3174      0.0008
     0.0930      4.3174      0.0005
     0.0930      4.3174      0.0000
     0.0930    108.4758      0.0000
     0.0930    108.4758      0.0000
     0.0930    108.4758      0.0000
     0.0930    108.4758      0.0000
     0.0930    108.4758      0.0000
     0.0930    108.4758      0.0000
     0.0930    108.4758      0.0000
     0.0930    108.4758      0.0000
     0.0930    108.4758      0.0000
     0.0930    108.4758      0.0000
     0.0930    108.4758      0.0000
     0.0930    108.4758      0.0000
     0.0930    108.4758      0.0000
     0.0930    108.4758      0.0000
     0.0930    108.4758      0.0000
     0.0930    108.4758      0.0000
     0.0930    108.4758      0.0000
     0.0930    108.4758      0.0000
     0.0930    108.4758      0.0000
     0.0930    108.4758      0.0000
     0.1053      0.5420      0.0000
     0.1053      0.5420      0.0003
     0.1053      0.5420      0.0014
     0.1053      0.5420      0.0008
     0.1053      0.5420      0.0000
     0.1053      1.1573      0.0000
     0.1053      1.1573      0.0002
     0.1053      1.1573      0.0009
     0.1053      1.1573      0.0005
     0.1053      1.1573      0.0000
     0.1053      1.1573      0.0000
     0.1053      1.1573      0.0001
     0.1053      1.1573      0.0006
     0.1053      1.1573      0.0003
     0.1053      1.1573      0.0000
     0.1053      1.7192      0.0000
     0.1053      1.7192      0.0002
     0.1053      1.7192      0.0009
     0.1053      1.7192      0.0005
     0.1053      1.7192      0.0000
     0.1053      1.7192      0.0000
     0.1053      1.7192      0.0001
     0.1053      1.7192      0.0006
     0.1053      1.7192      0.0003
     0.1053      1.7192      0.0000
     0.1053      4.5057      0.0000
     0.1053      4.5057      0.0001
     0.1053      4.5057      0.0006
     0.1053      4.5057      0.0004
     0.1053      4.4470      0.0000
     0.1053      4.2710      0.0000
     0.1053      4.2710      0.0001
     0.1053      4.2710      0.0004
     0.1053      4.2710      0.0002
     0.1053      4.2710      0.0000
     0.1053      4.2710      0.0000
     0.1053      4.2710      0.0001
     0.1053      4.2710      0.0004
     0.1053      4.2710      0.0002
     0.1053      4.2710      0.0000
     0.1053    108.4881      0.0000
     0.1053    108.4881      0.0000
     0.1053    108.4881      0.0000
     0.1053    108.4881      0.0000
     0.1053    108.4881      0.0000
     0.1053    108.4881      0.0000
     0.1053    108.4881      0.0000
     0.1053    108.4881      0.0000
     0.1053    108.4881      0.0000
     0.1053    108.4881      0.0000
     0.1053    108.4881      0.0000
     0.1053    108.4881      0.0000
     0.1053    108.4881      0.0000
     0.1053    108.4881      0.0000
     0.1053    108.4881      0.0000
     0.1053    108.4881      0.0000
     0.1053    108.4881      0.0000
     0.1053    108.4881      0.0000
     0.1053    108.4881      0.0000
     0.1053    108.4881      0.0000
     0.1192      0.5360      0.0000
     0.1192      0.5360      0.0000
     0.1192      0.5360      0.0008
     0.1192      0.5360      0.0007
     0.1192      0.5360      0.0000
     0.1192      1.1514      0.0000
     0.1192      1.1514      0.0000
     0.1192      1.1514      0.0006
     0.1192      1.1514      0.0004
     0.1192      1.1514      0.0000
     0.1192      1.1514      0.0000
     0.1192      1.1514      0.0000
     0.1192      1.1514      0.0004
     0.1192      1.1514      0.0003
     0.1192      1.1514      0.0000
     0.1192      1.7614      0.0000
     0.1192      1.7614      0.0000
     0.1192      1.7614      0.0005
     0.1192      1.7331      0.0004
     0.1192      1.7331      0.0000
     0.1192      1.7048      0.0000
     0.1192      1.7048      0.0000
     0.1192      1.7048      0.0003
     0.1192      1.7048      0.0003
     0.1192      1.7048      0.0000
     0.1192      4.4609      0.0000
     0.1192      4.4609      0.0000
     0.1192      4.4609      0.0003
     0.1192      4.4609      0.0003
     0.1192      4.4023      0.0000
     0.1192      4.4609      0.0000
     0.1192      4.4609      0.0000
     0.1192      4.4609      0.0002
     0.1192      4.4609      0.0002
     0.1192      4.4023      0.0000
     0.1192      4.4609      0.0000
     0.1192      4.4609      0.0000
     0.1192      4.4609      0.0002
     0.1192      4.4609      0.0002
     0.1192      4.4023      0.0000
     0.1192    108.5020      0.0000
     0.1192    108.5020      0.0000
     0.1192    108.5020      0.0000
     0.1192    108.5020      0.0000
     0.1192    108.5020      0.0000
     0.1192    108.5020      0.0000
     0.1192    108.5020      0.0000
     0.1192    108.5020      0.0000
     0.1192    108.5020      0.0000
     0.1192    108.5020      0.0000
     0.1192    108.5020      0.0000
     0.1192    108.5020      0.0000
     0.1192    108.5020      0.0000
     0.1192    108.5020      0.0000
     0.1192    108.5020      0.0000
     0.1192    108.5020      0.0000
     0.1192    108.5020      0.0000
     0.1192    108.5020      0.0000
     0.1192    108.5020      0.0000
     0.1192    108.5020      0.0000
     0.1350      1.1274      0.0000
     0.1350      1.1274      0.0000
     0.1350      1.1274      0.0006
     0.1350      1.1274      0.0009
     0.1350      1.1274      0.0001
     0.1350      1.1274      0.0000
     0.1350      1.1274      0.0000
     0.1350      1.1274      0.0004
     0.1350      1.1274      0.0006
     0.1350      1.1274      0.0000
     0.1350      1.7489      0.0000
     0.1350      1.7489      0.0000
     0.1350      1.7489      0.0006
     0.1350      1.7489      0.0008
     0.1350      1.7489      0.0000
     0.1350      1.7489      0.0000
     0.1350      1.7489      0.0000
     0.1350      1.7489      0.0004
     0.1350      1.7489      0.0005
     0.1350      1.7489      0.0000
     0.1350      1.7489      0.0000
     0.1350      1.7489      0.0000
     0.1350      1.7489      0.0004
     0.1350      1.7489      0.0005
     0.1350      1.7489      0.0000
     0.1350      4.4180      0.0000
     0.1350      4.4180      0.0000
     0.1350      4.4180      0.0004
     0.1350      4.4180      0.0005
     0.1350      4.4180      0.0000
     0.1350      4.4180      0.0000
     0.1350      4.4180      0.0000
     0.1350      4.4180      0.0003
     0.1350      4.4180      0.0004
     0.1350      4.4180      0.0000
     0.1350      4.4180      0.0000
     0.1350      4.4180      0.0000
     0.1350      4.4180      0.0003
     0.1350      4.4180      0.0003
     0.1350      4.4180      0.0000
     0.1350    108.5177      0.0000
     0.1350    108.5177      0.0000
     0.1350    108.5177      0.0000
     0.1350    108.5177      0.0000
     0.1350    108.5177      0.0000
     0.1350    108.5177      0.0000
     0.1350    108.5177      0.0000
     0.1350    108.5177      0.0000
     0.1350    108.5177      0.0000
     0.1350    108.5177      0.0000
     0.1350    108.5177      0.0000
     0.1350    108.5177      0.0000
     0.1350    108.5177      0.0000
     0.1350    108.5177      0.0000
     0.1350    108.5177      0.0000
     0.1350    108.5177      0.0000
     0.1350    108.5177      0.0000
     0.1350    108.5177      0.0000
     0.1350    108.5177      0.0000
     0.1350    108.5177      0.0000
     0.1528      1.1254      0.0000
     0.1528      1.1254      0.0000
     0.1528      1.1254      0.0008
     0.1528      1.1254      0.0006
     0.1528      1.1254      0.0000
     0.1528      1.1254      0.0000
     0.1528      1.1254      0.0000
     0.1528      1.1254      0.0005
     0.1528      1.1254      0.0004
     0.1528      1.1254      0.0000
     0.1528      1.7384      0.0000
     0.1528      1.7384      0.0000
     0.1528      1.7384      0.0007
     0.1528      1.7384      0.0005
     0.1528      1.7384      0.0000
     0.1528      1.7384      0.0000
     0.1528      1.7384      0.0000
     0.1528      1.7384      0.0005
     0.1528      1.7384      0.0004
     0.1528      1.7384      0.0000
     0.1528      1.7384      0.0000
     0.1528      1.7384      0.0000
     0.1528      1.7384      0.0004
     0.1528      1.7384      0.0003
     0.1528      1.7384      0.0000
     0.1528      4.3772      0.0000
     0.1528      4.3772      0.0000
     0.1528      4.3772      0.0005
     0.1528      4.3772      0.0004
     0.1528      4.3772      0.0000
     0.1528      4.3772      0.0000
     0.1528      4.3772      0.0000
     0.1528      4.3772      0.0003
     0.1528      4.3772      0.0003
     0.1528      4.3772      0.0000
     0.1528      4.3772      0.0000
     0.1528      4.3772      0.0000
     0.1528      4.3772      0.0003
     0.1528      4.3772      0.0002
     0.1528      4.3772      0.0000
     0.1528    108.5356      0.0000
     0.1528    108.5356      0.0000
     0.1528    108.5356      0.0000
     0.1528    108.5356      0.0000
     0.1528    108.5356      0.0000
     0.1528    108.5356      0.0000
     0.1528    108.5356      0.0000
     0.1528    108.5356      0.0000
     0.1528    108.5356      0.0000
     0.1528    108.5356      0.0000
     0.1528    108.5356      0.0000
     0.1528    108.5356      0.0000
     0.1528    108.5356      0.0000
     0.1528    108.5356      0.0000
     0.1528    108.5356      0.0000
     0.1528    108.5356      0.0000
     0.1528    108.5356      0.0000
     0.1528    108.5356      0.0000
     0.1528    108.5356      0.0000
     0.1528    108.5356      0.0000
     0.1730      1.1059      0.0000
     0.1730      1.1059      0.0002
     0.1730      1.1059      0.0003
     0.1730      1.1059      0.0000
     0.1730      1.1059      0.0000
     0.1730      1.1059      0.0001
     0.1730      1.1059      0.0002
     0.1730      1.1059      0.0000
     0.1730      1.7303      0.0000
     0.1730      1.7303      0.0002
     0.1730      1.7303      0.0002
     0.1730      1.7303      0.0000
     0.1730      1.7303      0.0000
     0.1730      1.7303      0.0001
     0.1730      1.7303      0.0002
     0.1730      1.7303      0.0000
     0.1730      1.7303      0.0000
     0.1730      1.7303      0.0001
     0.1730      1.7303      0.0001
     0.1730      1.7303      0.0000
     0.1730      4.3387      0.0000
     0.1730      4.3387      0.0001
     0.1730      4.3387      0.0002
     0.1730      4.2801      0.0000
     0.1730      4.3387      0.0000
     0.1730      4.3387      0.0001
     0.1730      4.3387      0.0001
     0.1730      4.2801      0.0000
     0.1730      4.3387      0.0000
     0.1730      4.3387      0.0001
     0.1730      4.3387      0.0001
     0.1730      4.2801      0.0000
     0.1730    108.5558      0.0000
     0.1730    108.5558      0.0000
     0.1730    108.5558      0.0000
     0.1730    108.5558      0.0000
     0.1730    108.5558      0.0000
     0.1730    108.5558      0.0000
     0.1730    108.5558      0.0000
     0.1730    108.5558      0.0000
     0.1730    108.5558      0.0000
     0.1730    108.5558      0.0000
     0.1730    108.5558      0.0000
     0.1730    108.5558      0.0000
     0.1730    108.5558      0.0000
     0.1730    108.5558      0.0000
     0.1730    108.5558      0.0000
     0.1730    108.5558      0.0000
     0.1959      1.1089      0.0002
     0.1959      1.1089      0.0028
     0.1959      1.1089      0.0032
     0.1959      1.1089      0.0003
     0.1959      1.1089      0.0002
     0.1959      1.1089      0.0019
     0.1959      1.1089      0.0022
     0.1959      1.1089      0.0002
     0.1959      1.7532      0.0002
     0.1959      1.7532      0.0025
     0.1959      1.7532      0.0029
     0.1959      1.7532      0.0002
     0.1959      1.7532      0.0001
     0.1959      1.7532      0.0017
     0.1959      1.7249      0.0020
     0.1959      1.7249      0.0002
     0.1959      1.7532      0.0001
     0.1959      1.7249      0.0015
     0.1959      1.7249      0.0018
     0.1959      1.7249      0.0001
     0.1959      4.3616      0.0001
     0.1959      4.3616      0.0018
     0.1959      4.3616      0.0021
     0.1959      4.3616      0.0002
     0.1959      4.3616      0.0001
     0.1959      4.3616      0.0012
     0.1959      4.3616      0.0014
     0.1959      4.3616      0.0001
     0.1959      4.3616      0.0001
     0.1959      4.3616      0.0011
     0.1959      4.3616      0.0013
     0.1959      4.3616      0.0001
     0.1959    108.5787      0.0000
     0.1959    108.5787      0.0000
     0.1959    108.5787      0.0000
     0.1959    108.5787      0.0000
     0.1959    108.5787      0.0000
     0.1959    108.5787      0.0000
     0.1959    108.5787      0.0000
     0.1959    108.5787      0.0000
     0.1959    108.5787      0.0000
     0.1959    108.5787      0.0000
     0.1959    108.5787      0.0000
     0.1959    108.5787      0.0000
     0.1959    108.5787      0.0000
     0.1959    108.5787      0.0000
     0.1959    108.5787      0.0000
     0.1959    108.5787      0.0000
     0.2218      1.1348      0.0000
     0.2218      1.1348      0.0000
     0.2218      1.1150      0.0000
     0.2218      1.1150      0.0000
     0.2218      1.1150      0.0000
     0.2218      1.1150      0.0000
     0.2218      1.7224      0.0000
     0.2218      1.7224      0.0000
     0.2218      1.7224      0.0000
     0.2218      1.7224      0.0000
     0.2218      1.7224      0.0000
     0.2218      1.7224      0.0000
     0.2218      1.7224      0.0000
     0.2218      1.7224      0.0000
     0.2218      1.7224      0.0000
     0.2218      4.3288      0.0000
     0.2218      4.3288      0.0000
     0.2218      4.3288      0.0000
     0.2218      4.3288      0.0000
     0.2218      4.3288      0.0000
     0.2218      4.3288      0.0000
     0.2218    107.2326      0.0000
     0.2218    107.2326      0.0000
     0.2218    107.2326      0.0000
     0.2218    107.2326      0.0000
     0.2218    107.2326      0.0000
     0.2218    107.2326      0.0000
     0.2218    107.2326      0.0000
     0.2218    107.2326      0.0000
     0.2218    107.2326      0.0000
     0.2218    107.2326      0.0000
     0.2218    107.2326      0.0000
     0.2218    107.2326      0.0000
     0.2511      1.1443      0.0000
     0.2511      1.1443      0.0003
     0.2511      1.1443      0.0004
     0.2511      1.1443      0.0001
     0.2511      1.1245      0.0000
     0.2511      1.1245      0.0002
     0.2511      1.1245      0.0003
     0.2511      1.1245      0.0000
     0.2511      1.1245      0.0000
     0.2511      1.1245      0.0001
     0.2511      1.1245      0.0003
     0.2511      1.1245      0.0000
     0.2511      1.7235      0.0000
     0.2511      1.7235      0.0002
     0.2511      1.7235      0.0004
     0.2511      1.7235      0.0001
     0.2511      1.7235      0.0000
     0.2511      1.7235      0.0001
     0.2511      1.7235      0.0002
     0.2511      1.7235      0.0000
     0.2511      1.7235      0.0000
     0.2511      1.7235      0.0001
     0.2511      1.7235      0.0002
     0.2511      1.7235      0.0000
     0.2511      4.2995      0.0000
     0.2511      4.2995      0.0002
     0.2511      4.2408      0.0003
     0.2511      4.2408      0.0000
     0.2511      4.2995      0.0000
     0.2511      4.2995      0.0001
     0.2511      4.2408      0.0002
     0.2511      4.2408      0.0000
     0.2511    107.2620      0.0000
     0.2511    107.2620      0.0000
     0.2511    107.2620      0.0000
     0.2511    107.2620      0.0000
     0.2511    107.2620      0.0000
     0.2511    107.2620      0.0000
     0.2511    107.2620      0.0000
     0.2511    107.2620      0.0000
     0.2511    107.2620      0.0000
     0.2511    107.2620      0.0000
     0.2511    107.2620      0.0000
     0.2511    107.2620      0.0000
     0.2511    107.2620      0.0000
     0.2511    107.2620      0.0000
     0.2511    107.2620      0.0000
     0.2511    107.2620      0.0000
     0.2843      1.1577      0.0000
     0.2843      1.1577      0.0005
     0.2843      1.1577      0.0016
     0.2843      1.1577      0.0002
     0.2843      1.1378      0.0000
     0.2843      1.1378      0.0004
     0.2843      1.1378      0.0011
     0.2843      1.1378      0.0002
     0.2843      1.1378      0.0000
     0.2843      1.1378      0.0003
     0.2843      1.1378      0.0009
     0.2843      1.1378      0.0001
     0.2843      1.7567      0.0000
     0.2843      1.7000      0.0005
     0.2843      1.7000      0.0014
     0.2843      1.7000      0.0002
     0.2843      1.7000      0.0000
     0.2843      1.7000      0.0003
     0.2843      1.7000      0.0009
     0.2843      1.7000      0.0001
     0.2843      1.7000      0.0000
     0.2843      1.7000      0.0003
     0.2843      1.7000      0.0008
     0.2843      1.7000      0.0001
     0.2843      4.3327      0.0000
     0.2843      4.3327      0.0003
     0.2843      4.3327      0.0010
     0.2843      4.2740      0.0001
     0.2843      4.3327      0.0000
     0.2843      4.3327      0.0002
     0.2843      4.3327      0.0007
     0.2843      4.2740      0.0001
     0.2843    107.2952      0.0000
     0.2843    107.2952      0.0000
     0.2843    107.2952      0.0000
     0.2843    107.2952      0.0000
     0.2843    107.2952      0.0000
     0.2843    107.2952      0.0000
     0.2843    107.2952      0.0000
     0.2843    107.2952      0.0000
     0.2843    107.2952      0.0000
     0.2843    107.2952      0.0000
     0.2843    107.2952      0.0000
     0.2843    107.2952      0.0000
     0.2843    107.2952      0.0000
     0.2843    107.2952      0.0000
     0.2843    107.2952      0.0000
     0.2843    107.2952      0.0000
     0.3645      1.7519      0.0000
     0.3645      1.7519      0.0006
     0.3645      1.7235      0.0021
     0.3645      1.7235      0.0004
     0.3645      1.7519      0.0000
     0.3645      1.7519      0.0004
     0.3645      1.7235      0.0014
     0.3645      1.7235      0.0003
     0.3645      1.7519      0.0000
     0.3645      1.7519      0.0004
     0.3645      1.7235      0.0012
     0.3645      1.7235      0.0002
     0.3645      4.2368      0.0000
     0.3645      4.2368      0.0004
     0.3645      4.2368      0.0015
     0.3645      4.2368      0.0003
     0.3645      4.2368      0.0000
     0.3645      4.1781      0.0003
     0.3645      4.2368      0.0010
     0.3645      4.2368      0.0002
     0.3645      4.1781      0.0000
     0.3645      4.1781      0.0003
     0.3645      4.1781      0.0009
     0.3645      4.2368      0.0002
     0.3645    107.3753      0.0000
     0.3645    107.3753      0.0000
     0.3645    107.3753      0.0000
     0.3645    107.3753      0.0000
     0.3645    107.3753      0.0000
     0.3645    107.3753      0.0000
     0.3645    107.3753      0.0000
     0.3645    107.3753      0.0000
     0.3645    107.3753      0.0000
     0.3645    107.3753      0.0000
     0.3645    107.3753      0.0000
     0.3645    107.3753      0.0000
     0.3645    107.3753      0.0000
     0.3645    107.3753      0.0000
     0.3645    107.3753      0.0000
     0.3645    107.3753      0.0000
     0.4126      1.7434      0.0000
     0.4126      1.7434      0.0005
     0.4126      1.7434      0.0019
     0.4126      1.7434      0.0004
     0.4126      1.7434      0.0000
     0.4126      1.7434      0.0003
     0.4126      1.7434      0.0012
     0.4126      1.7434      0.0002
     0.4126      1.7434      0.0000
     0.4126      1.7434      0.0003
     0.4126      1.7434      0.0010
     0.4126      1.7434      0.0002
     0.4126      4.2850      0.0000
     0.4126      4.2850      0.0004
     0.4126      4.2850      0.0014
     0.4126      4.1677      0.0003
     0.4126      4.1677      0.0000
     0.4126      4.1677      0.0002
     0.4126      4.1677      0.0008
     0.4126      4.1677      0.0002
     0.4126      4.1677      0.0000
     0.4126      4.1677      0.0002
     0.4126      4.1677      0.0007
     0.4126      4.1677      0.0001
     0.4126    107.4235      0.0000
     0.4126    107.4235      0.0000
     0.4126    107.4235      0.0000
     0.4126    107.4235      0.0000
     0.4126    107.4235      0.0000
     0.4126    107.4235      0.0000
     0.4126    107.4235      0.0000
     0.4126    107.4235      0.0000
     0.4126    107.4235      0.0000
     0.4126    107.4235      0.0000
     0.4126    107.4235      0.0000
     0.4126    107.4235      0.0000
     0.4126    107.4235      0.0000
     0.4126    107.4235      0.0000
     0.4126    107.4235      0.0000
     0.4126    107.4235      0.0000
     0.4672      4.2222      0.0000
     0.4672      4.2809      0.0001
     0.4672      4.2222      0.0009
     0.4672      4.1049      0.0004
     0.4672      4.2222      0.0000
     0.4672      4.2809      0.0001
     0.4672      4.2222      0.0006
     0.4672      4.1049      0.0003
     0.4672      4.2222      0.0000
     0.4672      4.2809      0.0000
     0.4672      4.2222      0.0005
     0.4672      4.1049      0.0003
     0.4672    107.4781      0.0000
     0.4672    107.4781      0.0000
     0.4672    107.4781      0.0000
     0.4672    107.4781      0.0000
     0.4672    107.4781      0.0000
     0.4672    107.4781      0.0000
     0.4672    107.4781      0.0000
     0.4672    107.4781      0.0000
     0.4672    107.4781      0.0000
     0.4672    107.4781      0.0000
     0.4672    107.4781      0.0000
     0.4672    107.4781      0.0000
     0.4672    107.4781      0.0000
     0.4672    107.4781      0.0000
     0.4672    107.4781      0.0000
     0.4672    107.4781      0.0000
     0.5290      4.2840      0.0000
     0.5290      4.2840      0.0009
     0.5290      4.1666      0.0007
     0.5290      4.2840      0.0000
     0.5290      4.1666      0.0006
     0.5290      4.1666      0.0005
     0.5290      4.2840      0.0000
     0.5290      4.1666      0.0005
     0.5290      4.1666      0.0004
     0.5290    106.1679      0.0000
     0.5290    106.1679      0.0000
     0.5290    106.1679      0.0000
     0.5290    106.1679      0.0000
     0.5290    106.1679      0.0000
     0.5290    106.1679      0.0000
     0.5290    106.1679      0.0000
     0.5290    106.1679      0.0000
     0.5290    106.1679      0.0000
     0.5290    106.1679      0.0000
     0.5290    106.1679      0.0000
     0.5290    106.1679      0.0000
     0.5989      4.2366      0.0000
     0.5989      4.2366      0.0000
     0.5989      4.2366      0.0005
     0.5989      4.2366      0.0007
     0.5989      4.2366      0.0000
     0.5989      4.2366      0.0000
     0.5989      4.2366      0.0003
     0.5989      4.2366      0.0004
     0.5989      4.2366      0.0000
     0.5989      4.2366      0.0000
     0.5989      4.2366      0.0003
     0.5989      4.2366      0.0004
     0.5989    106.2378      0.0000
     0.5989    106.2378      0.0000
     0.5989    106.2378      0.0000
     0.5989    106.2378      0.0000
     0.5989    106.2378      0.0000
     0.5989    106.2378      0.0000
     0.5989    106.2378      0.0000
     0.5989    106.2378      0.0000
     0.5989    106.2378      0.0000
     0.5989    106.2378      0.0000
     0.5989    106.2378      0.0000
     0.5989    106.2378      0.0000
     0.5989    106.2378      0.0000
     0.5989    106.2378      0.0000
     0.5989    106.2378      0.0000
     0.5989    106.2378      0.0000
     0.6781      4.1984      0.0000
     0.6781      4.1984      0.0001
     0.6781      4.1984      0.0003
     0.6781      4.1984      0.0000
     0.6781      4.1984      0.0001
     0.6781      4.1984      0.0002
     0.6781      4.1984      0.0000
     0.6781      4.1984      0.0001
     0.6781      4.1984      0.0002
     0.6781    104.9451      0.0000
     0.6781    104.9451      0.0000
     0.6781    104.9451      0.0000
     0.6781    104.9451      0.0000
     0.6781    104.9451      0.0000
     0.6781    104.9451      0.0000
     0.6781    104.9451      0.0000
     0.6781    104.9451      0.0000
     0.6781    104.9451      0.0000
     0.6781    104.9451      0.0000
     0.6781    104.9451      0.0000
     0.6781    104.9451      0.0000
     0.7678      4.1708      0.0000
     0.7678      4.1708      0.0000
     0.7678      4.1708      0.0001
     0.7678      4.1708      0.0000
     0.7678      4.1708      0.0000
     0.7678      4.1708      0.0001
     0.7678      4.1708      0.0000
     0.7678      4.1708      0.0000
     0.7678      4.1708      0.0000
     0.7678    105.0348      0.0000
     0.7678    105.0348      0.0000
     0.7678    105.0348      0.0000
     0.7678    105.0348      0.0000
     0.7678    105.0348      0.0000
     0.7678    105.0348      0.0000
     0.7678    105.0348      0.0000
     0.7678    105.0348      0.0000
     0.7678    105.0348      0.0000
     0.7678    105.0348      0.0000
     0.7678    105.0348      0.0000
     0.7678    105.0348      0.0000
     0.8693      4.1549      0.0000
     0.8693      4.1549      0.0001
     0.8693      4.1549      0.0005
     0.8693      4.1549      0.0000
     0.8693      4.1549      0.0000
     0.8693      4.1549      0.0003
     0.8693      4.1549      0.0000
     0.8693      4.1549      0.0000
     0.8693      4.1549      0.0003
     0.8693      4.1549      0.0000
     0.8693      4.1549      0.0000
     0.8693      4.1549      0.0002
     0.8693    103.7643      0.0000
     0.8693    103.7643      0.0000
     0.8693    103.7643      0.0000
     0.8693    103.7643      0.0000
     0.8693    103.7643      0.0000
     0.8693    103.7643      0.0000
     0.8693    103.7643      0.0000
     0.8693    103.7643      0.0000
     0.8693    103.7643      0.0000
     0.8693    103.7643      0.0000
     0.8693    103.7643      0.0000
     0.8693    103.7643      0.0000
     0.9842      4.1525      0.0000
     0.9842      4.1525      0.0000
     0.9842      4.1525      0.0000
     0.9842      4.1525      0.0000
     0.9842      4.1525      0.0000
     0.9842      4.1525      0.0000
     0.9842      4.1525      0.0000
     0.9842      4.1525      0.0000
     0.9842    106.6231      0.0000
     0.9842    106.6231      0.0000
     0.9842    106.6231      0.0000
     0.9842    106.6231      0.0000
     0.9842    106.6231      0.0000
     0.9842    106.6231      0.0000
     0.9842    106.6231      0.0000
     0.9842    106.6231      0.0000
     1.1144    105.3813      0.0000
     1.1144    105.3813      0.0000
     1.1144    105.3813      0.0000
     1.1144    105.3813      0.0000
     1.1144    105.3813      0.0000
     1.1144    105.3813      0.0000
     1.1144    105.3813      0.0000
     1.1144    105.3813      0.0000
     1.1144    105.3813      0.0000
     1.1144    105.3813      0.0000
     1.1144    105.3813      0.0000
     1.1144    105.3813      0.0000
     1.1144    105.3813      0.0000
     1.1144    105.3813      0.0000
     1.1144    105.3813      0.0000
     1.1144    105.3813      0.0000
     1.2617    104.1567      0.0000
     1.2617    104.1567      0.0000
     1.2617    104.1567      0.0000
     1.2617    104.1567      0.0000
     1.2617    104.1567      0.0000
     1.2617    104.1567      0.0000
     1.2617    104.1567      0.0000
     1.2617    104.1567      0.0000
     1.2617    104.1567      0.0000
     1.2617    104.1567      0.0000
     1.2617    104.1567      0.0000
     1.2617    104.1567      0.0000
     1.2617    104.1567      0.0000
     1.2617    104.1567      0.0000
     1.2617    104.1567      0.0000
     1.2617    104.1567      0.0000
     1.4285    107.0674      0.0000
     1.4285    107.0674      0.0000
     1.4285    107.0674      0.0000
     1.4285    107.0674      0.0000
     1.4285    107.0674      0.0000
     1.4285    107.0674      0.0000
     1.4285    107.0674      0.0000
     1.4285    107.0674      0.0000
     1.4285    107.0674      0.0000
     1.4285    107.0674      0.0000
     1.4285    107.0674      0.0000
     1.4285    107.0674      0.0000
     1.4285    107.0674      0.0000
     1.4285    107.0674      0.0000
     1.4285    107.0674      0.0000
     1.4285    107.0674      0.0000
     1.6174    105.8844      0.0000
     1.6174    105.8844      0.0000
     1.6174    105.8844      0.0000
     1.6174    105.8844      0.0000
     1.6174    105.8844      0.0000
     1.6174    105.8844      0.0000
     1.6174    105.8844      0.0000
     1.6174    105.8844      0.0000
     1.6174    105.8844      0.0000
     1.6174    105.8844      0.0000
     1.6174    105.8844      0.0000
     1.6174    105.8844      0.0000
     1.8312    103.3543      0.0000
     1.8312    103.3543      0.0000
     1.8312    103.3543      0.0000
     1.8312    103.3543      0.0000
     1.8312    103.3543      0.0000
     1.8312    103.3543      0.0000
     1.8312    103.3543      0.0000
     1.8312    103.3543      0.0000
     1.8312    103.3543      0.0000
     1.8312    103.3543      0.0000
     1.8312    103.3543      0.0000
     1.8312    103.3543      0.0000
     2.0734    103.5965      0.0000
     2.0734    103.5965      0.0000
     2.0734    103.5965      0.0000
     2.0734    103.5965      0.0000
     2.0734    103.5965      0.0000
     2.0734    103.5965      0.0000
     2.0734    103.5965      0.0000
     2.0734    103.5965      0.0000
     2.0734    103.5965      0.0000
     2.0734    103.5965      0.0000
     2.0734    103.5965      0.0000
     2.0734    103.5965      0.0000
     2.0734    103.5965      0.0000
     2.0734    103.5965      0.0000
     2.0734    103.5965      0.0000
     2.0734    103.5965      0.0000
     2.3475    101.1267      0.0000
     2.3475    101.1267      0.0000
     2.3475    101.1267      0.0000
     2.3475    101.1267      0.0000
     2.3475    101.1267      0.0000
     2.3475    101.1267      0.0000
     2.3475    101.1267      0.0000
     2.3475    101.1267      0.0000
     2.3475    101.1267      0.0000
     2.3475    101.1267      0.0000
     2.3475    101.1267      0.0000
     2.3475    101.1267      0.0000
     2.6579    102.8091      0.0000
     2.6579    102.8091      0.0000
     2.6579    102.8091      0.0000
     2.6579    102.8091      0.0000
     2.6579    102.8091      0.0000
     2.6579    102.8091      0.0000
     2.6579    102.8091      0.0000
     2.6579    102.8091      0.0000
     3.0093    100.4166      0.0000
     3.0093    100.4166      0.0000
     3.0093    100.4166      0.0000
     3.0093    100.4166      0.0000
     3.0093    100.4166      0.0000
     3.0093    100.4166      0.0000
     3.0093    100.4166      0.0000
     3.0093    100.4166      0.0000
     3.0093    100.4166      0.0000
     3.0093    100.4166      0.0000
     3.0093    100.4166      0.0000
     3.0093    100.4166      0.0000
     3.0093    100.4166      0.0000
     3.0093    100.4166      0.0000
     3.0093    100.4166      0.0000
     3.0093    100.4166      0.0000
     3.4072     99.4426      0.0000
     3.4072     99.4426      0.0000
     3.4072     99.4426      0.0000
     3.4072     99.4426      0.0000
     3.4072     99.4426      0.0000
     3.4072     99.4426      0.0000
     3.4072     99.4426      0.0000
     3.4072     99.4426      0.0000
     3.4072     99.4426      0.0000
     3.4072     99.4426      0.0000
     3.4072     99.4426      0.0000
     3.4072     99.4426      0.0000
     3.8577     97.1492      0.0000
     3.8577     97.1492      0.0005
     3.8577     97.1492      0.0000
     3.8577     97.1492      0.0003
     3.8577     97.1492      0.0000
     3.8577     97.1492      0.0003
     3.8577     97.1492      0.0000
     3.8577     97.1492      0.0002
     3.8577     80.6860      0.0000
     3.8577     80.6860      0.0000
     4.3677     97.6592      0.0000
     4.3677     97.6592      0.0000
     4.3677     97.6592      0.0000
     4.3677     97.6592      0.0000
     4.3677     97.6592      0.0000
     4.3677     97.6592      0.0000
     4.3677     97.6592      0.0000
     4.3677     97.6592      0.0000
     4.3677     82.5680      0.0000
     4.3677     82.5680      0.0000
     4.9452     95.4929      0.0000
     4.9452     95.4929      0.0004
     4.9452     95.4929      0.0000
     4.9452     95.4929      0.0003
     4.9452     95.4929      0.0000
     4.9452     95.4929      0.0002
     4.9452     95.4929      0.0000
     4.9452     95.4929      0.0002
     4.9452     81.7735      0.0000
     4.9452     81.7735      0.0000
     5.5991     94.7748      0.0000
     5.5991     94.7748      0.0000
     5.5991     94.7748      0.0000
     5.5991     94.7748      0.0000
     5.5991     81.0555      0.0000
     6.3394     92.7712      0.0003
     6.3394     92.7712      0.0002
     6.3394     92.7712      0.0002
     6.3394     92.7712      0.0001
     6.3394     80.4238      0.0000
     7.1776     92.2375      0.0000
     7.1776     92.2375      0.0000
     7.1776     92.2375      0.0000
     7.1776     92.2375      0.0000
     7.1776     77.1462      0.0000
     0.0000      1.3047      0.0000
     0.0000      1.3047      0.0045
     0.0000      1.3047      0.0094
     0.0000      1.3047      0.0020
     0.0000      1.3047      0.0000
     0.0000      1.8898      0.0000
     0.0000      1.8898      0.0040
     0.0000      1.8898      0.0083
     0.0000      1.8898      0.0018
     0.0000      1.8898      0.0000
     0.0000      1.8898      0.0000
     0.0000      1.8898      0.0027
     0.0000      1.8898      0.0056
     0.0000      1.8898      0.0012
     0.0000      1.8898      0.0000
     0.0000      4.5686      0.0000
     0.0000      4.6280      0.0028
     0.0000      4.5686      0.0058
     0.0000      4.5686      0.0012
     0.0000      4.5686      0.0000
     0.0000      4.5093      0.0000
     0.0000      4.5093      0.0019
     0.0000      4.5686      0.0040
     0.0000      4.5686      0.0008
     0.0000      4.5686      0.0000
     0.0000      4.5093      0.0000
     0.0000      4.5093      0.0016
     0.0000      4.5686      0.0034
     0.0000      4.5686      0.0007
     0.0000      4.5686      0.0000
     0.0000    110.9905      0.0000
     0.0000    110.9905      0.0000
     0.0000    110.9905      0.0001
     0.0000    110.9905      0.0000
     0.0000    110.9905      0.0000
     0.0000    110.9905      0.0000
     0.0000    110.9905      0.0000
     0.0000    110.9905      0.0001
     0.0000    110.9905      0.0000
     0.0000    110.9905      0.0000
     0.0000    110.9905      0.0000
     0.0000    110.9905      0.0000
     0.0000    110.9905      0.0000
     0.0000    110.9905      0.0000
     0.0000    110.9905      0.0000
     0.0000    110.9905      0.0000
     0.0000    110.9905      0.0000
     0.0000    110.9905      0.0000
     0.0000    110.9905      0.0000
     0.0000    110.9905      0.0000
     0.0003      1.3050      0.0000
     0.0003      1.3050      0.0000
     0.0003      1.3050      0.0000
     0.0003      1.3050      0.0000
     0.0003      1.8901      0.0000
     0.0003      1.8901      0.0000
     0.0003      1.8901      0.0000
     0.0003      1.8901      0.0000
     0.0003      1.8901      0.0000
     0.0003      1.8901      0.0000
     0.0003      1.8901      0.0000
     0.0003      1.8901      0.0000
     0.0003      4.5689      0.0000
     0.0003      4.5689      0.0000
     0.0003      4.5689      0.0000
     0.0003      4.5689      0.0000
     0.0003      4.5096      0.0000
     0.0003      4.5096      0.0000
     0.0003      4.5689      0.0000
     0.0003      4.5689      0.0000
     0.0003      4.5096      0.0000
     0.0003      4.5096      0.0000
     0.0003      4.5689      0.0000
     0.0003      4.5689      0.0000
     0.0003    110.9908      0.0000
     0.0003    110.9908      0.0000
     0.0003    110.9908      0.0000
     0.0003    110.9908      0.0000
     0.0003    110.9908      0.0000
     0.0003    110.9908      0.0000
     0.0003    110.9908      0.0000
     0.0003    110.9908      0.0000
     0.0003    110.9908      0.0000
     0.0003    110.9908      0.0000
     0.0003    110.9908      0.0000
     0.0003    110.9908      0.0000
     0.0003    110.9908      0.0000
     0.0003    110.9908      0.0000
     0.0003    110.9908      0.0000
     0.0003    110.9908      0.0000
     0.0009      1.3057      0.0000
     0.0009      1.3057      0.0000
     0.0009      1.8907      0.0000
     0.0009      1.8907      0.0000
     0.0009      1.8907      0.0000
     0.0009      1.8907      0.0000
     0.0009      4.5696      0.0000
     0.0009      4.5696      0.0000
     0.0009      4.5696      0.0000
     0.0009      4.5696      0.0000
     0.0009      4.5696      0.0000
     0.0009      4.5696      0.0000
     0.0009    110.9915      0.0000
     0.0009    110.9915      0.0000
     0.0009    110.9915      0.0000
     0.0009    110.9915      0.0000
     0.0009    110.9915      0.0000
     0.0009    110.9915      0.0000
     0.0009    110.9915      0.0000
     0.0009    110.9915      0.0000
     0.0012      1.3059      0.0000
     0.0012      1.3059      0.0000
     0.0012      1.8910      0.0000
     0.0012      1.8624      0.0000
     0.0012      1.8910      0.0000
     0.0012      1.8624      0.0000
     0.0012      4.5698      0.0000
     0.0012      4.5698      0.0000
     0.0012      4.5698      0.0000
     0.0012      4.5698      0.0000
     0.0012      4.5698      0.0000
     0.0012      4.5698      0.0000
     0.0012    110.9917      0.0000
     0.0012    110.9917      0.0000
     0.0012    110.9917      0.0000
     0.0012    110.9917      0.0000
     0.0012    110.9917      0.0000
     0.0012    110.9917      0.0000
     0.0012    110.9917      0.0000
     0.0012    110.9917      0.0000
     0.0020      1.3067      0.0000
     0.0020      1.3067      0.0005
     0.0020      1.3067      0.0017
     0.0020      1.3067      0.0004
     0.0020      1.3067      0.0000
     0.0020      1.8918      0.0000
     0.0020      1.8631      0.0005
     0.0020      1.8631      0.0015
     0.0020      1.8631      0.0004
     0.0020      1.8631      0.0000
     0.0020      1.8918      0.0000
     0.0020      1.8631      0.0003
     0.0020      1.8631      0.0011
     0.0020      1.8631      0.0003
     0.0020      1.8631      0.0000
     0.0020      4.5706      0.0000
     0.0020      4.5706      0.0003
     0.0020      4.5706      0.0011
     0.0020      4.5706      0.0003
     0.0020      4.5706      0.0000
     0.0020      4.5113      0.0000
     0.0020      4.5113      0.0002
     0.0020      4.5706      0.0008
     0.0020      4.5706      0.0002
     0.0020      4.5706      0.0000
     0.0020      4.5113      0.0000
     0.0020      4.5113      0.0002
     0.0020      4.5706      0.0007
     0.0020      4.5706      0.0002
     0.0020      4.5706      0.0000
     0.0020    110.9925      0.0000
     0.0020    110.9925      0.0000
     0.0020    110.9925      0.0000
     0.0020    110.9925      0.0000
     0.0020    110.9925      0.0000
     0.0020    110.9925      0.0000
     0.0020    110.9925      0.0000
     0.0020    110.9925      0.0000
     0.0020    110.9925      0.0000
     0.0020    110.9925      0.0000
     0.0020    110.9925      0.0000
     0.0020    110.9925      0.0000
     0.0020    110.9925      0.0000
     0.0020    110.9925      0.0000
     0.0020    110.9925      0.0000
     0.0020    110.9925      0.0000
     0.0020    110.9925      0.0000
     0.0020    110.9925      0.0000
     0.0020    110.9925      0.0000
     0.0020    110.9925      0.0000
     0.0022      1.3070      0.0000
     0.0022      1.3070      0.0000
     0.0022      1.8634      0.0000
     0.0022      1.8634      0.0000
     0.0022      1.8634      0.0000
     0.0022      1.8634      0.0000
     0.0022      4.5709      0.0000
     0.0022      4.5709      0.0000
     0.0022      4.5115      0.0000
     0.0022      4.5115      0.0000
     0.0022      4.5115      0.0000
     0.0022      4.5115      0.0000
     0.0022    110.9928      0.0000
     0.0022    110.9928      0.0000
     0.0022    110.9928      0.0000
     0.0022    110.9928      0.0000
     0.0022    110.9928      0.0000
     0.0022    110.9928      0.0000
     0.0022    110.9928      0.0000
     0.0022    110.9928      0.0000
     0.0033      1.3080      0.0000
     0.0033      1.3080      0.0000
     0.0033      1.3080      0.0000
     0.0033      1.3080      0.0001
     0.0033      1.3080      0.0000
     0.0033      1.8644      0.0000
     0.0033      1.8644      0.0000
     0.0033      1.8644      0.0000
     0.0033      1.8644      0.0001
     0.0033      1.8644      0.0000
     0.0033      1.8644      0.0000
     0.0033      1.8644      0.0000
     0.0033      1.8644      0.0000
     0.0033      1.8644      0.0001
     0.0033      1.8644      0.0000
     0.0033      4.5719      0.0000
     0.0033      4.5719      0.0000
     0.0033      4.5719      0.0000
     0.0033      4.5719      0.0001
     0.0033      4.5719      0.0000
     0.0033      4.5125      0.0000
     0.0033      4.5125      0.0000
     0.0033      4.5719      0.0000
     0.0033      4.5719      0.0001
     0.0033      4.5719      0.0000
     0.0033      4.5125      0.0000
     0.0033      4.5125      0.0000
     0.0033      4.5719      0.0000
     0.0033      4.5719      0.0001
     0.0033      4.5719      0.0000
     0.0033    110.9938      0.0000
     0.0033    110.9938      0.0000
     0.0033    110.9938      0.0000
     0.0033    110.9938      0.0000
     0.0033    110.9938      0.0000
     0.0033    110.9938      0.0000
     0.0033    110.9938      0.0000
     0.0033    110.9938      0.0000
     0.0033    110.9938      0.0000
     0.0033    110.9938      0.0000
     0.0033    110.9938      0.0000
     0.0033    110.9938      0.0000
     0.0033    110.9938      0.0000
     0.0033    110.9938      0.0000
     0.0033    110.9938      0.0000
     0.0033    110.9938      0.0000
     0.0033    110.9938      0.0000
     0.0033    110.9938      0.0000
     0.0033    110.9938      0.0000
     0.0033    110.9938      0.0000
     0.0042      1.2888      0.0000
     0.0042      1.2888      0.0001
     0.0042      1.2888      0.0002
     0.0042      1.2888      0.0000
     0.0042      1.8653      0.0000
     0.0042      1.8653      0.0001
     0.0042      1.8653      0.0002
     0.0042      1.8653      0.0000
     0.0042      1.8653      0.0000
     0.0042      1.8653      0.0000
     0.0042      1.8653      0.0001
     0.0042      1.8653      0.0000
     0.0042      4.5728      0.0000
     0.0042      4.5728      0.0000
     0.0042      4.5728      0.0001
     0.0042      4.5728      0.0000
     0.0042      4.5135      0.0000
     0.0042      4.5135      0.0000
     0.0042      4.5728      0.0001
     0.0042      4.5728      0.0000
     0.0042      4.5135      0.0000
     0.0042      4.5135      0.0000
     0.0042      4.5728      0.0001
     0.0042      4.5728      0.0000
     0.0042    110.9947      0.0000
     0.0042    110.9947      0.0000
     0.0042    110.9947      0.0000
     0.0042    110.9947      0.0000
     0.0042    110.9947      0.0000
     0.0042    110.9947      0.0000
     0.0042    110.9947      0.0000
     0.0042    110.9947      0.0000
     0.0042    110.9947      0.0000
     0.0042    110.9947      0.0000
     0.0042    110.9947      0.0000
     0.0042    110.9947      0.0000
     0.0042    110.9947      0.0000
     0.0042    110.9947      0.0000
     0.0042    110.9947      0.0000
     0.0042    110.9947      0.0000
     0.0053      1.2900      0.0000
     0.0053      1.2900      0.0001
     0.0053      1.2900      0.0002
     0.0053      1.8665      0.0000
     0.0053      1.8665      0.0001
     0.0053      1.8665      0.0002
     0.0053      1.8665      0.0000
     0.0053      1.8665      0.0001
     0.0053      1.8665      0.0001
     0.0053      4.5740      0.0000
     0.0053      4.5740      0.0001
     0.0053      4.5740      0.0001
     0.0053      4.5146      0.0000
     0.0053      4.5146      0.0000
     0.0053      4.5740      0.0001
     0.0053      4.5146      0.0000
     0.0053      4.5146      0.0000
     0.0053      4.5740      0.0001
     0.0053    110.9959      0.0000
     0.0053    110.9959      0.0000
     0.0053    110.9959      0.0000
     0.0053    110.9959      0.0000
     0.0053    110.9959      0.0000
     0.0053    110.9959      0.0000
     0.0053    110.9959      0.0000
     0.0053    110.9959      0.0000
     0.0053    110.9959      0.0000
     0.0053    110.9959      0.0000
     0.0053    110.9959      0.0000
     0.0053    110.9959      0.0000
     0.0069      1.2915      0.0000
     0.0069      1.2915      0.0003
     0.0069      1.2915      0.0001
     0.0069      1.8680      0.0000
     0.0069      1.8680      0.0003
     0.0069      1.8680      0.0001
     0.0069      1.8680      0.0000
     0.0069      1.8680      0.0002
     0.0069      1.8680      0.0001
     0.0069      4.5755      0.0000
     0.0069      4.5755      0.0002
     0.0069      4.5755      0.0001
     0.0069      4.5161      0.0000
     0.0069      4.5755      0.0001
     0.0069      4.5755      0.0001
     0.0069      4.5161      0.0000
     0.0069      4.5755      0.0001
     0.0069      4.5755      0.0000
     0.0069    110.9974      0.0000
     0.0069    110.9974      0.0000
     0.0069    110.9974      0.0000
     0.0069    110.9974      0.0000
     0.0069    110.9974      0.0000
     0.0069    110.9974      0.0000
     0.0069    110.9974      0.0000
     0.0069    110.9974      0.0000
     0.0069    110.9974      0.0000
     0.0069    110.9974      0.0000
     0.0069    110.9974      0.0000
     0.0069    110.9974      0.0000
     0.0088      1.2934      0.0000
     0.0088      1.2934      0.0000
     0.0088      1.8699      0.0000
     0.0088      1.8699      0.0000
     0.0088      1.8699      0.0000
     0.0088      1.8699      0.0000
     0.0088      4.5774      0.0000
     0.0088      4.5181      0.0000
     0.0088      4.5774      0.0000
     0.0088      4.5181      0.0000
     0.0088      4.5774      0.0000
     0.0088      4.5181      0.0000
     0.0088    110.9993      0.0000
     0.0088    110.9993      0.0000
     0.0088    110.9993      0.0000
     0.0088    110.9993      0.0000
     0.0088    110.9993      0.0000
     0.0088    110.9993      0.0000
     0.0088    110.9993      0.0000
     0.0088    110.9993      0.0000
     0.0344      0.5864      0.0000
     0.0344      0.5864      0.0000
     0.0344      1.2589      0.0000
     0.0344      1.2589      0.0000
     0.0344      1.8383      0.0000
     0.0344      1.8097      0.0000
     0.0344      1.8383      0.0000
     0.0344      1.8097      0.0000
     0.0344      4.4844      0.0000
     0.0344      4.4844      0.0000
     0.0344      4.4844      0.0000
     0.0344      4.4844      0.0000
     0.0344      4.4844      0.0000
     0.0344      4.4844      0.0000
     0.0344    111.0250      0.0000
     0.0344    111.0250      0.0000
     0.0344    111.0250      0.0000
     0.0344    111.0250      0.0000
     0.0344    111.0250      0.0000
     0.0344    111.0250      0.0000
     0.0344    111.0250      0.0000
     0.0344    111.0250      0.0000
     0.0390      0.5910      0.0000
     0.0390      0.5910      0.0003
     0.0390      0.5809      0.0022
     0.0390      0.5809      0.0012
     0.0390      0.5809      0.0000
     0.0390      1.2434      0.0000
     0.0390      1.2434      0.0002
     0.0390      1.2434      0.0015
     0.0390      1.2434      0.0008
     0.0390      1.2434      0.0000
     0.0390      1.8142      0.0000
     0.0390      1.8142      0.0002
     0.0390      1.8142      0.0013
     0.0390      1.8142      0.0007
     0.0390      1.8142      0.0000
     0.0390      1.8142      0.0000
     0.0390      1.8142      0.0001
     0.0390      1.8142      0.0009
     0.0390      1.8142      0.0005
     0.0390      1.8142      0.0000
     0.0390      4.4889      0.0000
     0.0390      4.4889      0.0001
     0.0390      4.4889      0.0009
     0.0390      4.4889      0.0005
     0.0390      4.4889      0.0000
     0.0390      4.4889      0.0000
     0.0390      4.4889      0.0001
     0.0390      4.4889      0.0006
     0.0390      4.4889      0.0003
     0.0390      4.4889      0.0000
     0.0390      4.4889      0.0000
     0.0390      4.4889      0.0001
     0.0390      4.4889      0.0006
     0.0390      4.4889      0.0003
     0.0390      4.4889      0.0000
     0.0390    111.0295      0.0000
     0.0390    111.0295      0.0000
     0.0390    111.0295      0.0000
     0.0390    111.0295      0.0000
     0.0390    111.0295      0.0000
     0.0390    111.0295      0.0000
     0.0390    111.0295      0.0000
     0.0390    111.0295      0.0000
     0.0390    111.0295      0.0000
     0.0390    111.0295      0.0000
     0.0390    111.0295      0.0000
     0.0390    111.0295      0.0000
     0.0390    111.0295      0.0000
     0.0390    111.0295      0.0000
     0.0390    111.0295      0.0000
     0.0390    111.0295      0.0000
     0.0390    111.0295      0.0000
     0.0390    111.0295      0.0000
     0.0390    111.0295      0.0000
     0.0390    111.0295      0.0000
     0.0441      0.5861      0.0000
     0.0441      0.5861      0.0005
     0.0441      0.5861      0.0009
     0.0441      0.5861      0.0001
     0.0441      0.5761      0.0000
     0.0441      1.2485      0.0000
     0.0441      1.2485      0.0004
     0.0441      1.2485      0.0006
     0.0441      1.2485      0.0000
     0.0441      1.2485      0.0000
     0.0441      1.8194      0.0000
     0.0441      1.8194      0.0003
     0.0441      1.8194      0.0005
     0.0441      1.8194      0.0000
     0.0441      1.8194      0.0000
     0.0441      1.8194      0.0000
     0.0441      1.8194      0.0002
     0.0441      1.8194      0.0003
     0.0441      1.8194      0.0000
     0.0441      1.8194      0.0000
     0.0441      4.6721      0.0000
     0.0441      4.4941      0.0002
     0.0441      4.4941      0.0003
     0.0441      4.4941      0.0000
     0.0441      4.4348      0.0000
     0.0441      4.4941      0.0000
     0.0441      4.4941      0.0001
     0.0441      4.4941      0.0002
     0.0441      4.4941      0.0000
     0.0441      4.4348      0.0000
     0.0441      4.4941      0.0000
     0.0441      4.4941      0.0001
     0.0441      4.4941      0.0002
     0.0441      4.4941      0.0000
     0.0441      4.4348      0.0000
     0.0441    111.0347      0.0000
     0.0441    111.0347      0.0000
     0.0441    111.0347      0.0000
     0.0441    111.0347      0.0000
     0.0441    111.0347      0.0000
     0.0441    111.0347      0.0000
     0.0441    111.0347      0.0000
     0.0441    111.0347      0.0000
     0.0441    111.0347      0.0000
     0.0441    111.0347      0.0000
     0.0441    111.0347      0.0000
     0.0441    111.0347      0.0000
     0.0441    111.0347      0.0000
     0.0441    111.0347      0.0000
     0.0441    111.0347      0.0000
     0.0441    111.0347      0.0000
     0.0441    111.0347      0.0000
     0.0441    111.0347      0.0000
     0.0441    111.0347      0.0000
     0.0441    111.0347      0.0000
     0.0500      0.5719      0.0000
     0.0500      0.5719      0.0000
     0.0500      0.5719      0.0001
     0.0500      0.5719      0.0001
     0.0500      0.5719      0.0000
     0.0500      1.2343      0.0000
     0.0500      1.2343      0.0000
     0.0500      1.2343      0.0001
     0.0500      1.2343      0.0001
     0.0500      1.2343      0.0000
     0.0500      1.7966      0.0000
     0.0500      1.7966      0.0000
     0.0500      1.7966      0.0001
     0.0500      1.7966      0.0001
     0.0500      1.7966      0.0000
     0.0500      1.7966      0.0000
     0.0500      1.7966      0.0000
     0.0500      1.7966      0.0001
     0.0500      1.7966      0.0001
     0.0500      1.7966      0.0000
     0.0500      4.6779      0.0000
     0.0500      4.6779      0.0000
     0.0500      4.4999      0.0001
     0.0500      4.4999      0.0001
     0.0500      4.4406      0.0000
     0.0500      4.4999      0.0000
     0.0500      4.4999      0.0000
     0.0500      4.4999      0.0000
     0.0500      4.4999      0.0000
     0.0500      4.4406      0.0000
     0.0500      4.4999      0.0000
     0.0500      4.4999      0.0000
     0.0500      4.4999      0.0000
     0.0500      4.4999      0.0000
     0.0500      4.4406      0.0000
     0.0500    111.0405      0.0000
     0.0500    111.0405      0.0000
     0.0500    111.0405      0.0000
     0.0500    111.0405      0.0000
     0.0500    111.0405      0.0000
     0.0500    111.0405      0.0000
     0.0500    111.0405      0.0000
     0.0500    111.0405      0.0000
     0.0500    111.0405      0.0000
     0.0500    111.0405      0.0000
     0.0500    111.0405      0.0000
     0.0500    111.0405      0.0000
     0.0500    111.0405      0.0000
     0.0500    111.0405      0.0000
     0.0500    111.0405      0.0000
     0.0500    111.0405      0.0000
     0.0500    111.0405      0.0000
     0.0500    111.0405      0.0000
     0.0500    111.0405      0.0000
     0.0500    111.0405      0.0000
     0.0566      0.5684      0.0000
     0.0566      0.5684      0.0001
     0.0566      0.5684      0.0006
     0.0566      0.5684      0.0002
     0.0566      1.2208      0.0000
     0.0566      1.2208      0.0000
     0.0566      1.2208      0.0004
     0.0566      1.2208      0.0001
     0.0566      1.8032      0.0000
     0.0566      1.8032      0.0000
     0.0566      1.8032      0.0004
     0.0566      1.8032      0.0001
     0.0566      1.8032      0.0000
     0.0566      1.8032      0.0000
     0.0566      1.8032      0.0003
     0.0566      1.8032      0.0001
     0.0566      4.6845      0.0000
     0.0566      4.6845      0.0000
     0.0566      4.4472      0.0003
     0.0566      4.4472      0.0001
     0.0566      4.6845      0.0000
     0.0566      4.4472      0.0000
     0.0566      4.4472      0.0002
     0.0566      4.4472      0.0001
     0.0566      4.4472      0.0000
     0.0566      4.4472      0.0000
     0.0566      4.4472      0.0002
     0.0566      4.4472      0.0001
     0.0566    111.0471      0.0000
     0.0566    111.0471      0.0000
     0.0566    111.0471      0.0000
     0.0566    111.0471      0.0000
     0.0566    111.0471      0.0000
     0.0566    111.0471      0.0000
     0.0566    111.0471      0.0000
     0.0566    111.0471      0.0000
     0.0566    111.0471      0.0000
     0.0566    111.0471      0.0000
     0.0566    111.0471      0.0000
     0.0566    111.0471      0.0000
     0.0566    111.0471      0.0000
     0.0566    111.0471      0.0000
     0.0566    111.0471      0.0000
     0.0566    111.0471      0.0000
     0.0641      0.5659      0.0000
     0.0641      0.5659      0.0000
     0.0641      0.5659      0.0001
     0.0641      0.5659      0.0002
     0.0641      0.5659      0.0000
     0.0641      1.2082      0.0000
     0.0641      1.2082      0.0000
     0.0641      1.2082      0.0001
     0.0641      1.2082      0.0001
     0.0641      1.2082      0.0000
     0.0641      1.7821      0.0000
     0.0641      1.7821      0.0000
     0.0641      1.7821      0.0000
     0.0641      1.7821      0.0001
     0.0641      1.7821      0.0000
     0.0641      1.7821      0.0000
     0.0641      1.7821      0.0000
     0.0641      1.7821      0.0000
     0.0641      1.7821      0.0001
     0.0641      1.7821      0.0000
     0.0641      4.6327      0.0000
     0.0641      4.6327      0.0000
     0.0641      4.6327      0.0000
     0.0641      4.4547      0.0001
     0.0641      4.3954      0.0000
     0.0641      4.6327      0.0000
     0.0641      4.6327      0.0000
     0.0641      4.4547      0.0000
     0.0641      4.4547      0.0001
     0.0641      4.3954      0.0000
     0.0641      4.6327      0.0000
     0.0641      4.4547      0.0000
     0.0641      4.4547      0.0000
     0.0641      4.4547      0.0000
     0.0641      4.3954      0.0000
     0.0641    111.0546      0.0000
     0.0641    111.0546      0.0000
     0.0641    111.0546      0.0000
     0.0641    111.0546      0.0000
     0.0641    111.0546      0.0000
     0.0641    111.0546      0.0000
     0.0641    111.0546      0.0000
     0.0641    111.0546      0.0000
     0.0641    111.0546      0.0000
     0.0641    111.0546      0.0000
     0.0641    111.0546      0.0000
     0.0641    111.0546      0.0000
     0.0641    111.0546      0.0000
     0.0641    111.0546      0.0000
     0.0641    111.0546      0.0000
     0.0641    111.0546      0.0000
     0.0641    111.0546      0.0000
     0.0641    111.0546      0.0000
     0.0641    111.0546      0.0000
     0.0641    111.0546      0.0000
     0.0821      0.5538      0.0000
     0.0821      0.5538      0.0004
     0.0821      0.5538      0.0014
     0.0821      0.5538      0.0005
     0.0821      0.5538      0.0000
     0.0821      1.1861      0.0000
     0.0821      1.1861      0.0003
     0.0821      1.1861      0.0010
     0.0821      1.1861      0.0004
     0.0821      1.1861      0.0000
     0.0821      1.1861      0.0000
     0.0821      1.1861      0.0002
     0.0821      1.1861      0.0007
     0.0821      1.1861      0.0002
     0.0821      1.1861      0.0000
     0.0821      1.7715      0.0000
     0.0821      1.7715      0.0002
     0.0821      1.7715      0.0009
     0.0821      1.7715      0.0003
     0.0821      1.7715      0.0000
     0.0821      1.7715      0.0000
     0.0821      1.7715      0.0002
     0.0821      1.7715      0.0006
     0.0821      1.7715      0.0002
     0.0821      1.7715      0.0000
     0.0821      4.5914      0.0000
     0.0821      4.5914      0.0002
     0.0821      4.5914      0.0006
     0.0821      4.5914      0.0002
     0.0821      4.5914      0.0000
     0.0821      4.5914      0.0000
     0.0821      4.5914      0.0001
     0.0821      4.5914      0.0004
     0.0821      4.5914      0.0002
     0.0821      4.5914      0.0000
     0.0821      4.5914      0.0000
     0.0821      4.5914      0.0001
     0.0821      4.5914      0.0004
     0.0821      4.5914      0.0001
     0.0821      4.5914      0.0000
     0.0821    111.0726      0.0000
     0.0821    111.0726      0.0000
     0.0821    111.0726      0.0000
     0.0821    111.0726      0.0000
     0.0821    111.0726      0.0000
     0.0821    111.0726      0.0000
     0.0821    111.0726      0.0000
     0.0821    111.0726      0.0000
     0.0821    111.0726      0.0000
     0.0821    111.0726      0.0000
     0.0821    111.0726      0.0000
     0.0821    111.0726      0.0000
     0.0821    111.0726      0.0000
     0.0821    111.0726      0.0000
     0.0821    111.0726      0.0000
     0.0821    111.0726      0.0000
     0.0821    111.0726      0.0000
     0.0821    111.0726      0.0000
     0.0821    111.0726      0.0000
     0.0821    111.0726      0.0000
     0.0930      0.5547      0.0000
     0.0930      0.5547      0.0003
     0.0930      0.5547      0.0026
     0.0930      0.5547      0.0020
     0.0930      0.5547      0.0001
     0.0930      1.1769      0.0000
     0.0930      1.1769      0.0002
     0.0930      1.1769      0.0018
     0.0930      1.1769      0.0013
     0.0930      1.1769      0.0001
     0.0930      1.1769      0.0000
     0.0930      1.1769      0.0002
     0.0930      1.1769      0.0012
     0.0930      1.1769      0.0009
     0.0930      1.1769      0.0001
     0.0930      1.7823      0.0000
     0.0930      1.7823      0.0002
     0.0930      1.7823      0.0016
     0.0930      1.7823      0.0012
     0.0930      1.7537      0.0001
     0.0930      1.7537      0.0000
     0.0930      1.7537      0.0001
     0.0930      1.7537      0.0011
     0.0930      1.7537      0.0008
     0.0930      1.7537      0.0001
     0.0930      4.6616      0.0000
     0.0930      4.5429      0.0001
     0.0930      4.5429      0.0011
     0.0930      4.5429      0.0009
     0.0930      4.5429      0.0001
     0.0930      4.5429      0.0000
     0.0930      4.5429      0.0001
     0.0930      4.5429      0.0008
     0.0930      4.5429      0.0006
     0.0930      4.5429      0.0000
     0.0930      4.5429      0.0000
     0.0930      4.5429      0.0001
     0.0930      4.5429      0.0007
     0.0930      4.5429      0.0005
     0.0930      4.5429      0.0000
     0.0930    111.0835      0.0000
     0.0930    111.0835      0.0000
     0.0930    111.0835      0.0000
     0.0930    111.0835      0.0000
     0.0930    111.0835      0.0000
     0.0930    111.0835      0.0000
     0.0930    111.0835      0.0000
     0.0930    111.0835      0.0000
     0.0930    111.0835      0.0000
     0.0930    111.0835      0.0000
     0.0930    111.0835      0.0000
     0.0930    111.0835      0.0000
     0.0930    111.0835      0.0000
     0.0930    111.0835      0.0000
     0.0930    111.0835      0.0000
     0.0930    111.0835      0.0000
     0.0930    111.0835      0.0000
     0.0930    111.0835      0.0000
     0.0930    111.0835      0.0000
     0.0930    111.0835      0.0000
     0.1053      0.5469      0.0000
     0.1053      0.5469      0.0000
     0.1053      0.5469      0.0003
     0.1053      0.5469      0.0001
     0.1053      0.5469      0.0000
     0.1053      1.1691      0.0000
     0.1053      1.1691      0.0000
     0.1053      1.1691      0.0002
     0.1053      1.1691      0.0001
     0.1053      1.1691      0.0000
     0.1053      1.1691      0.0000
     0.1053      1.1691      0.0000
     0.1053      1.1691      0.0002
     0.1053      1.1691      0.0000
     0.1053      1.1691      0.0000
     0.1053      1.8233      0.0000
     0.1053      1.8233      0.0000
     0.1053      1.7946      0.0002
     0.1053      1.7660      0.0001
     0.1053      1.7660      0.0000
     0.1053      1.7660      0.0000
     0.1053      1.7660      0.0000
     0.1053      1.7660      0.0001
     0.1053      1.7660      0.0000
     0.1053      1.7660      0.0000
     0.1053      4.6739      0.0000
     0.1053      4.6739      0.0000
     0.1053      4.5552      0.0001
     0.1053      4.5552      0.0000
     0.1053      4.4959      0.0000
     0.1053      4.6739      0.0000
     0.1053      4.5552      0.0000
     0.1053      4.5552      0.0001
     0.1053      4.5552      0.0000
     0.1053      4.4959      0.0000
     0.1053      4.6739      0.0000
     0.1053      4.5552      0.0000
     0.1053      4.5552      0.0001
     0.1053      4.5552      0.0000
     0.1053      4.4959      0.0000
     0.1053    111.0958      0.0000
     0.1053    111.0958      0.0000
     0.1053    111.0958      0.0000
     0.1053    111.0958      0.0000
     0.1053    111.0958      0.0000
     0.1053    111.0958      0.0000
     0.1053    111.0958      0.0000
     0.1053    111.0958      0.0000
     0.1053    111.0958      0.0000
     0.1053    111.0958      0.0000
     0.1053    111.0958      0.0000
     0.1053    111.0958      0.0000
     0.1053    111.0958      0.0000
     0.1053    111.0958      0.0000
     0.1053    111.0958      0.0000
     0.1053    111.0958      0.0000
     0.1053    111.0958      0.0000
     0.1053    111.0958      0.0000
     0.1053    111.0958      0.0000
     0.1053    111.0958      0.0000
     0.1192      0.5407      0.0000
     0.1192      0.5407      0.0004
     0.1192      0.5407      0.0020
     0.1192      0.5407      0.0013
     0.1192      0.5407      0.0001
     0.1192      1.1630      0.0000
     0.1192      1.1630      0.0002
     0.1192      1.1630      0.0013
     0.1192      1.1630      0.0009
     0.1192      1.1630      0.0000
     0.1192      1.1630      0.0000
     0.1192      1.1630      0.0002
     0.1192      1.1630      0.0009
     0.1192      1.1630      0.0006
     0.1192      1.1630      0.0000
     0.1192      1.8086      0.0000
     0.1192      1.8086      0.0002
     0.1192      1.8086      0.0012
     0.1192      1.8086      0.0008
     0.1192      1.8086      0.0000
     0.1192      1.8086      0.0000
     0.1192      1.7799      0.0002
     0.1192      1.7799      0.0008
     0.1192      1.7513      0.0005
     0.1192      1.7799      0.0000
     0.1192      4.6285      0.0000
     0.1192      4.6285      0.0002
     0.1192      4.6285      0.0009
     0.1192      4.5098      0.0005
     0.1192      4.4505      0.0000
     0.1192      4.6285      0.0000
     0.1192      4.6285      0.0001
     0.1192      4.6285      0.0006
     0.1192      4.5098      0.0004
     0.1192      4.4505      0.0000
     0.1192      4.6285      0.0000
     0.1192      4.6285      0.0001
     0.1192      4.5098      0.0005
     0.1192      4.5098      0.0003
     0.1192      4.4505      0.0000
     0.1192    109.7223      0.0000
     0.1192    109.7223      0.0000
     0.1192    109.7223      0.0000
     0.1192    109.7223      0.0000
     0.1192    109.7223      0.0000
     0.1192    109.7223      0.0000
     0.1192    109.7223      0.0000
     0.1192    109.7223      0.0000
     0.1192    109.7223      0.0000
     0.1192    109.7223      0.0000
     0.1192    109.7223      0.0000
     0.1192    109.7223      0.0000
     0.1192    109.7223      0.0000
     0.1192    109.7223      0.0000
     0.1192    109.7223      0.0000
     0.1192    109.7223      0.0000
     0.1192    109.7223      0.0000
     0.1192    109.7223      0.0000
     0.1192    109.7223      0.0000
     0.1192    109.7223      0.0000
     0.1350      1.1587      0.0000
     0.1350      1.1587      0.0000
     0.1350      1.1587      0.0005
     0.1350      1.1587      0.0005
     0.1350      1.1386      0.0000
     0.1350      1.1587      0.0000
     0.1350      1.1587      0.0000
     0.1350      1.1587      0.0003
     0.1350      1.1587      0.0003
     0.1350      1.1386      0.0000
     0.1350      1.7957      0.0000
     0.1350      1.7957      0.0000
     0.1350      1.7957      0.0004
     0.1350      1.7957      0.0005
     0.1350      1.7957      0.0000
     0.1350      1.7957      0.0000
     0.1350      1.7957      0.0000
     0.1350      1.7957      0.0003
     0.1350      1.7957      0.0003
     0.1350      1.7671      0.0000
     0.1350      1.7957      0.0000
     0.1350      1.7957      0.0000
     0.1350      1.7957      0.0003
     0.1350      1.7957      0.0003
     0.1350      1.7671      0.0000
     0.1350      4.7036      0.0000
     0.1350      4.6442      0.0000
     0.1350      4.5849      0.0003
     0.1350      4.5256      0.0003
     0.1350      4.4662      0.0000
     0.1350      4.7036      0.0000
     0.1350      4.5849      0.0000
     0.1350      4.5849      0.0002
     0.1350      4.5256      0.0002
     0.1350      4.4662      0.0000
     0.1350      4.7036      0.0000
     0.1350      4.5849      0.0000
     0.1350      4.5849      0.0002
     0.1350      4.5256      0.0002
     0.1350      4.4662      0.0000
     0.1350    109.7381      0.0000
     0.1350    109.7381      0.0000
     0.1350    109.7381      0.0000
     0.1350    109.7381      0.0000
     0.1350    109.7381      0.0000
     0.1350    109.7381      0.0000
     0.1350    109.7381      0.0000
     0.1350    109.7381      0.0000
     0.1350    109.7381      0.0000
     0.1350    109.7381      0.0000
     0.1350    109.7381      0.0000
     0.1350    109.7381      0.0000
     0.1350    109.7381      0.0000
     0.1350    109.7381      0.0000
     0.1350    109.7381      0.0000
     0.1350    109.7381      0.0000
     0.1350    109.7381      0.0000
     0.1350    109.7381      0.0000
     0.1350    109.7381      0.0000
     0.1350    109.7381      0.0000
     0.1528      1.1364      0.0000
     0.1528      1.1364      0.0001
     0.1528      1.1364      0.0006
     0.1528      1.1364      0.0006
     0.1528      1.1364      0.0001
     0.1528      1.1364      0.0000
     0.1528      1.1364      0.0000
     0.1528      1.1364      0.0004
     0.1528      1.1364      0.0004
     0.1528      1.1364      0.0000
     0.1528      1.8135      0.0000
     0.1528      1.8135      0.0001
     0.1528      1.8135      0.0005
     0.1528      1.8135      0.0006
     0.1528      1.7849      0.0001
     0.1528      1.7849      0.0000
     0.1528      1.7849      0.0000
     0.1528      1.8135      0.0004
     0.1528      1.7849      0.0004
     0.1528      1.7849      0.0000
     0.1528      1.7849      0.0000
     0.1528      1.7849      0.0000
     0.1528      1.8135      0.0003
     0.1528      1.7849      0.0003
     0.1528      1.7849      0.0000
     0.1528      4.6621      0.0000
     0.1528      4.5434      0.0000
     0.1528      4.5434      0.0004
     0.1528      4.5434      0.0004
     0.1528      4.4841      0.0000
     0.1528      4.6621      0.0000
     0.1528      4.5434      0.0000
     0.1528      4.5434      0.0003
     0.1528      4.5434      0.0003
     0.1528      4.4841      0.0000
     0.1528      4.6621      0.0000
     0.1528      4.5434      0.0000
     0.1528      4.5434      0.0002
     0.1528      4.5434      0.0002
     0.1528      4.4841      0.0000
     0.1528    109.7559      0.0000
     0.1528    109.7559      0.0000
     0.1528    109.7559      0.0000
     0.1528    109.7559      0.0000
     0.1528    109.7559      0.0000
     0.1528    109.7559      0.0000
     0.1528    109.7559      0.0000
     0.1528    109.7559      0.0000
     0.1528    109.7559      0.0000
     0.1528    109.7559      0.0000
     0.1528    109.7559      0.0000
     0.1528    109.7559      0.0000
     0.1528    109.7559      0.0000
     0.1528    109.7559      0.0000
     0.1528    109.7559      0.0000
     0.1528    109.7559      0.0000
     0.1528    109.7559      0.0000
     0.1528    109.7559      0.0000
     0.1528    109.7559      0.0000
     0.1528    109.7559      0.0000
     0.1730      1.1365      0.0000
     0.1730      1.1365      0.0000
     0.1730      1.1365      0.0007
     0.1730      1.1365      0.0010
     0.1730      1.1164      0.0001
     0.1730      1.1164      0.0000
     0.1730      1.1164      0.0000
     0.1730      1.1164      0.0005
     0.1730      1.1164      0.0006
     0.1730      1.1164      0.0001
     0.1730      1.8051      0.0000
     0.1730      1.8051      0.0000
     0.1730      1.8051      0.0006
     0.1730      1.8051      0.0009
     0.1730      1.8051      0.0001
     0.1730      1.8051      0.0000
     0.1730      1.8051      0.0000
     0.1730      1.8051      0.0004
     0.1730      1.7765      0.0006
     0.1730      1.7765      0.0001
     0.1730      1.8051      0.0000
     0.1730      1.8051      0.0000
     0.1730      1.8051      0.0004
     0.1730      1.7765      0.0005
     0.1730      1.7765      0.0001
     0.1730      4.6230      0.0000
     0.1730      4.6230      0.0000
     0.1730      4.5043      0.0005
     0.1730      4.5043      0.0006
     0.1730      4.4450      0.0001
     0.1730      4.6230      0.0000
     0.1730      4.6230      0.0000
     0.1730      4.5043      0.0003
     0.1730      4.5043      0.0004
     0.1730      4.4450      0.0000
     0.1730      4.6230      0.0000
     0.1730      4.6230      0.0000
     0.1730      4.5043      0.0003
     0.1730      4.5043      0.0004
     0.1730      4.4450      0.0000
     0.1730    109.7761      0.0000
     0.1730    109.7761      0.0000
     0.1730    109.7761      0.0000
     0.1730    109.7761      0.0000
     0.1730    109.7761      0.0000
     0.1730    109.7761      0.0000
     0.1730    109.7761      0.0000
     0.1730    109.7761      0.0000
     0.1730    109.7761      0.0000
     0.1730    109.7761      0.0000
     0.1730    109.7761      0.0000
     0.1730    109.7761      0.0000
     0.1730    109.7761      0.0000
     0.1730    109.7761      0.0000
     0.1730    109.7761      0.0000
     0.1730    109.7761      0.0000
     0.1730    109.7761      0.0000
     0.1730    109.7761      0.0000
     0.1730    109.7761      0.0000
     0.1730    109.7761      0.0000
     0.1959      1.1393      0.0000
     0.1959      1.1393      0.0000
     0.1959      1.1393      0.0005
     0.1959      1.1393      0.0004
     0.1959      1.1192      0.0000
     0.1959      1.1192      0.0000
     0.1959      1.1192      0.0004
     0.1959      1.1192      0.0003
     0.1959      1.7993      0.0000
     0.1959      1.7993      0.0000
     0.1959      1.7993      0.0005
     0.1959      1.7993      0.0004
     0.1959      1.7993      0.0000
     0.1959      1.7993      0.0000
     0.1959      1.7993      0.0003
     0.1959      1.7993      0.0002
     0.1959      1.7993      0.0000
     0.1959      1.7993      0.0000
     0.1959      1.7993      0.0003
     0.1959      1.7993      0.0002
     0.1959      4.5865      0.0000
     0.1959      4.5865      0.0000
     0.1959      4.5865      0.0004
     0.1959      4.5865      0.0003
     0.1959      4.5865      0.0000
     0.1959      4.5865      0.0000
     0.1959      4.5865      0.0002
     0.1959      4.4678      0.0002
     0.1959      4.5865      0.0000
     0.1959      4.5865      0.0000
     0.1959      4.5865      0.0002
     0.1959    109.7990      0.0000
     0.1959    109.7990      0.0000
     0.1959    109.7990      0.0000
     0.1959    109.7990      0.0000
     0.1959    109.7990      0.0000
     0.1959    109.7990      0.0000
     0.1959    109.7990      0.0000
     0.1959    109.7990      0.0000
     0.1959    109.7990      0.0000
     0.1959    109.7990      0.0000
     0.1959    109.7990      0.0000
     0.1959    109.7990      0.0000
     0.1959    109.7990      0.0000
     0.1959    109.7990      0.0000
     0.1959    109.7990      0.0000
     0.1959    109.7990      0.0000
     0.2218      1.1652      0.0000
     0.2218      1.1652      0.0003
     0.2218      1.1652      0.0018
     0.2218      1.1652      0.0017
     0.2218      1.1652      0.0002
     0.2218      1.1652      0.0000
     0.2218      1.1652      0.0002
     0.2218      1.1451      0.0012
     0.2218      1.1251      0.0012
     0.2218      1.1451      0.0002
     0.2218      1.7680      0.0000
     0.2218      1.7680      0.0002
     0.2218      1.7680      0.0016
     0.2218      1.7680      0.0015
     0.2218      1.7680      0.0002
     0.2218      1.7680      0.0000
     0.2218      1.7680      0.0002
     0.2218      1.7680      0.0011
     0.2218      1.7680      0.0010
     0.2218      1.7680      0.0001
     0.2218      1.7680      0.0000
     0.2218      1.7680      0.0001
     0.2218      1.7680      0.0009
     0.2218      1.7680      0.0009
     0.2218      1.7680      0.0001
     0.2218      4.4937      0.0000
     0.2218      4.4937      0.0002
     0.2218      4.4937      0.0011
     0.2218      4.4937      0.0010
     0.2218      4.4937      0.0001
     0.2218      4.4937      0.0000
     0.2218      4.4937      0.0001
     0.2218      4.4937      0.0008
     0.2218      4.4937      0.0007
     0.2218      4.4937      0.0001
     0.2218    108.4375      0.0000
     0.2218    108.4375      0.0000
     0.2218    108.4375      0.0000
     0.2218    108.4375      0.0000
     0.2218    108.4375      0.0000
     0.2218    108.4375      0.0000
     0.2218    108.4375      0.0000
     0.2218    108.4375      0.0000
     0.2218    108.4375      0.0000
     0.2218    108.4375      0.0000
     0.2218    108.4375      0.0000
     0.2218    108.4375      0.0000
     0.2218    108.4375      0.0000
     0.2218    108.4375      0.0000
     0.2218    108.4375      0.0000
     0.2218    108.4375      0.0000
     0.2218    108.4375      0.0000
     0.2218    108.4375      0.0000
     0.2218    108.4375      0.0000
     0.2218    108.4375      0.0000
     0.2511      1.1544      0.0000
     0.2511      1.1745      0.0000
     0.2511      1.1745      0.0003
     0.2511      1.1745      0.0005
     0.2511      1.1544      0.0001
     0.2511      1.1544      0.0000
     0.2511      1.1544      0.0000
     0.2511      1.1544      0.0002
     0.2511      1.1544      0.0003
     0.2511      1.1544      0.0000
     0.2511      1.1544      0.0000
     0.2511      1.1544      0.0000
     0.2511      1.1544      0.0002
     0.2511      1.1544      0.0003
     0.2511      1.1544      0.0000
     0.2511      1.7400      0.0000
     0.2511      1.7400      0.0000
     0.2511      1.7400      0.0003
     0.2511      1.7400      0.0004
     0.2511      1.7400      0.0001
     0.2511      1.7400      0.0000
     0.2511      1.7400      0.0000
     0.2511      1.7400      0.0002
     0.2511      1.7400      0.0003
     0.2511      1.7400      0.0000
     0.2511      1.7400      0.0000
     0.2511      1.7400      0.0000
     0.2511      1.7400      0.0002
     0.2511      1.7400      0.0003
     0.2511      1.7400      0.0000
     0.2511      4.4637      0.0000
     0.2511      4.4637      0.0000
     0.2511      4.4637      0.0002
     0.2511      4.4637      0.0003
     0.2511      4.4044      0.0000
     0.2511      4.4637      0.0000
     0.2511      4.4637      0.0000
     0.2511      4.4637      0.0001
     0.2511      4.4637      0.0002
     0.2511      4.4044      0.0000
     0.2511    108.4669      0.0000
     0.2511    108.4669      0.0000
     0.2511    108.4669      0.0000
     0.2511    108.4669      0.0000
     0.2511    108.4669      0.0000
     0.2511    108.4669      0.0000
     0.2511    108.4669      0.0000
     0.2511    108.4669      0.0000
     0.2511    108.4669      0.0000
     0.2511    108.4669      0.0000
     0.2511    108.4669      0.0000
     0.2511    108.4669      0.0000
     0.2511    108.4669      0.0000
     0.2511    108.4669      0.0000
     0.2511    108.4669      0.0000
     0.2511    108.4669      0.0000
     0.2511    108.4669      0.0000
     0.2511    108.4669      0.0000
     0.2511    108.4669      0.0000
     0.2511    108.4669      0.0000
     0.2843      1.1876      0.0000
     0.2843      1.1876      0.0001
     0.2843      1.1876      0.0008
     0.2843      1.1876      0.0014
     0.2843      1.1675      0.0003
     0.2843      1.1675      0.0000
     0.2843      1.1675      0.0000
     0.2843      1.1675      0.0006
     0.2843      1.1675      0.0009
     0.2843      1.1675      0.0002
     0.2843      1.1675      0.0000
     0.2843      1.1675      0.0000
     0.2843      1.1675      0.0005
     0.2843      1.1675      0.0008
     0.2843      1.1675      0.0002
     0.2843      1.8019      0.0000
     0.2843      1.8019      0.0000
     0.2843      1.8019      0.0007
     0.2843      1.7732      0.0012
     0.2843      1.7732      0.0003
     0.2843      1.8019      0.0000
     0.2843      1.8019      0.0000
     0.2843      1.7732      0.0005
     0.2843      1.7732      0.0008
     0.2843      1.7732      0.0002
     0.2843      1.8019      0.0000
     0.2843      1.8019      0.0000
     0.2843      1.7732      0.0004
     0.2843      1.7732      0.0007
     0.2843      1.7732      0.0002
     0.2843      4.4969      0.0000
     0.2843      4.4376      0.0000
     0.2843      4.4969      0.0005
     0.2843      4.4376      0.0009
     0.2843      4.3189      0.0002
     0.2843      4.4969      0.0000
     0.2843      4.4376      0.0000
     0.2843      4.4969      0.0003
     0.2843      4.3783      0.0006
     0.2843      4.3189      0.0001
     0.2843    108.5001      0.0000
     0.2843    108.5001      0.0000
     0.2843    108.5001      0.0000
     0.2843    108.5001      0.0000
     0.2843    108.5001      0.0000
     0.2843    108.5001      0.0000
     0.2843    108.5001      0.0000
     0.2843    108.5001      0.0000
     0.2843    108.5001      0.0000
     0.2843    108.5001      0.0000
     0.2843    108.5001      0.0000
     0.2843    108.5001      0.0000
     0.2843    108.5001      0.0000
     0.2843    108.5001      0.0000
     0.2843    108.5001      0.0000
     0.2843    108.5001      0.0000
     0.2843    108.5001      0.0000
     0.2843    108.5001      0.0000
     0.2843    108.5001      0.0000
     0.2843    108.5001      0.0000
     0.3645      1.8248      0.0000
     0.3645      1.8248      0.0000
     0.3645      1.7961      0.0006
     0.3645      1.7961      0.0013
     0.3645      1.7675      0.0004
     0.3645      1.7961      0.0000
     0.3645      1.7961      0.0000
     0.3645      1.7675      0.0004
     0.3645      1.7675      0.0009
     0.3645      1.7675      0.0003
     0.3645      1.7961      0.0000
     0.3645      1.7961      0.0000
     0.3645      1.7675      0.0003
     0.3645      1.7675      0.0008
     0.3645      1.7675      0.0002
     0.3645      4.3991      0.0000
     0.3645      4.3991      0.0000
     0.3645      4.3991      0.0004
     0.3645      4.3991      0.0010
     0.3645      4.3398      0.0003
     0.3645      4.3991      0.0000
     0.3645      4.3991      0.0000
     0.3645      4.3991      0.0003
     0.3645      4.3991      0.0006
     0.3645      4.3398      0.0002
     0.3645      4.3991      0.0000
     0.3645      4.3991      0.0000
     0.3645      4.3991      0.0002
     0.3645      4.3991      0.0006
     0.3645      4.3398      0.0002
     0.3645    108.5802      0.0000
     0.3645    108.5802      0.0000
     0.3645    108.5802      0.0000
     0.3645    108.5802      0.0000
     0.3645    108.5802      0.0000
     0.3645    108.5802      0.0000
     0.3645    108.5802      0.0000
     0.3645    108.5802      0.0000
     0.3645    108.5802      0.0000
     0.3645    108.5802      0.0000
     0.3645    108.5802      0.0000
     0.3645    108.5802      0.0000
     0.3645    108.5802      0.0000
     0.3645    108.5802      0.0000
     0.3645    108.5802      0.0000
     0.3645    108.5802      0.0000
     0.3645    108.5802      0.0000
     0.3645    108.5802      0.0000
     0.3645    108.5802      0.0000
     0.3645    108.5802      0.0000
     0.4126      1.7870      0.0000
     0.4126      1.7870      0.0009
     0.4126      1.8443      0.0016
     0.4126      1.8443      0.0003
     0.4126      1.7870      0.0000
     0.4126      1.7870      0.0006
     0.4126      1.7584      0.0010
     0.4126      1.7584      0.0002
     0.4126      1.7870      0.0000
     0.4126      1.7870      0.0005
     0.4126      1.7584      0.0009
     0.4126      1.7584      0.0002
     0.4126      4.3879      0.0000
     0.4126      4.3879      0.0006
     0.4126      4.3879      0.0011
     0.4126      4.3879      0.0002
     0.4126      4.3879      0.0000
     0.4126      4.3879      0.0004
     0.4126      4.3879      0.0007
     0.4126      4.3879      0.0001
     0.4126      4.3879      0.0000
     0.4126      4.3879      0.0003
     0.4126      4.3879      0.0006
     0.4126      4.3879      0.0001
     0.4126    108.6284      0.0000
     0.4126    108.6284      0.0000
     0.4126    108.6284      0.0000
     0.4126    108.6284      0.0000
     0.4126    108.6284      0.0000
     0.4126    108.6284      0.0000
     0.4126    108.6284      0.0000
     0.4126    108.6284      0.0000
     0.4126    108.6284      0.0000
     0.4126    108.6284      0.0000
     0.4126    108.6284      0.0000
     0.4126    108.6284      0.0000
     0.4126    108.6284      0.0000
     0.4126    108.6284      0.0000
     0.4126    108.6284      0.0000
     0.4126    108.6284      0.0000
     0.4672      4.3832      0.0000
     0.4672      4.3832      0.0004
     0.4672      4.3832      0.0011
     0.4672      4.3832      0.0003
     0.4672      4.3832      0.0000
     0.4672      4.3832      0.0003
     0.4672      4.3832      0.0007
     0.4672      4.3832      0.0002
     0.4672      4.3832      0.0000
     0.4672      4.3832      0.0002
     0.4672      4.3832      0.0006
     0.4672      4.3832      0.0002
     0.4672    110.0703      0.0000
     0.4672    110.0703      0.0000
     0.4672    110.0703      0.0000
     0.4672    110.0703      0.0000
     0.4672    110.0703      0.0000
     0.4672    110.0703      0.0000
     0.4672    110.0703      0.0000
     0.4672    110.0703      0.0000
     0.4672    110.0703      0.0000
     0.4672    110.0703      0.0000
     0.4672    110.0703      0.0000
     0.4672    110.0703      0.0000
     0.4672    110.0703      0.0000
     0.4672    110.0703      0.0000
     0.4672    110.0703      0.0000
     0.4672    110.0703      0.0000
     0.5290      4.5043      0.0000
     0.5290      4.5043      0.0001
     0.5290      4.2076      0.0011
     0.5290      4.2076      0.0008
     0.5290      4.5043      0.0000
     0.5290      4.5043      0.0001
     0.5290      4.2076      0.0007
     0.5290      4.2076      0.0005
     0.5290      4.5043      0.0000
     0.5290      4.5043      0.0001
     0.5290      4.2076      0.0006
     0.5290      4.2076      0.0004
     0.5290    110.1321      0.0000
     0.5290    110.1321      0.0000
     0.5290    110.1321      0.0000
     0.5290    110.1321      0.0000
     0.5290    110.1321      0.0000
     0.5290    110.1321      0.0000
     0.5290    110.1321      0.0000
     0.5290    110.1321      0.0000
     0.5290    110.1321      0.0000
     0.5290    110.1321      0.0000
     0.5290    110.1321      0.0000
     0.5290    110.1321      0.0000
     0.5290    110.1321      0.0000
     0.5290    110.1321      0.0000
     0.5290    110.1321      0.0000
     0.5290    110.1321      0.0000
     0.5989      4.3962      0.0000
     0.5989      4.3962      0.0004
     0.5989      4.3962      0.0002
     0.5989      4.3962      0.0000
     0.5989      4.3962      0.0003
     0.5989      4.3962      0.0001
     0.5989      4.3962      0.0000
     0.5989      4.3962      0.0002
     0.5989      4.3962      0.0001
     0.5989    108.8147      0.0000
     0.5989    108.8147      0.0000
     0.5989    108.8147      0.0000
     0.5989    108.8147      0.0000
     0.5989    108.8147      0.0000
     0.5989    108.8147      0.0000
     0.5989    108.8147      0.0000
     0.5989    108.8147      0.0000
     0.5989    108.8147      0.0000
     0.5989    108.8147      0.0000
     0.5989    108.8147      0.0000
     0.5989    108.8147      0.0000
     0.6781      4.3567      0.0000
     0.6781      4.3567      0.0001
     0.6781      4.3567      0.0005
     0.6781      4.3567      0.0005
     0.6781      4.3567      0.0000
     0.6781      4.3567      0.0001
     0.6781      4.3567      0.0003
     0.6781      4.3567      0.0003
     0.6781      4.3567      0.0000
     0.6781      4.3567      0.0001
     0.6781      4.3567      0.0003
     0.6781      4.3567      0.0003
     0.6781    108.8939      0.0000
     0.6781    108.8939      0.0000
     0.6781    108.8939      0.0000
     0.6781    108.8939      0.0000
     0.6781    108.8939      0.0000
     0.6781    108.8939      0.0000
     0.6781    108.8939      0.0000
     0.6781    108.8939      0.0000
     0.6781    108.8939      0.0000
     0.6781    108.8939      0.0000
     0.6781    108.8939      0.0000
     0.6781    108.8939      0.0000
     0.6781    108.8939      0.0000
     0.6781    108.8939      0.0000
     0.6781    108.8939      0.0000
     0.6781    108.8939      0.0000
     0.7678      4.3277      0.0000
     0.7678      4.3277      0.0000
     0.7678      4.3277      0.0000
     0.7678      4.3277      0.0001
     0.7678      4.3277      0.0002
     0.7678      4.3277      0.0000
     0.7678      4.3277      0.0000
     0.7678      4.3277      0.0000
     0.7678      4.3277      0.0001
     0.7678      4.3277      0.0001
     0.7678      4.3277      0.0000
     0.7678      4.3277      0.0000
     0.7678      4.3277      0.0000
     0.7678      4.3277      0.0001
     0.7678      4.3277      0.0001
     0.7678    108.9835      0.0000
     0.7678    108.9835      0.0000
     0.7678    108.9835      0.0000
     0.7678    108.9835      0.0000
     0.7678    108.9835      0.0000
     0.7678    108.9835      0.0000
     0.7678    108.9835      0.0000
     0.7678    108.9835      0.0000
     0.7678    108.9835      0.0000
     0.7678    108.9835      0.0000
     0.7678    108.9835      0.0000
     0.7678    108.9835      0.0000
     0.7678    108.9835      0.0000
     0.7678    108.9835      0.0000
     0.7678    108.9835      0.0000
     0.7678    108.9835      0.0000
     0.7678    108.9835      0.0000
     0.7678    108.9835      0.0000
     0.7678    108.9835      0.0000
     0.7678    108.9835      0.0000
     0.8693      4.3106      0.0000
     0.8693      4.3106      0.0000
     0.8693      4.3106      0.0000
     0.8693      4.3106      0.0001
     0.8693      4.3106      0.0004
     0.8693      4.3106      0.0000
     0.8693      4.3106      0.0000
     0.8693      4.3106      0.0000
     0.8693      4.3106      0.0001
     0.8693      4.3106      0.0003
     0.8693      4.3106      0.0000
     0.8693      4.3106      0.0000
     0.8693      4.3106      0.0000
     0.8693      4.3106      0.0001
     0.8693      4.3106      0.0002
     0.8693      4.3106      0.0000
     0.8693      4.3106      0.0000
     0.8693      4.3106      0.0000
     0.8693      4.3106      0.0001
     0.8693      4.3106      0.0002
     0.8693    107.6977      0.0000
     0.8693    107.6977      0.0000
     0.8693    107.6977      0.0000
     0.8693    107.6977      0.0000
     0.8693    107.6977      0.0000
     0.8693    107.6977      0.0000
     0.8693    107.6977      0.0000
     0.8693    107.6977      0.0000
     0.8693    107.6977      0.0000
     0.8693    107.6977      0.0000
     0.8693    107.6977      0.0000
     0.8693    107.6977      0.0000
     0.8693    107.6977      0.0000
     0.8693    107.6977      0.0000
     0.8693    107.6977      0.0000
     0.8693    107.6977      0.0000
     0.8693    107.6977      0.0000
     0.8693    107.6977      0.0000
     0.8693    107.6977      0.0000
     0.8693    107.6977      0.0000
     0.9842      4.2475      0.0000
     0.9842      4.2475      0.0000
     0.9842      4.2475      0.0000
     0.9842      4.2475      0.0000
     0.9842      4.2475      0.0001
     0.9842      4.2475      0.0000
     0.9842      4.2475      0.0000
     0.9842      4.2475      0.0000
     0.9842      4.2475      0.0000
     0.9842      4.2475      0.0001
     0.9842      4.2475      0.0000
     0.9842      4.2475      0.0000
     0.9842      4.2475      0.0000
     0.9842      4.2475      0.0000
     0.9842      4.2475      0.0001
     0.9842      4.2475      0.0000
     0.9842      4.2475      0.0000
     0.9842      4.2475      0.0000
     0.9842      4.2475      0.0000
     0.9842      4.2475      0.0001
     0.9842    107.8126      0.0000
     0.9842    107.8126      0.0000
     0.9842    107.8126      0.0000
     0.9842    107.8126      0.0000
     0.9842    107.8126      0.0000
     0.9842    109.2000      0.0000
     0.9842    109.2000      0.0000
     0.9842    109.2000      0.0000
     0.9842    109.2000      0.0000
     0.9842    109.2000      0.0000
     0.9842    109.2000      0.0000
     0.9842    109.2000      0.0000
     0.9842    109.2000      0.0000
     0.9842    109.2000      0.0000
     0.9842    109.2000      0.0000
     0.9842    107.8126      0.0000
     0.9842    107.8126      0.0000
     0.9842    107.8126      0.0000
     0.9842    107.8126      0.0000
     0.9842    107.8126      0.0000
     1.1144    109.3301      0.0000
     1.1144    109.3301      0.0000
     1.1144    109.3301      0.0000
     1.1144    109.3301      0.0000
     1.1144    109.3301      0.0000
     1.1144    109.3301      0.0000
     1.1144    109.3301      0.0000
     1.1144    109.3301      0.0000
     1.1144    109.3301      0.0000
     1.1144    109.3301      0.0000
     1.1144    109.3301      0.0000
     1.1144    109.3301      0.0000
     1.1144    109.3301      0.0000
     1.1144    109.3301      0.0000
     1.1144    109.3301      0.0000
     1.1144    109.3301      0.0000
     1.1144    109.3301      0.0000
     1.1144    109.3301      0.0000
     1.1144    109.3301      0.0000
     1.1144    109.3301      0.0000
     1.2617    108.0901      0.0000
     1.2617    108.0901      0.0000
     1.2617    108.0901      0.0000
     1.2617    108.0901      0.0000
     1.2617    108.0901      0.0000
     1.2617    108.0901      0.0000
     1.2617    108.0901      0.0000
     1.2617    108.0901      0.0000
     1.2617    108.0901      0.0000
     1.2617    108.0901      0.0000
     1.2617    108.0901      0.0000
     1.2617    108.0901      0.0000
     1.2617    108.0901      0.0000
     1.2617    108.0901      0.0000
     1.2617    108.0901      0.0000
     1.2617    108.0901      0.0000
     1.4285    106.8695      0.0000
     1.4285    106.8695      0.0000
     1.4285    106.8695      0.0000
     1.4285    106.8695      0.0000
     1.4285    106.8695      0.0000
     1.4285    106.8695      0.0000
     1.4285    106.8695      0.0000
     1.4285    106.8695      0.0000
     1.4285    106.8695      0.0000
     1.4285    106.8695      0.0000
     1.4285    106.8695      0.0000
     1.4285    106.8695      0.0000
     1.4285    106.8695      0.0000
     1.4285    106.8695      0.0000
     1.4285    106.8695      0.0000
     1.4285    106.8695      0.0000
     1.6174    107.0584      0.0000
     1.6174    107.0584      0.0000
     1.6174    107.0584      0.0000
     1.6174    107.0584      0.0000
     1.6174    107.0584      0.0000
     1.6174    107.0584      0.0000
     1.6174    107.0584      0.0000
     1.6174    107.0584      0.0000
     1.6174    107.0584      0.0000
     1.6174    107.0584      0.0000
     1.6174    107.0584      0.0000
     1.6174    107.0584      0.0000
     1.6174    107.0584      0.0000
     1.6174    107.0584      0.0000
     1.6174    107.0584      0.0000
     1.6174    107.0584      0.0000
     1.6174    107.0584      0.0000
     1.6174    107.0584      0.0000
     1.6174    107.0584      0.0000
     1.6174    107.0584      0.0000
     1.8312    105.8848      0.0000
     1.8312    105.8848      0.0000
     1.8312    105.8848      0.0000
     1.8312    105.8848      0.0000
     1.8312    105.8848      0.0000
     1.8312    105.8848      0.0000
     1.8312    105.8848      0.0000
     1.8312    105.8848      0.0000
     1.8312    105.8848      0.0000
     1.8312    105.8848      0.0000
     1.8312    105.8848      0.0000
     1.8312    105.8848      0.0000
     1.8312    105.8848      0.0000
     1.8312    105.8848      0.0000
     1.8312    105.8848      0.0000
     1.8312    105.8848      0.0000
     2.0734    104.7396      0.0000
     2.0734    104.7396      0.0000
     2.0734    104.7396      0.0000
     2.0734    104.7396      0.0000
     2.0734    104.7396      0.0000
     2.0734    104.7396      0.0000
     2.0734    104.7396      0.0000
     2.0734    104.7396      0.0000
     2.0734    104.7396      0.0000
     2.0734    104.7396      0.0000
     2.0734    104.7396      0.0000
     2.0734    104.7396      0.0000
     2.3475    105.0137      0.0000
     2.3475    105.0137      0.0000
     2.3475    105.0137      0.0000
     2.3475    105.0137      0.0000
     2.3475    105.0137      0.0000
     2.3475    105.0137      0.0000
     2.3475    105.0137      0.0000
     2.3475    105.0137      0.0000
     2.3475    105.0137      0.0000
     2.3475    105.0137      0.0000
     2.3475    105.0137      0.0000
     2.3475    105.0137      0.0000
     2.3475    105.0137      0.0000
     2.3475    105.0137      0.0000
     2.3475    105.0137      0.0000
     2.3475    105.0137      0.0000
     2.3475    105.0137      0.0000
     2.3475    105.0137      0.0000
     2.3475    105.0137      0.0000
     2.3475    105.0137      0.0000
     2.6579    103.9367      0.0000
     2.6579    103.9367      0.0000
     2.6579    103.9367      0.0000
     2.6579    103.9367      0.0000
     2.6579    103.9367      0.0000
     2.6579    103.9367      0.0000
     2.6579    103.9367      0.0000
     2.6579    103.9367      0.0000
     2.6579    103.9367      0.0000
     2.6579    103.9367      0.0000
     2.6579    103.9367      0.0000
     2.6579    103.9367      0.0000
     2.6579    103.9367      0.0000
     2.6579    103.9367      0.0000
     2.6579    103.9367      0.0000
     2.6579    103.9367      0.0000
     3.0093    101.5134      0.0000
     3.0093    101.5134      0.0000
     3.0093    101.5134      0.0000
     3.0093    101.5134      0.0000
     3.0093    101.5134      0.0000
     3.0093    101.5134      0.0000
     3.0093    101.5134      0.0000
     3.0093    101.5134      0.0000
     3.0093    101.5134      0.0000
     3.0093    101.5134      0.0000
     3.0093    101.5134      0.0000
     3.0093    101.5134      0.0000
     3.0093    101.5134      0.0000
     3.0093    101.5134      0.0000
     3.0093    101.5134      0.0000
     3.0093    101.5134      0.0000
     3.4072    103.2987      0.0000
     3.4072    103.2987      0.0000
     3.4072    103.2987      0.0000
     3.4072    103.2987      0.0000
     3.4072    103.2987      0.0000
     3.4072    103.2987      0.0000
     3.4072    103.2987      0.0000
     3.4072    103.2987      0.0000
     3.4072    103.2987      0.0000
     3.4072    103.2987      0.0000
     3.4072    103.2987      0.0000
     3.4072    103.2987      0.0000
     3.8577    100.9744      0.0000
     3.8577    100.9744      0.0000
     3.8577    100.9744      0.0005
     3.8577    100.9744      0.0000
     3.8577    100.9744      0.0000
     3.8577    100.9744      0.0003
     3.8577    100.9744      0.0000
     3.8577    100.9744      0.0000
     3.8577    100.9744      0.0003
     3.8577    100.9744      0.0000
     3.8577    100.9744      0.0000
     3.8577    100.9744      0.0002
     3.8577     84.3258      0.0000
     3.8577     84.3258      0.0000
     3.8577     84.3258      0.0000
     4.3677     98.7097      0.0000
     4.3677     98.7097      0.0000
     4.3677     98.7097      0.0000
     4.3677     98.7097      0.0000
     4.3677     98.7097      0.0000
     4.3677     98.7097      0.0000
     4.3677     98.7097      0.0000
     4.3677     98.7097      0.0000
     4.3677     83.4485      0.0000
     4.3677     83.4485      0.0000
     4.9452     99.2872      0.0000
     4.9452     99.2872      0.0000
     4.9452     99.2872      0.0000
     4.9452     99.2872      0.0000
     4.9452     99.2872      0.0000
     4.9452     99.2872      0.0000
     4.9452     99.2872      0.0000
     4.9452     99.2872      0.0000
     4.9452     82.6386      0.0000
     4.9452     82.6386      0.0000
     5.5991     97.1663      0.0000
     5.5991     97.1663      0.0004
     5.5991     97.1663      0.0000
     5.5991     97.1663      0.0003
     5.5991     97.1663      0.0000
     5.5991     97.1663      0.0002
     5.5991     97.1663      0.0000
     5.5991     97.1663      0.0002
     5.5991     80.5177      0.0000
     5.5991     80.5177      0.0000
     6.3394     95.1318      0.0006
     6.3394     95.1318      0.0004
     6.3394     95.1318      0.0004
     6.3394     95.1318      0.0003
     6.3394     79.8706      0.0000
     7.1776     93.1952      0.0000
     7.1776     93.1952      0.0000
     7.1776     93.1952      0.0000
     7.1776     93.1952      0.0000
     7.1776     77.9340      0.0000
     0.0000      1.3022      0.0000
     0.0000      1.3022      0.0039
     0.0000      1.3022      0.0100
     0.0000      1.3022      0.0026
     0.0000      1.3022      0.0001
     0.0000      1.8862      0.0000
     0.0000      1.8862      0.0034
     0.0000      1.8862      0.0089
     0.0000      1.8862      0.0023
     0.0000      1.8862      0.0001
     0.0000      1.8862      0.0000
     0.0000      1.8862      0.0023
     0.0000      1.8862      0.0060
     0.0000      1.8862      0.0016
     0.0000      1.8862      0.0001
     0.0000      4.8560      0.0000
     0.0000      4.7968      0.0024
     0.0000      4.7968      0.0063
     0.0000      4.7968      0.0016
     0.0000      4.7968      0.0001
     0.0000      4.7968      0.0000
     0.0000      4.7968      0.0016
     0.0000      4.7968      0.0043
     0.0000      4.7968      0.0011
     0.0000      4.5599      0.0000
     0.0000      4.7968      0.0010
     0.0000      4.5599      0.0000
     0.0000    116.3170      0.0000
     0.0000    116.3170      0.0000
     0.0000    116.3170      0.0001
     0.0000    116.3170      0.0000
     0.0000    116.3170      0.0000
     0.0000    116.3170      0.0000
     0.0000    116.3170      0.0000
     0.0000    116.3170      0.0001
     0.0000    116.3170      0.0000
     0.0000    116.3170      0.0000
     0.0000    116.3170      0.0000
     0.0000    116.3170      0.0000
     0.0000    116.3170      0.0001
     0.0000    116.3170      0.0000
     0.0000    116.3170      0.0000
     0.0000    116.3170      0.0000
     0.0000    116.3170      0.0000
     0.0000    116.3170      0.0000
     0.0000    116.3170      0.0000
     0.0000    116.3170      0.0000
     0.0003      1.3025      0.0000
     0.0003      1.3025      0.0000
     0.0003      1.8865      0.0000
     0.0003      1.8865      0.0000
     0.0003      1.8865      0.0000
     0.0003      1.8865      0.0000
     0.0003      4.7971      0.0000
     0.0003      4.7971      0.0000
     0.0003      4.7971      0.0000
     0.0003      4.7971      0.0000
     0.0003    116.3173      0.0000
     0.0003    116.3173      0.0000
     0.0003    116.3173      0.0000
     0.0003    116.3173      0.0000
     0.0003    116.3173      0.0000
     0.0003    116.3173      0.0000
     0.0003    116.3173      0.0000
     0.0003    116.3173      0.0000
     0.0011      1.3033      0.0000
     0.0011      1.3033      0.0000
     0.0011      1.3033      0.0000
     0.0011      1.8872      0.0000
     0.0011      1.8872      0.0000
     0.0011      1.8872      0.0000
     0.0011      1.8872      0.0000
     0.0011      1.8872      0.0000
     0.0011      1.8872      0.0000
     0.0011      4.7978      0.0000
     0.0011      4.7978      0.0000
     0.0011      4.7978      0.0000
     0.0011      4.7978      0.0000
     0.0011      4.7978      0.0000
     0.0011      4.7978      0.0000
     0.0011    116.3181      0.0000
     0.0011    116.3181      0.0000
     0.0011    116.3181      0.0000
     0.0011    116.3181      0.0000
     0.0011    116.3181      0.0000
     0.0011    116.3181      0.0000
     0.0011    116.3181      0.0000
     0.0011    116.3181      0.0000
     0.0011    116.3181      0.0000
     0.0011    116.3181      0.0000
     0.0011    116.3181      0.0000
     0.0011    116.3181      0.0000
     0.0020      1.3042      0.0000
     0.0020      1.3042      0.0000
     0.0020      1.8882      0.0000
     0.0020      1.8882      0.0000
     0.0020      1.8882      0.0000
     0.0020      1.8882      0.0000
     0.0020      4.7987      0.0000
     0.0020      4.7987      0.0000
     0.0020      4.7987      0.0000
     0.0020      4.7987      0.0000
     0.0020    116.3190      0.0000
     0.0020    116.3190      0.0000
     0.0020    116.3190      0.0000
     0.0020    116.3190      0.0000
     0.0020    116.3190      0.0000
     0.0020    116.3190      0.0000
     0.0020    116.3190      0.0000
     0.0020    116.3190      0.0000
     0.0053      1.3076      0.0001
     0.0053      1.2875      0.0002
     0.0053      1.2875      0.0000
     0.0053      1.8629      0.0001
     0.0053      1.8629      0.0002
     0.0053      1.8629      0.0000
     0.0053      1.8629      0.0001
     0.0053      1.8629      0.0001
     0.0053      1.8629      0.0000
     0.0053      4.8021      0.0001
     0.0053      4.8021      0.0001
     0.0053      4.7429      0.0000
     0.0053      4.8021      0.0000
     0.0053      4.8021      0.0001
     0.0053      4.7429      0.0000
     0.0053      4.8021      0.0001
     0.0053      4.7429      0.0000
     0.0053    116.3224      0.0000
     0.0053    116.3224      0.0000
     0.0053    116.3224      0.0000
     0.0053    116.3224      0.0000
     0.0053    116.3224      0.0000
     0.0053    116.3224      0.0000
     0.0053    116.3224      0.0000
     0.0053    116.3224      0.0000
     0.0053    116.3224      0.0000
     0.0053    116.3224      0.0000
     0.0053    116.3224      0.0000
     0.0053    116.3224      0.0000
     0.0061      1.2883      0.0000
     0.0061      1.2883      0.0004
     0.0061      1.2883      0.0003
     0.0061      1.8922      0.0000
     0.0061      1.8636      0.0003
     0.0061      1.8636      0.0003
     0.0061      1.8922      0.0000
     0.0061      1.8636      0.0002
     0.0061      1.8636      0.0002
     0.0061      4.8028      0.0000
     0.0061      4.8028      0.0002
     0.0061      4.8028      0.0002
     0.0061      4.8028      0.0000
     0.0061      4.8028      0.0002
     0.0061      4.8028      0.0001
     0.0061    116.3231      0.0000
     0.0061    116.3231      0.0000
     0.0061    116.3231      0.0000
     0.0061    116.3231      0.0000
     0.0061    116.3231      0.0000
     0.0061    116.3231      0.0000
     0.0061    116.3231      0.0000
     0.0061    116.3231      0.0000
     0.0061    116.3231      0.0000
     0.0061    116.3231      0.0000
     0.0061    116.3231      0.0000
     0.0061    116.3231      0.0000
     0.0128      1.2949      0.0000
     0.0128      1.2949      0.0000
     0.0128      1.8703      0.0000
     0.0128      1.8703      0.0000
     0.0128      1.8703      0.0000
     0.0128      1.8703      0.0000
     0.0128      4.7503      0.0000
     0.0128      4.7503      0.0000
     0.0128      4.7503      0.0000
     0.0128      4.7503      0.0000
     0.0128      4.7503      0.0000
     0.0128    116.3298      0.0000
     0.0128    116.3298      0.0000
     0.0128    116.3298      0.0000
     0.0128    116.3298      0.0000
     0.0128    116.3298      0.0000
     0.0128    116.3298      0.0000
     0.0128    116.3298      0.0000
     0.0128    116.3298      0.0000
     0.0144      1.2766      0.0000
     0.0144      1.2766      0.0001
     0.0144      1.8720      0.0000
     0.0144      1.8720      0.0001
     0.0144      1.8720      0.0000
     0.0144      1.8720      0.0001
     0.0144      4.7520      0.0000
     0.0144      4.7520      0.0001
     0.0144      4.7520      0.0000
     0.0144      4.7520      0.0000
     0.0144      4.7520      0.0000
     0.0144    116.3315      0.0000
     0.0144    116.3315      0.0000
     0.0144    116.3315      0.0000
     0.0144    116.3315      0.0000
     0.0144    116.3315      0.0000
     0.0144    116.3315      0.0000
     0.0144    116.3315      0.0000
     0.0144    116.3315      0.0000
     0.0304      0.5914      0.0000
     0.0304      0.5914      0.0000
     0.0304      0.5914      0.0002
     0.0304      0.5914      0.0000
     0.0304      0.5914      0.0000
     0.0304      1.2525      0.0000
     0.0304      1.2525      0.0000
     0.0304      1.2525      0.0001
     0.0304      1.2525      0.0000
     0.0304      1.2525      0.0000
     0.0304      1.8880      0.0000
     0.0304      1.8880      0.0000
     0.0304      1.8594      0.0001
     0.0304      1.8594      0.0000
     0.0304      1.8309      0.0000
     0.0304      1.8880      0.0000
     0.0304      1.8594      0.0000
     0.0304      1.8594      0.0001
     0.0304      1.8309      0.0000
     0.0304      1.8309      0.0000
     0.0304      4.8272      0.0000
     0.0304      4.7087      0.0000
     0.0304      4.7087      0.0001
     0.0304      4.7087      0.0000
     0.0304      4.7087      0.0000
     0.0304      4.8272      0.0000
     0.0304      4.7087      0.0000
     0.0304      4.7087      0.0001
     0.0304      4.7087      0.0000
     0.0304      4.7087      0.0000
     0.0304      4.7087      0.0000
     0.0304    116.3474      0.0000
     0.0304    116.3474      0.0000
     0.0304    116.3474      0.0000
     0.0304    116.3474      0.0000
     0.0304    116.3474      0.0000
     0.0304    116.3474      0.0000
     0.0304    116.3474      0.0000
     0.0304    116.3474      0.0000
     0.0304    116.3474      0.0000
     0.0304    116.3474      0.0000
     0.0304    116.3474      0.0000
     0.0304    116.3474      0.0000
     0.0304    116.3474      0.0000
     0.0304    116.3474      0.0000
     0.0304    116.3474      0.0000
     0.0304    116.3474      0.0000
     0.0304    116.3474      0.0000
     0.0304    116.3474      0.0000
     0.0304    116.3474      0.0000
     0.0304    116.3474      0.0000
     0.0344      0.5954      0.0000
     0.0344      0.5954      0.0000
     0.0344      0.5954      0.0000
     0.0344      0.5854      0.0000
     0.0344      0.5854      0.0000
     0.0344      1.2565      0.0000
     0.0344      1.2565      0.0000
     0.0344      1.2565      0.0000
     0.0344      1.2565      0.0000
     0.0344      1.2565      0.0000
     0.0344      1.8920      0.0000
     0.0344      1.8635      0.0000
     0.0344      1.8635      0.0000
     0.0344      1.8349      0.0000
     0.0344      1.8349      0.0000
     0.0344      1.8920      0.0000
     0.0344      1.8635      0.0000
     0.0344      1.8349      0.0000
     0.0344      1.8349      0.0000
     0.0344      1.8349      0.0000
     0.0344      4.8312      0.0000
     0.0344      4.7127      0.0000
     0.0344      4.7127      0.0000
     0.0344      4.7127      0.0000
     0.0344      4.7720      0.0000
     0.0344      4.8312      0.0000
     0.0344      4.7127      0.0000
     0.0344      4.7127      0.0000
     0.0344      4.7127      0.0000
     0.0344      4.6535      0.0000
     0.0344      4.6535      0.0000
     0.0344    116.3515      0.0000
     0.0344    116.3515      0.0000
     0.0344    116.3515      0.0000
     0.0344    116.3515      0.0000
     0.0344    116.3515      0.0000
     0.0344    116.3515      0.0000
     0.0344    116.3515      0.0000
     0.0344    116.3515      0.0000
     0.0344    116.3515      0.0000
     0.0344    116.3515      0.0000
     0.0344    116.3515      0.0000
     0.0344    116.3515      0.0000
     0.0344    116.3515      0.0000
     0.0344    116.3515      0.0000
     0.0344    116.3515      0.0000
     0.0344    116.3515      0.0000
     0.0344    116.3515      0.0000
     0.0344    116.3515      0.0000
     0.0344    116.3515      0.0000
     0.0344    116.3515      0.0000
     0.0390      0.5899      0.0000
     0.0390      0.5899      0.0002
     0.0390      0.5899      0.0008
     0.0390      0.5899      0.0002
     0.0390      1.2410      0.0000
     0.0390      1.2410      0.0002
     0.0390      1.2410      0.0005
     0.0390      1.2410      0.0002
     0.0390      1.8966      0.0000
     0.0390      1.8680      0.0002
     0.0390      1.8680      0.0005
     0.0390      1.8394      0.0001
     0.0390      1.8680      0.0000
     0.0390      1.8680      0.0001
     0.0390      1.8394      0.0003
     0.0390      1.8394      0.0001
     0.0390      4.7765      0.0000
     0.0390      4.7173      0.0001
     0.0390      4.7173      0.0004
     0.0390      4.7173      0.0001
     0.0390      4.7765      0.0000
     0.0390      4.7173      0.0001
     0.0390      4.7173      0.0002
     0.0390      4.7173      0.0001
     0.0390    116.3560      0.0000
     0.0390    116.3560      0.0000
     0.0390    116.3560      0.0000
     0.0390    116.3560      0.0000
     0.0390    116.3560      0.0000
     0.0390    116.3560      0.0000
     0.0390    116.3560      0.0000
     0.0390    116.3560      0.0000
     0.0390    116.3560      0.0000
     0.0390    116.3560      0.0000
     0.0390    116.3560      0.0000
     0.0390    116.3560      0.0000
     0.0390    116.3560      0.0000
     0.0390    116.3560      0.0000
     0.0390    116.3560      0.0000
     0.0390    116.3560      0.0000
     0.0441      0.5851      0.0000
     0.0441      0.5851      0.0000
     0.0441      0.5851      0.0001
     0.0441      0.5851      0.0003
     0.0441      0.5851      0.0000
     0.0441      1.2462      0.0000
     0.0441      1.2462      0.0000
     0.0441      1.2462      0.0001
     0.0441      1.2462      0.0002
     0.0441      1.2462      0.0000
     0.0441      1.8732      0.0000
     0.0441      1.8732      0.0000
     0.0441      1.8446      0.0001
     0.0441      1.8446      0.0002
     0.0441      1.8160      0.0000
     0.0441      1.8732      0.0000
     0.0441      1.8446      0.0000
     0.0441      1.8446      0.0001
     0.0441      1.8446      0.0001
     0.0441      1.8160      0.0000
     0.0441      4.7817      0.0000
     0.0441      4.7817      0.0000
     0.0441      4.7225      0.0001
     0.0441      4.6632      0.0001
     0.0441      4.7817      0.0000
     0.0441      4.7817      0.0000
     0.0441      4.7225      0.0000
     0.0441      4.7225      0.0000
     0.0441      4.6632      0.0001
     0.0441      4.7817      0.0000
     0.0441      4.7817      0.0000
     0.0441    116.3612      0.0000
     0.0441    116.3612      0.0000
     0.0441    116.3612      0.0000
     0.0441    116.3612      0.0000
     0.0441    116.3612      0.0000
     0.0441    116.3612      0.0000
     0.0441    116.3612      0.0000
     0.0441    116.3612      0.0000
     0.0441    116.3612      0.0000
     0.0441    116.3612      0.0000
     0.0441    116.3612      0.0000
     0.0441    116.3612      0.0000
     0.0441    116.3612      0.0000
     0.0441    116.3612      0.0000
     0.0441    116.3612      0.0000
     0.0441    116.3612      0.0000
     0.0441    116.3612      0.0000
     0.0441    116.3612      0.0000
     0.0441    116.3612      0.0000
     0.0441    116.3612      0.0000
     0.0500      0.5809      0.0001
     0.0500      0.5809      0.0009
     0.0500      0.5809      0.0007
     0.0500      1.2320      0.0001
     0.0500      1.2320      0.0006
     0.0500      1.2320      0.0005
     0.0500      1.8790      0.0001
     0.0500      1.8504      0.0006
     0.0500      1.8504      0.0004
     0.0500      1.8504      0.0000
     0.0500      1.8504      0.0004
     0.0500      1.8218      0.0003
     0.0500      4.7875      0.0000
     0.0500      4.6691      0.0004
     0.0500      4.7875      0.0003
     0.0500      4.6691      0.0000
     0.0500      4.6691      0.0003
     0.0500      4.6691      0.0002
     0.0500    116.3670      0.0000
     0.0500    116.3670      0.0000
     0.0500    116.3670      0.0000
     0.0500    116.3670      0.0000
     0.0500    116.3670      0.0000
     0.0500    116.3670      0.0000
     0.0500    116.3670      0.0000
     0.0500    116.3670      0.0000
     0.0500    116.3670      0.0000
     0.0500    116.3670      0.0000
     0.0500    116.3670      0.0000
     0.0500    116.3670      0.0000
     0.0566      0.5675      0.0000
     0.0566      0.5675      0.0000
     0.0566      0.5675      0.0012
     0.0566      0.5675      0.0001
     0.0566      0.5675      0.0000
     0.0566      1.2186      0.0000
     0.0566      1.2186      0.0000
     0.0566      1.2186      0.0008
     0.0566      1.2186      0.0001
     0.0566      1.2186      0.0000
     0.0566      1.9142      0.0000
     0.0566      1.8856      0.0000
     0.0566      1.8856      0.0007
     0.0566      1.8284      0.0001
     0.0566      1.8284      0.0000
     0.0566      1.9142      0.0000
     0.0566      1.8570      0.0000
     0.0566      1.8284      0.0005
     0.0566      1.8284      0.0001
     0.0566      1.7999      0.0000
     0.0566      4.7941      0.0000
     0.0566      4.7941      0.0000
     0.0566      4.6757      0.0005
     0.0566      4.7941      0.0001
     0.0566      4.7349      0.0000
     0.0566      4.7941      0.0000
     0.0566      4.7941      0.0000
     0.0566      4.6757      0.0003
     0.0566      4.7941      0.0000
     0.0566      4.6757      0.0000
     0.0566      4.6757      0.0000
     0.0566    116.3736      0.0000
     0.0566    116.3736      0.0000
     0.0566    116.3736      0.0000
     0.0566    116.3736      0.0000
     0.0566    116.3736      0.0000
     0.0566    116.3736      0.0000
     0.0566    116.3736      0.0000
     0.0566    116.3736      0.0000
     0.0566    116.3736      0.0000
     0.0566    116.3736      0.0000
     0.0566    116.3736      0.0000
     0.0566    116.3736      0.0000
     0.0566    116.3736      0.0000
     0.0566    116.3736      0.0000
     0.0566    116.3736      0.0000
     0.0566    116.3736      0.0000
     0.0566    116.3736      0.0000
     0.0566    116.3736      0.0000
     0.0566    116.3736      0.0000
     0.0566    116.3736      0.0000
     0.0821      0.5529      0.0000
     0.0821      0.5529      0.0008
     0.0821      0.5529      0.0019
     0.0821      0.5529      0.0012
     0.0821      0.5529      0.0001
     0.0821      1.2040      0.0000
     0.0821      1.2040      0.0005
     0.0821      1.2040      0.0013
     0.0821      1.2040      0.0008
     0.0821      1.2040      0.0000
     0.0821      1.2040      0.0000
     0.0821      1.2040      0.0004
     0.0821      1.2040      0.0009
     0.0821      1.2040      0.0006
     0.0821      1.2040      0.0000
     0.0821      1.9111      0.0000
     0.0821      1.9111      0.0005
     0.0821      1.8826      0.0011
     0.0821      1.8826      0.0008
     0.0821      1.8540      0.0000
     0.0821      1.9111      0.0000
     0.0821      1.8826      0.0003
     0.0821      1.8540      0.0008
     0.0821      1.8540      0.0005
     0.0821      1.8540      0.0000
     0.0821      4.7012      0.0000
     0.0821      4.7012      0.0003
     0.0821      4.7012      0.0008
     0.0821      4.7012      0.0006
     0.0821      4.7012      0.0000
     0.0821      4.7012      0.0000
     0.0821      4.7012      0.0002
     0.0821      4.7012      0.0006
     0.0821      4.7012      0.0004
     0.0821      4.7012      0.0000
     0.0821      4.7012      0.0000
     0.0821      4.7012      0.0002
     0.0821      4.7012      0.0005
     0.0821      4.7012      0.0003
     0.0821      4.7012      0.0000
     0.0821    116.3991      0.0000
     0.0821    116.3991      0.0000
     0.0821    116.3991      0.0000
     0.0821    116.3991      0.0000
     0.0821    116.3991      0.0000
     0.0821    116.3991      0.0000
     0.0821    116.3991      0.0000
     0.0821    116.3991      0.0000
     0.0821    116.3991      0.0000
     0.0821    116.3991      0.0000
     0.0821    116.3991      0.0000
     0.0821    116.3991      0.0000
     0.0821    116.3991      0.0000
     0.0821    116.3991      0.0000
     0.0821    116.3991      0.0000
     0.0821    116.3991      0.0000
     0.0821    116.3991      0.0000
     0.0821    116.3991      0.0000
     0.0821    116.3991      0.0000
     0.0821    116.3991      0.0000
     0.0930      0.5538      0.0000
     0.0930      0.5538      0.0003
     0.0930      0.5538      0.0010
     0.0930      0.5538      0.0001
     0.0930      0.5538      0.0000
     0.0930      1.1949      0.0000
     0.0930      1.1949      0.0002
     0.0930      1.1949      0.0007
     0.0930      1.1949      0.0001
     0.0930      1.1949      0.0000
     0.0930      1.1949      0.0000
     0.0930      1.1949      0.0001
     0.0930      1.1949      0.0005
     0.0930      1.1949      0.0001
     0.0930      1.1949      0.0000
     0.0930      1.8934      0.0000
     0.0930      1.8934      0.0002
     0.0930      1.8648      0.0006
     0.0930      1.8648      0.0001
     0.0930      1.8648      0.0000
     0.0930      1.8934      0.0000
     0.0930      1.8934      0.0001
     0.0930      1.8648      0.0004
     0.0930      1.8648      0.0001
     0.0930      1.8363      0.0000
     0.0930      4.7121      0.0000
     0.0930      4.7121      0.0001
     0.0930      4.7121      0.0004
     0.0930      4.7121      0.0001
     0.0930      4.6529      0.0000
     0.0930      4.7121      0.0000
     0.0930      4.7121      0.0001
     0.0930      4.7121      0.0003
     0.0930      4.7121      0.0000
     0.0930      4.6529      0.0000
     0.0930      4.7121      0.0000
     0.0930      4.7121      0.0001
     0.0930      4.7121      0.0003
     0.0930      4.7121      0.0000
     0.0930      4.6529      0.0000
     0.0930    116.4100      0.0000
     0.0930    116.4100      0.0000
     0.0930    116.4100      0.0000
     0.0930    116.4100      0.0000
     0.0930    116.4100      0.0000
     0.0930    116.4100      0.0000
     0.0930    116.4100      0.0000
     0.0930    116.4100      0.0000
     0.0930    116.4100      0.0000
     0.0930    116.4100      0.0000
     0.0930    116.4100      0.0000
     0.0930    116.4100      0.0000
     0.0930    116.4100      0.0000
     0.0930    116.4100      0.0000
     0.0930    116.4100      0.0000
     0.0930    116.4100      0.0000
     0.0930    116.4100      0.0000
     0.0930    116.4100      0.0000
     0.0930    116.4100      0.0000
     0.0930    116.4100      0.0000
     0.1053      0.5460      0.0000
     0.1053      0.5460      0.0002
     0.1053      0.5460      0.0011
     0.1053      0.5460      0.0013
     0.1053      0.5460      0.0001
     0.1053      1.1871      0.0000
     0.1053      1.1671      0.0001
     0.1053      1.1671      0.0008
     0.1053      1.1671      0.0008
     0.1053      1.1671      0.0001
     0.1053      1.1871      0.0000
     0.1053      1.1671      0.0001
     0.1053      1.1671      0.0005
     0.1053      1.1671      0.0006
     0.1053      1.1671      0.0001
     0.1053      1.8771      0.0000
     0.1053      1.8771      0.0001
     0.1053      1.8771      0.0007
     0.1053      1.8486      0.0007
     0.1053      1.8771      0.0001
     0.1053      1.8771      0.0000
     0.1053      1.8771      0.0001
     0.1053      1.8486      0.0004
     0.1053      1.8486      0.0005
     0.1053      1.8486      0.0001
     0.1053      4.7244      0.0000
     0.1053      4.7244      0.0001
     0.1053      4.7244      0.0005
     0.1053      4.6652      0.0005
     0.1053      4.6059      0.0001
     0.1053      4.7244      0.0000
     0.1053      4.7244      0.0000
     0.1053      4.6652      0.0003
     0.1053      4.6652      0.0004
     0.1053      4.6059      0.0000
     0.1053      4.7244      0.0000
     0.1053      4.7244      0.0000
     0.1053      4.6652      0.0003
     0.1053      4.6652      0.0003
     0.1053      4.6059      0.0000
     0.1053    115.0376      0.0000
     0.1053    115.0376      0.0000
     0.1053    115.0376      0.0000
     0.1053    115.0376      0.0000
     0.1053    115.0376      0.0000
     0.1053    115.0376      0.0000
     0.1053    115.0376      0.0000
     0.1053    115.0376      0.0000
     0.1053    115.0376      0.0000
     0.1053    115.0376      0.0000
     0.1053    115.0376      0.0000
     0.1053    115.0376      0.0000
     0.1053    115.0376      0.0000
     0.1053    115.0376      0.0000
     0.1053    115.0376      0.0000
     0.1053    115.0376      0.0000
     0.1053    115.0376      0.0000
     0.1053    115.0376      0.0000
     0.1053    115.0376      0.0000
     0.1053    115.0376      0.0000
     0.1192      0.5399      0.0000
     0.1192      0.5399      0.0005
     0.1192      0.5399      0.0029
     0.1192      0.5399      0.0016
     0.1192      0.5399      0.0001
     0.1192      1.1810      0.0000
     0.1192      1.1610      0.0004
     0.1192      1.1610      0.0020
     0.1192      1.1610      0.0010
     0.1192      1.1610      0.0001
     0.1192      1.1610      0.0000
     0.1192      1.1610      0.0002
     0.1192      1.1610      0.0013
     0.1192      1.1610      0.0007
     0.1192      1.1610      0.0000
     0.1192      1.8625      0.0000
     0.1192      1.8625      0.0003
     0.1192      1.8625      0.0018
     0.1192      1.8339      0.0010
     0.1192      1.8339      0.0001
     0.1192      1.8625      0.0000
     0.1192      1.8625      0.0002
     0.1192      1.8625      0.0012
     0.1192      1.8339      0.0006
     0.1192      1.8339      0.0000
     0.1192      4.7383      0.0000
     0.1192      4.6199      0.0002
     0.1192      4.6199      0.0013
     0.1192      4.6199      0.0007
     0.1192      4.6199      0.0000
     0.1192      4.6199      0.0000
     0.1192      4.6199      0.0002
     0.1192      4.6199      0.0009
     0.1192      4.6199      0.0005
     0.1192      4.6199      0.0000
     0.1192      4.6199      0.0000
     0.1192      4.6199      0.0002
     0.1192      4.6199      0.0008
     0.1192      4.6199      0.0004
     0.1192      4.6199      0.0000
     0.1192    113.6668      0.0000
     0.1192    113.6668      0.0000
     0.1192    113.6668      0.0000
     0.1192    113.6668      0.0000
     0.1192    113.6668      0.0000
     0.1192    113.6668      0.0000
     0.1192    113.6668      0.0000
     0.1192    113.6668      0.0000
     0.1192    113.6668      0.0000
     0.1192    113.6668      0.0000
     0.1192    113.6668      0.0000
     0.1192    113.6668      0.0000
     0.1192    113.6668      0.0000
     0.1192    113.6668      0.0000
     0.1192    113.6668      0.0000
     0.1192    113.6668      0.0000
     0.1192    113.6668      0.0000
     0.1192    113.6668      0.0000
     0.1192    113.6668      0.0000
     0.1192    113.6668      0.0000
     0.1350      0.5457      0.0000
     0.1350      0.5457      0.0000
     0.1350      1.1567      0.0000
     0.1350      1.1567      0.0000
     0.1350      1.1567      0.0000
     0.1350      1.1567      0.0000
     0.1350      1.8211      0.0000
     0.1350      1.8211      0.0000
     0.1350      1.8211      0.0000
     0.1350      1.8211      0.0000
     0.1350      1.8211      0.0000
     0.1350      1.8211      0.0000
     0.1350      4.6356      0.0000
     0.1350      4.5172      0.0000
     0.1350      4.6356      0.0000
     0.1350      4.5172      0.0000
     0.1350      4.6356      0.0000
     0.1350      4.5172      0.0000
     0.1350    113.6825      0.0000
     0.1350    113.6825      0.0000
     0.1350    113.6825      0.0000
     0.1350    113.6825      0.0000
     0.1350    116.4520      0.0000
     0.1350    116.4520      0.0000
     0.1350    113.6825      0.0000
     0.1350    113.6825      0.0000
     0.1528      1.1746      0.0000
     0.1528      1.1746      0.0001
     0.1528      1.1746      0.0007
     0.1528      1.1545      0.0006
     0.1528      1.1545      0.0001
     0.1528      1.1746      0.0000
     0.1528      1.1746      0.0001
     0.1528      1.1545      0.0005
     0.1528      1.1545      0.0004
     0.1528      1.1345      0.0000
     0.1528      1.9247      0.0000
     0.1528      1.8675      0.0001
     0.1528      1.8104      0.0006
     0.1528      1.8104      0.0006
     0.1528      1.8104      0.0001
     0.1528      1.8961      0.0000
     0.1528      1.8104      0.0000
     0.1528      1.8104      0.0004
     0.1528      1.8104      0.0004
     0.1528      1.8104      0.0000
     0.1528      1.8961      0.0000
     0.1528      1.8104      0.0000
     0.1528      1.8104      0.0004
     0.1528      1.8104      0.0003
     0.1528      1.8104      0.0000
     0.1528      4.6535      0.0000
     0.1528      4.6535      0.0001
     0.1528      4.6535      0.0004
     0.1528      4.5350      0.0004
     0.1528      4.5350      0.0000
     0.1528      4.6535      0.0000
     0.1528      4.6535      0.0000
     0.1528      4.5350      0.0003
     0.1528      4.5350      0.0003
     0.1528      4.5350      0.0000
     0.1528      4.6535      0.0000
     0.1528      4.6535      0.0000
     0.1528      4.5350      0.0003
     0.1528      4.5350      0.0002
     0.1528      4.5350      0.0000
     0.1528    113.7004      0.0000
     0.1528    113.7004      0.0000
     0.1528    113.7004      0.0000
     0.1528    113.7004      0.0000
     0.1528    113.7004      0.0000
     0.1528    116.4698      0.0000
     0.1528    116.4698      0.0000
     0.1528    116.4698      0.0000
     0.1528    116.4698      0.0000
     0.1528    116.4698      0.0000
     0.1528    116.4698      0.0000
     0.1528    116.4698      0.0000
     0.1528    116.4698      0.0000
     0.1528    116.4698      0.0000
     0.1528    116.4698      0.0000
     0.1528    113.7004      0.0000
     0.1528    113.7004      0.0000
     0.1528    113.7004      0.0000
     0.1528    113.7004      0.0000
     0.1528    113.7004      0.0000
     0.1730      1.2148      0.0000
     0.1730      1.1948      0.0001
     0.1730      1.1948      0.0005
     0.1730      1.1747      0.0008
     0.1730      1.1747      0.0001
     0.1730      1.1747      0.0000
     0.1730      1.1948      0.0000
     0.1730      1.1948      0.0003
     0.1730      1.1547      0.0005
     0.1730      1.1547      0.0001
     0.1730      1.8877      0.0000
     0.1730      1.8877      0.0001
     0.1730      1.8877      0.0004
     0.1730      1.8306      0.0007
     0.1730      1.7734      0.0001
     0.1730      1.8877      0.0000
     0.1730      1.8877      0.0000
     0.1730      1.8306      0.0003
     0.1730      1.7734      0.0005
     0.1730      1.7734      0.0001
     0.1730      1.8877      0.0000
     0.1730      1.8877      0.0000
     0.1730      1.8306      0.0003
     0.1730      1.7734      0.0004
     0.1730      1.7734      0.0000
     0.1730      4.7921      0.0000
     0.1730      4.6144      0.0000
     0.1730      4.6144      0.0003
     0.1730      4.6144      0.0005
     0.1730      4.6144      0.0001
     0.1730      4.7921      0.0000
     0.1730      4.6144      0.0000
     0.1730      4.6144      0.0002
     0.1730      4.5552      0.0003
     0.1730      4.4368      0.0000
     0.1730      4.7921      0.0000
     0.1730      4.6144      0.0000
     0.1730      4.6144      0.0002
     0.1730      4.5552      0.0003
     0.1730      4.4368      0.0000
     0.1730    116.4900      0.0000
     0.1730    116.4900      0.0000
     0.1730    116.4900      0.0000
     0.1730    116.4900      0.0000
     0.1730    116.4900      0.0000
     0.1730    116.4900      0.0000
     0.1730    116.4900      0.0000
     0.1730    116.4900      0.0000
     0.1730    116.4900      0.0000
     0.1730    116.4900      0.0000
     0.1730    116.4900      0.0000
     0.1730    116.4900      0.0000
     0.1730    116.4900      0.0000
     0.1730    116.4900      0.0000
     0.1730    116.4900      0.0000
     0.1730    116.4900      0.0000
     0.1730    116.4900      0.0000
     0.1730    116.4900      0.0000
     0.1730    116.4900      0.0000
     0.1730    116.4900      0.0000
     0.1959      1.1976      0.0000
     0.1959      1.1976      0.0002
     0.1959      1.1976      0.0013
     0.1959      1.1776      0.0010
     0.1959      1.1776      0.0001
     0.1959      1.1976      0.0000
     0.1959      1.1976      0.0001
     0.1959      1.1776      0.0009
     0.1959      1.1776      0.0007
     0.1959      1.1776      0.0001
     0.1959      1.8820      0.0000
     0.1959      1.8820      0.0001
     0.1959      1.8534      0.0011
     0.1959      1.8820      0.0009
     0.1959      1.7963      0.0001
     0.1959      1.8820      0.0000
     0.1959      1.8534      0.0001
     0.1959      1.8534      0.0008
     0.1959      1.8820      0.0006
     0.1959      1.7963      0.0001
     0.1959      1.8820      0.0000
     0.1959      1.8534      0.0001
     0.1959      1.8534      0.0007
     0.1959      1.8249      0.0006
     0.1959      1.7963      0.0001
     0.1959      4.6965      0.0000
     0.1959      4.6965      0.0001
     0.1959      4.5781      0.0008
     0.1959      4.5781      0.0007
     0.1959      4.5189      0.0001
     0.1959      4.6965      0.0000
     0.1959      4.5781      0.0001
     0.1959      4.5781      0.0006
     0.1959      4.5781      0.0005
     0.1959      4.5189      0.0000
     0.1959      4.6965      0.0000
     0.1959      4.5781      0.0001
     0.1959      4.5781      0.0005
     0.1959      4.5781      0.0004
     0.1959      4.5189      0.0000
     0.1959    116.5129      0.0000
     0.1959    116.5129      0.0000
     0.1959    116.5129      0.0000
     0.1959    116.5129      0.0000
     0.1959    116.5129      0.0000
     0.1959    116.5129      0.0000
     0.1959    116.5129      0.0000
     0.1959    116.5129      0.0000
     0.1959    116.5129      0.0000
     0.1959    116.5129      0.0000
     0.1959    116.5129      0.0000
     0.1959    116.5129      0.0000
     0.1959    116.5129      0.0000
     0.1959    116.5129      0.0000
     0.1959    116.5129      0.0000
     0.1959    116.5129      0.0000
     0.1959    116.5129      0.0000
     0.1959    116.5129      0.0000
     0.1959    116.5129      0.0000
     0.1959    116.5129      0.0000
     0.2218      1.1834      0.0001
     0.2218      1.1834      0.0003
     0.2218      1.1834      0.0002
     0.2218      1.1834      0.0000
     0.2218      1.1834      0.0002
     0.2218      1.1834      0.0001
     0.2218      1.8508      0.0001
     0.2218      1.8508      0.0003
     0.2218      1.8508      0.0001
     0.2218      1.8508      0.0000
     0.2218      1.8508      0.0002
     0.2218      1.8508      0.0001
     0.2218      1.8508      0.0000
     0.2218      1.8508      0.0002
     0.2218      1.8508      0.0001
     0.2218      4.5448      0.0000
     0.2218      4.5448      0.0002
     0.2218      4.4856      0.0001
     0.2218      4.5448      0.0000
     0.2218      4.5448      0.0001
     0.2218      4.4856      0.0001
     0.2218    116.5388      0.0000
     0.2218    116.5388      0.0000
     0.2218    116.5388      0.0000
     0.2218    116.5388      0.0000
     0.2218    116.5388      0.0000
     0.2218    116.5388      0.0000
     0.2218    116.5388      0.0000
     0.2218    116.5388      0.0000
     0.2218    116.5388      0.0000
     0.2218    116.5388      0.0000
     0.2218    116.5388      0.0000
     0.2218    116.5388      0.0000
     0.2511      1.2328      0.0000
     0.2511      1.2328      0.0002
     0.2511      1.1727      0.0012
     0.2511      1.1727      0.0009
     0.2511      1.1727      0.0001
     0.2511      1.2328      0.0000
     0.2511      1.1727      0.0002
     0.2511      1.1727      0.0008
     0.2511      1.1727      0.0006
     0.2511      1.1727      0.0001
     0.2511      1.1727      0.0006
     0.2511      1.1727      0.0000
     0.2511      1.8515      0.0000
     0.2511      1.8515      0.0002
     0.2511      1.8515      0.0011
     0.2511      1.8515      0.0008
     0.2511      1.8229      0.0001
     0.2511      1.8515      0.0000
     0.2511      1.8515      0.0001
     0.2511      1.8515      0.0007
     0.2511      1.8229      0.0006
     0.2511      1.8229      0.0000
     0.2511      1.8515      0.0000
     0.2511      1.8515      0.0001
     0.2511      1.8515      0.0007
     0.2511      1.8229      0.0005
     0.2511      1.8229      0.0000
     0.2511      4.6333      0.0000
     0.2511      4.6333      0.0001
     0.2511      4.5149      0.0008
     0.2511      4.5149      0.0006
     0.2511      4.3964      0.0001
     0.2511      4.6333      0.0000
     0.2511      4.5741      0.0001
     0.2511      4.5149      0.0005
     0.2511      4.4557      0.0004
     0.2511      4.3964      0.0000
     0.2511    116.5681      0.0000
     0.2511    116.5681      0.0000
     0.2511    116.5681      0.0000
     0.2511    116.5681      0.0000
     0.2511    116.5681      0.0000
     0.2511    116.5681      0.0000
     0.2511    116.5681      0.0000
     0.2511    116.5681      0.0000
     0.2511    116.5681      0.0000
     0.2511    116.5681      0.0000
     0.2511    116.5681      0.0000
     0.2511    116.5681      0.0000
     0.2511    116.5681      0.0000
     0.2511    116.5681      0.0000
     0.2511    116.5681      0.0000
     0.2511    116.5681      0.0000
     0.2511    116.5681      0.0000
     0.2511    116.5681      0.0000
     0.2511    116.5681      0.0000
     0.2511    116.5681      0.0000
     0.2843      1.2460      0.0000
     0.2843      1.2259      0.0002
     0.2843      1.2259      0.0015
     0.2843      1.2059      0.0016
     0.2843      1.2059      0.0003
     0.2843      1.2460      0.0000
     0.2843      1.2259      0.0001
     0.2843      1.2259      0.0010
     0.2843      1.2059      0.0011
     0.2843      1.2059      0.0002
     0.2843      1.2259      0.0000
     0.2843      1.2259      0.0001
     0.2843      1.2259      0.0009
     0.2843      1.2059      0.0010
     0.2843      1.2059      0.0002
     0.2843      1.8275      0.0000
     0.2843      1.8275      0.0002
     0.2843      1.8275      0.0013
     0.2843      1.8275      0.0014
     0.2843      1.7990      0.0003
     0.2843      1.8275      0.0000
     0.2843      1.8275      0.0001
     0.2843      1.8275      0.0009
     0.2843      1.8275      0.0010
     0.2843      1.7990      0.0002
     0.2843      1.8275      0.0001
     0.2843      1.8275      0.0008
     0.2843      1.8275      0.0009
     0.2843      1.7990      0.0002
     0.2843      4.5481      0.0000
     0.2843      4.5481      0.0001
     0.2843      4.5481      0.0009
     0.2843      4.5481      0.0010
     0.2843      4.4296      0.0002
     0.2843      4.5481      0.0000
     0.2843      4.5481      0.0001
     0.2843      4.5481      0.0006
     0.2843      4.5481      0.0007
     0.2843      4.4296      0.0001
     0.2843    113.8319      0.0000
     0.2843    113.8319      0.0000
     0.2843    113.8319      0.0000
     0.2843    113.8319      0.0000
     0.2843    113.8319      0.0000
     0.2843    113.8319      0.0000
     0.2843    113.8319      0.0000
     0.2843    113.8319      0.0000
     0.2843    113.8319      0.0000
     0.2843    113.8319      0.0000
     0.2843    113.8319      0.0000
     0.2843    113.8319      0.0000
     0.2843    113.8319      0.0000
     0.2843    113.8319      0.0000
     0.2843    113.8319      0.0000
     0.2843    113.8319      0.0000
     0.2843    113.8319      0.0000
     0.2843    113.8319      0.0000
     0.2843    113.8319      0.0000
     0.2843    113.8319      0.0000
     0.3645      1.9077      0.0000
     0.3645      1.8791      0.0000
     0.3645      1.8791      0.0007
     0.3645      1.8791      0.0012
     0.3645      1.8220      0.0004
     0.3645      1.9077      0.0000
     0.3645      1.8791      0.0000
     0.3645      1.8791      0.0005
     0.3645      1.8791      0.0008
     0.3645      1.8220      0.0002
     0.3645      1.8791      0.0007
     0.3645      1.8220      0.0002
     0.3645      4.6875      0.0000
     0.3645      4.6875      0.0000
     0.3645      4.6875      0.0005
     0.3645      4.5098      0.0009
     0.3645      4.3321      0.0003
     0.3645      4.6875      0.0000
     0.3645      4.6875      0.0000
     0.3645      4.5098      0.0003
     0.3645      4.5098      0.0006
     0.3645      4.3321      0.0002
     0.3645      4.6875      0.0000
     0.3645      4.6875      0.0000
     0.3645      4.5098      0.0003
     0.3645      4.5098      0.0005
     0.3645      4.3321      0.0002
     0.3645    113.9120      0.0000
     0.3645    113.9120      0.0000
     0.3645    113.9120      0.0000
     0.3645    113.9120      0.0000
     0.3645    113.9120      0.0000
     0.3645    113.9120      0.0000
     0.3645    113.9120      0.0000
     0.3645    113.9120      0.0000
     0.3645    113.9120      0.0000
     0.3645    113.9120      0.0000
     0.3645    113.9120      0.0000
     0.3645    113.9120      0.0000
     0.3645    113.9120      0.0000
     0.3645    113.9120      0.0000
     0.3645    113.9120      0.0000
     0.3645    113.9120      0.0000
     0.3645    113.9120      0.0000
     0.3645    113.9120      0.0000
     0.3645    113.9120      0.0000
     0.3645    113.9120      0.0000
     0.4126      1.9273      0.0000
     0.4126      1.9273      0.0001
     0.4126      1.9273      0.0007
     0.4126      1.8416      0.0009
     0.4126      1.8416      0.0002
     0.4126      1.9273      0.0000
     0.4126      1.9273      0.0000
     0.4126      1.8416      0.0004
     0.4126      1.8416      0.0006
     0.4126      1.8416      0.0002
     0.4126      1.8416      0.0001
     0.4126      4.6764      0.0000
     0.4126      4.6764      0.0000
     0.4126      4.5580      0.0005
     0.4126      4.5580      0.0007
     0.4126      4.5580      0.0002
     0.4126      4.6764      0.0000
     0.4126      4.6764      0.0000
     0.4126      4.5580      0.0003
     0.4126      4.5580      0.0004
     0.4126      4.2027      0.0001
     0.4126      4.6764      0.0000
     0.4126      4.5580      0.0000
     0.4126      4.5580      0.0003
     0.4126      4.5580      0.0004
     0.4126      4.2027      0.0001
     0.4126    113.9602      0.0000
     0.4126    113.9602      0.0000
     0.4126    113.9602      0.0000
     0.4126    113.9602      0.0000
     0.4126    113.9602      0.0000
     0.4126    113.9602      0.0000
     0.4126    113.9602      0.0000
     0.4126    113.9602      0.0000
     0.4126    113.9602      0.0000
     0.4126    113.9602      0.0000
     0.4126    113.9602      0.0000
     0.4126    113.9602      0.0000
     0.4126    113.9602      0.0000
     0.4126    113.9602      0.0000
     0.4126    113.9602      0.0000
     0.4126    113.9602      0.0000
     0.4126    113.9602      0.0000
     0.4126    113.9602      0.0000
     0.4126    113.9602      0.0000
     0.4126    113.9602      0.0000
     0.4672      1.9533      0.0000
     0.4672      1.8961      0.0001
     0.4672      1.8961      0.0010
     0.4672      1.8961      0.0020
     0.4672      1.8961      0.0006
     0.4672      1.8961      0.0000
     0.4672      1.8961      0.0000
     0.4672      1.8961      0.0006
     0.4672      1.8961      0.0013
     0.4672      1.8961      0.0004
     0.4672      4.6718      0.0000
     0.4672      4.6718      0.0000
     0.4672      4.6718      0.0007
     0.4672      4.4941      0.0014
     0.4672      4.4941      0.0004
     0.4672      4.6718      0.0000
     0.4672      4.6718      0.0000
     0.4672      4.4941      0.0005
     0.4672      4.4941      0.0009
     0.4672      4.4941      0.0003
     0.4672      4.6718      0.0000
     0.4672      4.6718      0.0000
     0.4672      4.4941      0.0004
     0.4672      4.4941      0.0008
     0.4672      4.4941      0.0002
     0.4672    114.0148      0.0000
     0.4672    114.0148      0.0000
     0.4672    114.0148      0.0000
     0.4672    114.0148      0.0000
     0.4672    114.0148      0.0000
     0.4672    114.0148      0.0000
     0.4672    114.0148      0.0000
     0.4672    114.0148      0.0000
     0.4672    114.0148      0.0000
     0.4672    114.0148      0.0000
     0.4672    114.0148      0.0000
     0.4672    114.0148      0.0000
     0.4672    114.0148      0.0000
     0.4672    114.0148      0.0000
     0.4672    114.0148      0.0000
     0.4672    114.0148      0.0000
     0.4672    114.0148      0.0000
     0.4672    114.0148      0.0000
     0.4672    114.0148      0.0000
     0.4672    114.0148      0.0000
     0.5290      4.5559      0.0000
     0.5290      4.5559      0.0000
     0.5290      4.5559      0.0003
     0.5290      4.5559      0.0008
     0.5290      4.4967      0.0003
     0.5290      4.5559      0.0000
     0.5290      4.5559      0.0000
     0.5290      4.5559      0.0002
     0.5290      4.5559      0.0005
     0.5290      4.4967      0.0002
     0.5290      4.5559      0.0000
     0.5290      4.5559      0.0000
     0.5290      4.5559      0.0002
     0.5290      4.5559      0.0005
     0.5290      4.4967      0.0002
     0.5290    114.0766      0.0000
     0.5290    114.0766      0.0000
     0.5290    114.0766      0.0000
     0.5290    114.0766      0.0000
     0.5290    114.0766      0.0000
     0.5290    114.0766      0.0000
     0.5290    114.0766      0.0000
     0.5290    114.0766      0.0000
     0.5290    114.0766      0.0000
     0.5290    114.0766      0.0000
     0.5290    114.0766      0.0000
     0.5290    114.0766      0.0000
     0.5290    114.0766      0.0000
     0.5290    114.0766      0.0000
     0.5290    114.0766      0.0000
     0.5290    114.0766      0.0000
     0.5290    114.0766      0.0000
     0.5290    114.0766      0.0000
     0.5290    114.0766      0.0000
     0.5290    114.0766      0.0000
     0.5989      4.5074      0.0000
     0.5989      4.3889      0.0000
     0.5989      4.3889      0.0003
     0.5989      4.3889      0.0012
     0.5989      4.3889      0.0007
     0.5989      4.3889      0.0000
     0.5989      4.3889      0.0000
     0.5989      4.3889      0.0002
     0.5989      4.3889      0.0008
     0.5989      4.3889      0.0004
     0.5989      4.3889      0.0000
     0.5989      4.3889      0.0000
     0.5989      4.3889      0.0002
     0.5989      4.3889      0.0007
     0.5989      4.3889      0.0004
     0.5989    114.1465      0.0000
     0.5989    114.1465      0.0000
     0.5989    114.1465      0.0000
     0.5989    114.1465      0.0000
     0.5989    114.1465      0.0000
     0.5989    114.1465      0.0000
     0.5989    114.1465      0.0000
     0.5989    114.1465      0.0000
     0.5989    114.1465      0.0000
     0.5989    114.1465      0.0000
     0.5989    114.1465      0.0000
     0.5989    114.1465      0.0000
     0.5989    114.1465      0.0000
     0.5989    114.1465      0.0000
     0.5989    114.1465      0.0000
     0.5989    114.1465      0.0000
     0.5989    114.1465      0.0000
     0.5989    114.1465      0.0000
     0.5989    114.1465      0.0000
     0.5989    114.1465      0.0000
     0.6781      4.3497      0.0000
     0.6781      4.3497      0.0000
     0.6781      4.3497      0.0000
     0.6781      4.3497      0.0000
     0.6781      4.3497      0.0000
     0.6781      4.3497      0.0000
     0.6781      4.3497      0.0000
     0.6781      4.3497      0.0000
     0.6781      4.3497      0.0000
     0.6781    111.4562      0.0000
     0.6781    111.4562      0.0000
     0.6781    111.4562      0.0000
     0.6781    111.4562      0.0000
     0.6781    111.4562      0.0000
     0.6781    111.4562      0.0000
     0.6781    111.4562      0.0000
     0.6781    111.4562      0.0000
     0.6781    111.4562      0.0000
     0.6781    111.4562      0.0000
     0.6781    111.4562      0.0000
     0.6781    111.4562      0.0000
     0.7678      4.4394      0.0000
     0.7678      4.3209      0.0000
     0.7678      4.3209      0.0001
     0.7678      4.3209      0.0006
     0.7678      4.3209      0.0005
     0.7678      4.4394      0.0000
     0.7678      4.3209      0.0000
     0.7678      4.3209      0.0001
     0.7678      4.3209      0.0004
     0.7678      4.3209      0.0003
     0.7678      4.4394      0.0000
     0.7678      4.3209      0.0000
     0.7678      4.3209      0.0001
     0.7678      4.3209      0.0003
     0.7678      4.3209      0.0003
     0.7678      4.3209      0.0002
     0.7678    111.5459      0.0000
     0.7678    111.5459      0.0000
     0.7678    111.5459      0.0000
     0.7678    111.5459      0.0000
     0.7678    111.5459      0.0000
     0.7678    111.5459      0.0000
     0.7678    111.5459      0.0000
     0.7678    111.5459      0.0000
     0.7678    111.5459      0.0000
     0.7678    111.5459      0.0000
     0.7678    111.5459      0.0000
     0.7678    111.5459      0.0000
     0.7678    111.5459      0.0000
     0.7678    111.5459      0.0000
     0.7678    111.5459      0.0000
     0.7678    111.5459      0.0000
     0.7678    111.5459      0.0000
     0.7678    111.5459      0.0000
     0.7678    111.5459      0.0000
     0.7678    111.5459      0.0000
     0.8693      4.3040      0.0000
     0.8693      4.3040      0.0000
     0.8693      4.3040      0.0000
     0.8693      4.3040      0.0004
     0.8693      4.3040      0.0005
     0.8693      4.3040      0.0000
     0.8693      4.3040      0.0000
     0.8693      4.3040      0.0000
     0.8693      4.3040      0.0002
     0.8693      4.3040      0.0003
     0.8693      4.3040      0.0000
     0.8693      4.3040      0.0000
     0.8693      4.3040      0.0000
     0.8693      4.3040      0.0002
     0.8693      4.3040      0.0003
     0.8693      4.3040      0.0000
     0.8693      4.3040      0.0000
     0.8693      4.3040      0.0000
     0.8693      4.3040      0.0002
     0.8693      4.3040      0.0002
     0.8693    114.4169      0.0000
     0.8693    114.4169      0.0000
     0.8693    114.4169      0.0000
     0.8693    114.4169      0.0000
     0.8693    114.4169      0.0000
     0.8693    114.4169      0.0000
     0.8693    114.4169      0.0000
     0.8693    114.4169      0.0000
     0.8693    114.4169      0.0000
     0.8693    114.4169      0.0000
     0.8693    114.4169      0.0000
     0.8693    114.4169      0.0000
     0.8693    114.4169      0.0000
     0.8693    114.4169      0.0000
     0.8693    114.4169      0.0000
     0.8693    114.4169      0.0000
     0.8693    114.4169      0.0000
     0.8693    114.4169      0.0000
     0.8693    114.4169      0.0000
     0.8693    114.4169      0.0000
     0.9842      4.4189      0.0000
     0.9842      4.4189      0.0000
     0.9842      4.4189      0.0000
     0.9842      4.2413      0.0001
     0.9842      4.2413      0.0002
     0.9842      4.4189      0.0000
     0.9842      4.4189      0.0000
     0.9842      4.4189      0.0000
     0.9842      4.2413      0.0000
     0.9842      4.2413      0.0001
     0.9842      4.4189      0.0000
     0.9842      4.4189      0.0000
     0.9842      4.4189      0.0000
     0.9842      4.2413      0.0000
     0.9842      4.2413      0.0001
     0.9842      4.4189      0.0000
     0.9842      4.4189      0.0000
     0.9842      4.4189      0.0000
     0.9842      4.2413      0.0000
     0.9842      4.2413      0.0001
     0.9842    113.1471      0.0000
     0.9842    113.1471      0.0000
     0.9842    113.1471      0.0000
     0.9842    113.1471      0.0000
     0.9842    113.1471      0.0000
     0.9842    113.1471      0.0000
     0.9842    113.1471      0.0000
     0.9842    113.1471      0.0000
     0.9842    113.1471      0.0000
     0.9842    113.1471      0.0000
     0.9842    113.1471      0.0000
     0.9842    113.1471      0.0000
     0.9842    113.1471      0.0000
     0.9842    113.1471      0.0000
     0.9842    113.1471      0.0000
     0.9842    113.1471      0.0000
     0.9842    113.1471      0.0000
     0.9842    113.1471      0.0000
     0.9842    113.1471      0.0000
     0.9842    113.1471      0.0000
     1.1144    111.8925      0.0000
     1.1144    111.8925      0.0000
     1.1144    111.8925      0.0000
     1.1144    111.8925      0.0000
     1.1144    111.8925      0.0000
     1.1144    111.8925      0.0000
     1.1144    111.8925      0.0000
     1.1144    111.8925      0.0000
     1.1144    111.8925      0.0000
     1.1144    111.8925      0.0000
     1.1144    111.8925      0.0000
     1.1144    111.8925      0.0000
     1.1144    111.8925      0.0000
     1.1144    111.8925      0.0000
     1.1144    111.8925      0.0000
     1.1144    111.8925      0.0000
     1.1144    111.8925      0.0000
     1.1144    111.8925      0.0000
     1.1144    111.8925      0.0000
     1.1144    111.8925      0.0000
     1.2617    112.0398      0.0000
     1.2617    112.0398      0.0000
     1.2617    112.0398      0.0000
     1.2617    112.0398      0.0000
     1.2617    112.0398      0.0000
     1.2617    112.0398      0.0000
     1.2617    112.0398      0.0000
     1.2617    112.0398      0.0000
     1.2617    112.0398      0.0000
     1.2617    112.0398      0.0000
     1.2617    112.0398      0.0000
     1.2617    112.0398      0.0000
     1.2617    112.0398      0.0000
     1.2617    112.0398      0.0000
     1.2617    112.0398      0.0000
     1.2617    112.0398      0.0000
     1.2617    112.0398      0.0000
     1.2617    112.0398      0.0000
     1.2617    112.0398      0.0000
     1.2617    112.0398      0.0000
     1.4285    110.8219      0.0000
     1.4285    110.8219      0.0000
     1.4285    110.8219      0.0000
     1.4285    110.8219      0.0000
     1.4285    110.8219      0.0000
     1.4285    110.8219      0.0000
     1.4285    110.8219      0.0000
     1.4285    110.8219      0.0000
     1.4285    110.8219      0.0000
     1.4285    110.8219      0.0000
     1.4285    110.8219      0.0000
     1.4285    110.8219      0.0000
     1.4285    110.8219      0.0000
     1.4285    110.8219      0.0000
     1.4285    110.8219      0.0000
     1.4285    110.8219      0.0000
     1.4285    110.8219      0.0000
     1.4285    110.8219      0.0000
     1.4285    110.8219      0.0000
     1.4285    110.8219      0.0000
     1.6174    109.6260      0.0000
     1.6174    109.6260      0.0000
     1.6174    109.6260      0.0000
     1.6174    109.6260      0.0000
     1.6174    109.6260      0.0000
     1.6174    109.6260      0.0000
     1.6174    109.6260      0.0000
     1.6174    109.6260      0.0000
     1.6174    109.6260      0.0000
     1.6174    109.6260      0.0000
     1.6174    109.6260      0.0000
     1.6174    109.6260      0.0000
     1.6174    109.6260      0.0000
     1.6174    109.6260      0.0000
     1.6174    109.6260      0.0000
     1.6174    109.6260      0.0000
     1.8312    108.4552      0.0000
     1.8312    108.4552      0.0000
     1.8312    108.4552      0.0000
     1.8312    108.4552      0.0000
     1.8312    108.4552      0.0000
     1.8312    108.4552      0.0000
     1.8312    108.4552      0.0000
     1.8312    108.4552      0.0000
     1.8312    108.4552      0.0000
     1.8312    108.4552      0.0000
     1.8312    108.4552      0.0000
     1.8312    108.4552      0.0000
     1.8312    108.4552      0.0000
     1.8312    108.4552      0.0000
     1.8312    108.4552      0.0000
     1.8312    108.4552      0.0000
     1.8312    108.4552      0.0000
     1.8312    108.4552      0.0000
     1.8312    108.4552      0.0000
     1.8312    108.4552      0.0000
     2.0734    107.3126      0.0000
     2.0734    107.3126      0.0000
     2.0734    107.3126      0.0000
     2.0734    107.3126      0.0000
     2.0734    107.3126      0.0000
     2.0734    107.3126      0.0000
     2.0734    107.3126      0.0000
     2.0734    107.3126      0.0000
     2.0734    107.3126      0.0000
     2.0734    107.3126      0.0000
     2.0734    107.3126      0.0000
     2.0734    107.3126      0.0000
     2.0734    107.3126      0.0000
     2.0734    107.3126      0.0000
     2.0734    107.3126      0.0000
     2.0734    107.3126      0.0000
     2.0734    107.3126      0.0000
     2.0734    107.3126      0.0000
     2.0734    107.3126      0.0000
     2.0734    107.3126      0.0000
     2.3475    107.5867      0.0000
     2.3475    107.5867      0.0000
     2.3475    107.5867      0.0000
     2.3475    107.5867      0.0000
     2.3475    107.5867      0.0000
     2.3475    107.5867      0.0000
     2.3475    107.5867      0.0000
     2.3475    107.5867      0.0000
     2.3475    107.5867      0.0000
     2.3475    107.5867      0.0000
     2.3475    107.5867      0.0000
     2.3475    107.5867      0.0000
     2.3475    107.5867      0.0000
     2.3475    107.5867      0.0000
     2.3475    107.5867      0.0000
     2.3475    107.5867      0.0000
     2.3475    107.5867      0.0000
     2.3475    107.5867      0.0000
     2.3475    107.5867      0.0000
     2.3475    107.5867      0.0000
     2.6579    105.1276      0.0000
     2.6579    105.1276      0.0000
     2.6579    105.1276      0.0000
     2.6579    105.1276      0.0000
     2.6579    105.1276      0.0000
     2.6579    105.1276      0.0000
     2.6579    105.1276      0.0000
     2.6579    105.1276      0.0000
     2.6579    105.1276      0.0000
     2.6579    105.1276      0.0000
     2.6579    105.1276      0.0000
     2.6579    105.1276      0.0000
     2.6579    105.1276      0.0000
     2.6579    105.1276      0.0000
     2.6579    105.1276      0.0000
     2.6579    105.1276      0.0000
     3.0093    105.4791      0.0000
     3.0093    105.4791      0.0000
     3.0093    105.4791      0.0000
     3.0093    105.4791      0.0000
     3.0093    105.4791      0.0000
     3.0093    105.4791      0.0000
     3.0093    105.4791      0.0000
     3.0093    105.4791      0.0000
     3.0093    105.4791      0.0000
     3.0093    105.4791      0.0000
     3.0093    105.4791      0.0000
     3.0093    105.4791      0.0000
     3.0093    105.4791      0.0000
     3.0093    105.4791      0.0000
     3.0093    105.4791      0.0000
     3.0093    105.4791      0.0000
     3.4072    105.8769      0.0000
     3.4072    105.8769      0.0000
     3.4072    105.8769      0.0000
     3.4072    105.8769      0.0000
     3.4072    105.8769      0.0000
     3.4072    105.8769      0.0000
     3.4072    105.8769      0.0000
     3.4072    105.8769      0.0000
     3.4072    105.8769      0.0000
     3.4072    105.8769      0.0000
     3.4072    105.8769      0.0000
     3.4072    105.8769      0.0000
     3.4072     89.2602      0.0000
     3.4072     89.2602      0.0000
     3.4072     89.2602      0.0000
     3.8577    104.9427      0.0000
     3.8577    104.9427      0.0000
     3.8577    104.9427      0.0000
     3.8577    104.9427      0.0000
     3.8577    104.9427      0.0000
     3.8577    104.9427      0.0000
     3.8577    104.9427      0.0000
     3.8577    104.9427      0.0000
     3.8577    104.9427      0.0000
     3.8577    104.9427      0.0000
     3.8577    104.9427      0.0000
     3.8577    104.9427      0.0000
     3.8577     88.3260      0.0000
     3.8577     88.3260      0.0000
     3.8577     88.3260      0.0000
     4.3677    101.2986      0.0000
     4.3677    101.2986      0.0000
     4.3677    101.2986      0.0005
     4.3677    101.2986      0.0000
     4.3677    101.2986      0.0000
     4.3677    101.2986      0.0003
     4.3677    101.2986      0.0000
     4.3677    101.2986      0.0000
     4.3677    101.2986      0.0003
     4.3677    101.2986      0.0000
     4.3677    101.2986      0.0000
     4.3677    101.2986      0.0002
     4.3677     86.0666      0.0000
     4.3677     86.0666      0.0000
     4.3677     86.0666      0.0000
     4.9452    101.8761      0.0000
     4.9452    101.8761      0.0000
     4.9452    101.8761      0.0000
     4.9452    101.8761      0.0000
     4.9452    101.8761      0.0000
     4.9452    101.8761      0.0000
     4.9452    101.8761      0.0000
     4.9452    101.8761      0.0000
     4.9452    101.8761      0.0000
     4.9452    101.8761      0.0000
     4.9452    101.8761      0.0000
     4.9452    101.8761      0.0000
     4.9452     83.8746      0.0000
     4.9452     83.8746      0.0000
     4.9452     83.8746      0.0000
     5.5991    102.5299      0.0000
     5.5991    102.5299      0.0000
     5.5991    102.5299      0.0000
     5.5991    102.5299      0.0000
     5.5991    102.5299      0.0000
     5.5991    102.5299      0.0000
     5.5991    102.5299      0.0000
     5.5991    102.5299      0.0000
     5.5991     81.7590      0.0000
     5.5991     81.7590      0.0000
     6.3394    100.5008      0.0004
     6.3394    100.5008      0.0003
     6.3394    100.5008      0.0002
     6.3394    100.5008      0.0002
     6.3394     79.7299      0.0000
     7.1776     97.1848      0.0009
     7.1776     97.1848      0.0006
     7.1776     97.1848      0.0005
     7.1776     97.1848      0.0004
     7.1776     77.7986      0.0000
     8.1266     96.7491      0.0000
     8.1266     96.7491      0.0000
     8.1266     96.7491      0.0000
     8.1266     96.7491      0.0000
     8.1266     74.5935      0.0000
     0.0000      1.4603      0.0000
     0.0000      1.4011      0.0019
     0.0000      1.3814      0.0042
     0.0000      1.3419      0.0016
     0.0000      1.3222      0.0001
     0.0000      2.2520      0.0000
     0.0000      2.1675      0.0016
     0.0000      2.1112      0.0037
     0.0000      2.0831      0.0014
     0.0000      2.0268      0.0001
     0.0000      2.2520      0.0000
     0.0000      2.1675      0.0011
     0.0000      2.1112      0.0024
     0.0000      2.0831      0.0009
     0.0000      2.0268      0.0001
     0.0000      5.0748      0.0000
     0.0000      5.0748      0.0011
     0.0000      4.8998      0.0025
     0.0000      4.8998      0.0010
     0.0000      4.7248      0.0001
     0.0000      5.0748      0.0000
     0.0000      5.0748      0.0008
     0.0000      4.8998      0.0017
     0.0000      4.8998      0.0006
     0.0000      4.7248      0.0000
     0.0000    128.2131      0.0000
     0.0000    128.2131      0.0000
     0.0000    128.2131      0.0000
     0.0000    128.2131      0.0000
     0.0000    128.2131      0.0000
     0.0000    128.2131      0.0000
     0.0000    128.2131      0.0000
     0.0000    128.2131      0.0000
     0.0000    128.2131      0.0000
     0.0000    128.2131      0.0000
     0.0000    128.2131      0.0000
     0.0000    128.2131      0.0000
     0.0000    128.2131      0.0000
     0.0000    128.2131      0.0000
     0.0000    128.2131      0.0000
     0.0000    128.2131      0.0000
     0.0000    128.2131      0.0000
     0.0000    128.2131      0.0000
     0.0000    128.2131      0.0000
     0.0000    128.2131      0.0000
     0.0006      1.4017      0.0001
     0.0006      1.3820      0.0001
     0.0006      2.1400      0.0001
     0.0006      2.1118      0.0001
     0.0006      2.1400      0.0000
     0.0006      2.1118      0.0001
     0.0006      5.0754      0.0000
     0.0006      4.9004      0.0001
     0.0006      5.0754      0.0000
     0.0006      4.9004      0.0001
     0.0006    128.2136      0.0000
     0.0006    128.2136      0.0000
     0.0006    128.2136      0.0000
     0.0006    128.2136      0.0000
     0.0006    128.2136      0.0000
     0.0006    128.2136      0.0000
     0.0006    128.2136      0.0000
     0.0006    128.2136      0.0000
     0.0006      1.3426      0.0000
     0.0006      1.3228      0.0000
     0.0006      2.0837      0.0000
     0.0006      2.0274      0.0000
     0.0006      2.0837      0.0000
     0.0006      2.0274      0.0000
     0.0006      4.9005      0.0000
     0.0006      4.7255      0.0000
     0.0006      4.9005      0.0000
     0.0006      4.7255      0.0000
     0.0006    128.2137      0.0000
     0.0006    128.2137      0.0000
     0.0006    128.2137      0.0000
     0.0006    128.2137      0.0000
     0.0006    128.2137      0.0000
     0.0006    128.2137      0.0000
     0.0006    128.2137      0.0000
     0.0006    128.2137      0.0000
     0.0007      1.4018      0.0000
     0.0007      1.3821      0.0011
     0.0007      1.3426      0.0005
     0.0007      2.1401      0.0000
     0.0007      2.1120      0.0009
     0.0007      2.0838      0.0004
     0.0007      2.1401      0.0000
     0.0007      2.1120      0.0006
     0.0007      2.0838      0.0003
     0.0007      5.0756      0.0000
     0.0007      4.9006      0.0006
     0.0007      4.9006      0.0003
     0.0007      5.0756      0.0000
     0.0007      4.9006      0.0004
     0.0007      4.9006      0.0002
     0.0007    128.2138      0.0000
     0.0007    128.2138      0.0000
     0.0007    128.2138      0.0000
     0.0007    128.2138      0.0000
     0.0007    128.2138      0.0000
     0.0007    128.2138      0.0000
     0.0007    128.2138      0.0000
     0.0007    128.2138      0.0000
     0.0007    128.2138      0.0000
     0.0007    128.2138      0.0000
     0.0007    128.2138      0.0000
     0.0007    128.2138      0.0000
     0.0033      1.4636      0.0000
     0.0033      1.4241      0.0000
     0.0033      2.2271      0.0000
     0.0033      2.1990      0.0000
     0.0033      2.2271      0.0000
     0.0033      2.1990      0.0000
     0.0033      5.0198      0.0000
     0.0033      5.0198      0.0000
     0.0033      5.0198      0.0000
     0.0033      5.0198      0.0000
     0.0033    128.2163      0.0000
     0.0033    128.2163      0.0000
     0.0033    128.2163      0.0000
     0.0033    128.2163      0.0000
     0.0033    128.2163      0.0000
     0.0033    128.2163      0.0000
     0.0033    128.2163      0.0000
     0.0033    128.2163      0.0000
     0.0037      1.3456      0.0000
     0.0037      1.3061      0.0000
     0.0037      2.0868      0.0000
     0.0037      2.0305      0.0000
     0.0037      2.0868      0.0000
     0.0037      2.0305      0.0000
     0.0037      4.9035      0.0000
     0.0037      4.7285      0.0000
     0.0037      4.9035      0.0000
     0.0037      4.7285      0.0000
     0.0037    128.2168      0.0000
     0.0037    128.2168      0.0000
     0.0037    128.2168      0.0000
     0.0037    128.2168      0.0000
     0.0037    128.2168      0.0000
     0.0037    128.2168      0.0000
     0.0037    128.2168      0.0000
     0.0037    128.2168      0.0000
     0.0047      1.4453      0.0000
     0.0047      1.4058      0.0000
     0.0047      2.2286      0.0000
     0.0047      2.1723      0.0000
     0.0047      2.2286      0.0000
     0.0047      2.1723      0.0000
     0.0047      5.0212      0.0000
     0.0047      5.0212      0.0000
     0.0047      5.0212      0.0000
     0.0047      5.0212      0.0000
     0.0047    128.2178      0.0000
     0.0047    128.2178      0.0000
     0.0047    128.2178      0.0000
     0.0047    128.2178      0.0000
     0.0047    128.2178      0.0000
     0.0047    128.2178      0.0000
     0.0047    128.2178      0.0000
     0.0047    128.2178      0.0000
     0.0053      1.4459      0.0000
     0.0053      1.4065      0.0005
     0.0053      1.3670      0.0001
     0.0053      2.2292      0.0000
     0.0053      2.1729      0.0004
     0.0053      2.1166      0.0001
     0.0053      2.2292      0.0000
     0.0053      2.1729      0.0003
     0.0053      2.1166      0.0001
     0.0053      5.0218      0.0000
     0.0053      5.0218      0.0003
     0.0053      4.9052      0.0001
     0.0053      5.0218      0.0000
     0.0053      5.0218      0.0002
     0.0053      4.9052      0.0001
     0.0053    128.2184      0.0000
     0.0053    128.2184      0.0000
     0.0053    128.2184      0.0000
     0.0053    128.2184      0.0000
     0.0053    128.2184      0.0000
     0.0053    128.2184      0.0000
     0.0053    128.2184      0.0000
     0.0053    128.2184      0.0000
     0.0053    128.2184      0.0000
     0.0053    128.2184      0.0000
     0.0053    128.2184      0.0000
     0.0053    128.2184      0.0000
     0.0061      1.3677      0.0000
     0.0061      1.3480      0.0000
     0.0061      1.3085      0.0000
     0.0061      2.1173      0.0000
     0.0061      2.0610      0.0000
     0.0061      2.0329      0.0000
     0.0061      2.1173      0.0000
     0.0061      2.0610      0.0000
     0.0061      2.0329      0.0000
     0.0061      4.9059      0.0000
     0.0061      4.9059      0.0000
     0.0061      4.6726      0.0000
     0.0061      4.9059      0.0000
     0.0061      4.9059      0.0000
     0.0061      4.6726      0.0000
     0.0061    128.2191      0.0000
     0.0061    128.2191      0.0000
     0.0061    128.2191      0.0000
     0.0061    128.2191      0.0000
     0.0061    128.2191      0.0000
     0.0061    128.2191      0.0000
     0.0061    128.2191      0.0000
     0.0061    128.2191      0.0000
     0.0061    128.2191      0.0000
     0.0061    128.2191      0.0000
     0.0061    128.2191      0.0000
     0.0061    128.2191      0.0000
     0.0069      1.4080      0.0000
     0.0069      1.3685      0.0000
     0.0069      2.1744      0.0000
     0.0069      2.0900      0.0000
     0.0069      2.1744      0.0000
     0.0069      2.0900      0.0000
     0.0069      5.0234      0.0000
     0.0069      4.9067      0.0000
     0.0069      5.0234      0.0000
     0.0069      4.9067      0.0000
     0.0069    128.2199      0.0000
     0.0069    128.2199      0.0000
     0.0069    128.2199      0.0000
     0.0069    128.2199      0.0000
     0.0069    128.2199      0.0000
     0.0069    128.2199      0.0000
     0.0069    128.2199      0.0000
     0.0069    128.2199      0.0000
     0.0078      1.4089      0.0001
     0.0078      1.3694      0.0018
     0.0078      2.1753      0.0001
     0.0078      2.0909      0.0017
     0.0078      2.1753      0.0001
     0.0078      2.0909      0.0011
     0.0078      5.0243      0.0001
     0.0078      4.9076      0.0012
     0.0078      5.0243      0.0000
     0.0078      4.9076      0.0008
     0.0078    128.2208      0.0000
     0.0078    128.2208      0.0000
     0.0078    128.2208      0.0000
     0.0078    128.2208      0.0000
     0.0078    128.2208      0.0000
     0.0078    128.2208      0.0000
     0.0078    128.2208      0.0000
     0.0078    128.2208      0.0000
     0.0113      1.3926      0.0002
     0.0113      1.3729      0.0000
     0.0113      2.1788      0.0002
     0.0113      2.0944      0.0000
     0.0113      2.1788      0.0001
     0.0113      2.0944      0.0000
     0.0113      5.0278      0.0001
     0.0113      4.9111      0.0000
     0.0113      5.0278      0.0001
     0.0113      4.9111      0.0000
     0.0113    128.2243      0.0000
     0.0113    128.2243      0.0000
     0.0113    128.2243      0.0000
     0.0113    128.2243      0.0000
     0.0113    128.2243      0.0000
     0.0113    128.2243      0.0000
     0.0113    128.2243      0.0000
     0.0113    128.2243      0.0000
     0.0128      1.4533      0.0000
     0.0128      1.3941      0.0000
     0.0128      2.2085      0.0000
     0.0128      2.1803      0.0000
     0.0128      2.2085      0.0000
     0.0128      2.1803      0.0000
     0.0128      5.0293      0.0000
     0.0128      5.0293      0.0000
     0.0128      5.0293      0.0000
     0.0128      5.0293      0.0000
     0.0128    128.2258      0.0000
     0.0128    128.2258      0.0000
     0.0128    128.2258      0.0000
     0.0128    128.2258      0.0000
     0.0128    128.2258      0.0000
     0.0128    128.2258      0.0000
     0.0128    128.2258      0.0000
     0.0128    128.2258      0.0000
     0.0144      1.3761      0.0001
     0.0144      1.3366      0.0002
     0.0144      2.1257      0.0001
     0.0144      2.0694      0.0001
     0.0144      2.1257      0.0000
     0.0144      2.0694      0.0001
     0.0144      4.9143      0.0000
     0.0144      4.7976      0.0001
     0.0144      4.9143      0.0000
     0.0144      4.7976      0.0001
     0.0144    128.2275      0.0000
     0.0144    128.2275      0.0000
     0.0144    128.2275      0.0000
     0.0144    128.2275      0.0000
     0.0144    128.2275      0.0000
     0.0144    128.2275      0.0000
     0.0144    128.2275      0.0000
     0.0144    128.2275      0.0000
     0.0185      1.4394      0.0000
     0.0185      1.3999      0.0000
     0.0185      1.3604      0.0001
     0.0185      2.2142      0.0000
     0.0185      2.1579      0.0000
     0.0185      2.1016      0.0001
     0.0185      2.2142      0.0000
     0.0185      2.1579      0.0000
     0.0185      2.1016      0.0000
     0.0185      4.9767      0.0000
     0.0185      4.9767      0.0000
     0.0185      4.9767      0.0000
     0.0185      4.9767      0.0000
     0.0185      4.9767      0.0000
     0.0185      4.9767      0.0000
     0.0185    128.2316      0.0000
     0.0185    128.2316      0.0000
     0.0185    128.2316      0.0000
     0.0185    128.2316      0.0000
     0.0185    128.2316      0.0000
     0.0185    128.2316      0.0000
     0.0185    128.2316      0.0000
     0.0185    128.2316      0.0000
     0.0185    128.2316      0.0000
     0.0185    128.2316      0.0000
     0.0185    128.2316      0.0000
     0.0185    128.2316      0.0000
     0.0210      1.4418      0.0000
     0.0210      1.4023      0.0003
     0.0210      1.3629      0.0000
     0.0210      2.1885      0.0000
     0.0210      2.1604      0.0003
     0.0210      2.1041      0.0000
     0.0210      2.1885      0.0000
     0.0210      2.1604      0.0002
     0.0210      2.1041      0.0000
     0.0210      4.9791      0.0000
     0.0210      4.9791      0.0002
     0.0210      4.9791      0.0000
     0.0210      4.9791      0.0000
     0.0210      4.9791      0.0002
     0.0210      4.9791      0.0000
     0.0210    128.2340      0.0000
     0.0210    128.2340      0.0000
     0.0210    128.2340      0.0000
     0.0210    128.2340      0.0000
     0.0210    128.2340      0.0000
     0.0210    128.2340      0.0000
     0.0210    128.2340      0.0000
     0.0210    128.2340      0.0000
     0.0210    128.2340      0.0000
     0.0210    128.2340      0.0000
     0.0210    128.2340      0.0000
     0.0210    128.2340      0.0000
     0.0269      1.4280      0.0000
     0.0269      1.3885      0.0000
     0.0269      1.3490      0.0000
     0.0269      2.1944      0.0000
     0.0269      2.1381      0.0000
     0.0269      2.0818      0.0000
     0.0269      2.1944      0.0000
     0.0269      2.1381      0.0000
     0.0269      2.0818      0.0000
     0.0269      4.9850      0.0000
     0.0269      4.9850      0.0000
     0.0269      4.9850      0.0000
     0.0269      4.9850      0.0000
     0.0269      4.9850      0.0000
     0.0269      4.9850      0.0000
     0.0269    128.2399      0.0000
     0.0269    128.2399      0.0000
     0.0269    128.2399      0.0000
     0.0269    128.2399      0.0000
     0.0269    128.2399      0.0000
     0.0269    128.2399      0.0000
     0.0269    128.2399      0.0000
     0.0269    128.2399      0.0000
     0.0269    128.2399      0.0000
     0.0269    128.2399      0.0000
     0.0269    128.2399      0.0000
     0.0269    128.2399      0.0000
     0.0304      1.4513      0.0000
     0.0304      1.3921      0.0000
     0.0304      2.1698      0.0000
     0.0304      2.1135      0.0000
     0.0304      2.1698      0.0000
     0.0304      2.1135      0.0000
     0.0304      4.9886      0.0000
     0.0304      4.9886      0.0000
     0.0304      4.9886      0.0000
     0.0304      4.9886      0.0000
     0.0304    128.2435      0.0000
     0.0304    128.2435      0.0000
     0.0304    128.2435      0.0000
     0.0304    128.2435      0.0000
     0.0304    128.2435      0.0000
     0.0304    128.2435      0.0000
     0.0304    128.2435      0.0000
     0.0304    128.2435      0.0000
     0.0344      0.5870      0.0000
     0.0344      0.5870      0.0000
     0.0344      0.5870      0.0000
     0.0344      1.4355      0.0000
     0.0344      1.3961      0.0000
     0.0344      1.3566      0.0000
     0.0344      1.3171      0.0000
     0.0344      1.2974      0.0000
     0.0344      2.2301      0.0000
     0.0344      2.1738      0.0000
     0.0344      2.0894      0.0000
     0.0344      2.0331      0.0000
     0.0344      2.0049      0.0000
     0.0344      2.2301      0.0000
     0.0344      2.1738      0.0000
     0.0344      2.0894      0.0000
     0.0344      2.0331      0.0000
     0.0344      2.0049      0.0000
     0.0344      4.9343      0.0000
     0.0344      4.9343      0.0000
     0.0344      4.9343      0.0000
     0.0344      4.8176      0.0000
     0.0344      4.7009      0.0000
     0.0344      4.9343      0.0000
     0.0344      4.9343      0.0000
     0.0344      4.9343      0.0000
     0.0344      4.8176      0.0000
     0.0344      4.7009      0.0000
     0.0344    128.2475      0.0000
     0.0344    128.2475      0.0000
     0.0344    128.2475      0.0000
     0.0344    128.2475      0.0000
     0.0344    128.2475      0.0000
     0.0344    128.2475      0.0000
     0.0344    128.2475      0.0000
     0.0344    128.2475      0.0000
     0.0344    128.2475      0.0000
     0.0344    128.2475      0.0000
     0.0344    128.2475      0.0000
     0.0344    128.2475      0.0000
     0.0344    128.2475      0.0000
     0.0344    128.2475      0.0000
     0.0344    128.2475      0.0000
     0.0344    128.2475      0.0000
     0.0344    128.2475      0.0000
     0.0344    128.2475      0.0000
     0.0344    128.2475      0.0000
     0.0344    128.2475      0.0000
     0.0390      0.5817      0.0000
     0.0390      0.5817      0.0003
     0.0390      0.5817      0.0006
     0.0390      0.5817      0.0000
     0.0390      1.3809      0.0000
     0.0390      1.3414      0.0002
     0.0390      1.3217      0.0004
     0.0390      1.2822      0.0000
     0.0390      2.1502      0.0000
     0.0390      2.0658      0.0002
     0.0390      2.0376      0.0004
     0.0390      2.0095      0.0000
     0.0390      2.1502      0.0000
     0.0390      2.0658      0.0001
     0.0390      2.0376      0.0003
     0.0390      2.0095      0.0000
     0.0390      4.9388      0.0000
     0.0390      4.9388      0.0001
     0.0390      4.8222      0.0003
     0.0390      4.7055      0.0000
     0.0390      4.9388      0.0000
     0.0390      4.9388      0.0001
     0.0390      4.8222      0.0002
     0.0390      4.7055      0.0000
     0.0390    128.2521      0.0000
     0.0390    128.2521      0.0000
     0.0390    128.2521      0.0000
     0.0390    128.2521      0.0000
     0.0390    128.2521      0.0000
     0.0390    128.2521      0.0000
     0.0390    128.2521      0.0000
     0.0390    128.2521      0.0000
     0.0390    128.2521      0.0000
     0.0390    128.2521      0.0000
     0.0390    128.2521      0.0000
     0.0390    128.2521      0.0000
     0.0390    128.2521      0.0000
     0.0390    128.2521      0.0000
     0.0390    128.2521      0.0000
     0.0390    128.2521      0.0000
     0.0500      0.5828      0.0000
     0.0500      0.5729      0.0002
     0.0500      0.5729      0.0002
     0.0500      1.3919      0.0000
     0.0500      1.3524      0.0001
     0.0500      1.3130      0.0002
     0.0500      2.1331      0.0000
     0.0500      2.0768      0.0001
     0.0500      2.0486      0.0001
     0.0500      2.1331      0.0000
     0.0500      2.0768      0.0001
     0.0500      2.0486      0.0001
     0.0500      4.8915      0.0000
     0.0500      4.8915      0.0001
     0.0500      4.8332      0.0001
     0.0500      4.8915      0.0000
     0.0500      4.8915      0.0000
     0.0500      4.8332      0.0001
     0.0500    128.2630      0.0000
     0.0500    128.2630      0.0000
     0.0500    128.2630      0.0000
     0.0500    128.2630      0.0000
     0.0500    128.2630      0.0000
     0.0500    128.2630      0.0000
     0.0500    128.2630      0.0000
     0.0500    128.2630      0.0000
     0.0500    128.2630      0.0000
     0.0500    128.2630      0.0000
     0.0500    128.2630      0.0000
     0.0500    128.2630      0.0000
     0.0566      0.5993      0.0000
     0.0566      0.5795      0.0002
     0.0566      0.5697      0.0017
     0.0566      0.5697      0.0000
     0.0566      0.5598      0.0000
     0.0566      1.4182      0.0000
     0.0566      1.3788      0.0001
     0.0566      1.3393      0.0012
     0.0566      1.2998      0.0000
     0.0566      1.2801      0.0000
     0.0566      2.1678      0.0000
     0.0566      2.1115      0.0001
     0.0566      2.0834      0.0011
     0.0566      2.0271      0.0000
     0.0566      1.9989      0.0000
     0.0566      2.1678      0.0000
     0.0566      2.1115      0.0001
     0.0566      2.0834      0.0007
     0.0566      2.0271      0.0000
     0.0566      1.9989      0.0000
     0.0566      4.9564      0.0000
     0.0566      4.8981      0.0001
     0.0566      4.8981      0.0008
     0.0566      4.8981      0.0000
     0.0566      4.6648      0.0000
     0.0566      4.9564      0.0000
     0.0566      4.8981      0.0000
     0.0566      4.8981      0.0005
     0.0566      4.8981      0.0000
     0.0566      4.6648      0.0000
     0.0566    128.2697      0.0000
     0.0566    128.2697      0.0000
     0.0566    128.2697      0.0000
     0.0566    128.2697      0.0000
     0.0566    128.2697      0.0000
     0.0566    128.2697      0.0000
     0.0566    128.2697      0.0000
     0.0566    128.2697      0.0000
     0.0566    128.2697      0.0000
     0.0566    128.2697      0.0000
     0.0566    128.2697      0.0000
     0.0566    128.2697      0.0000
     0.0566    128.2697      0.0000
     0.0566    128.2697      0.0000
     0.0566    128.2697      0.0000
     0.0566    128.2697      0.0000
     0.0566    128.2697      0.0000
     0.0566    128.2697      0.0000
     0.0566    128.2697      0.0000
     0.0566    128.2697      0.0000
     0.0641      0.5969      0.0000
     0.0641      0.5771      0.0005
     0.0641      0.5673      0.0005
     0.0641      0.5574      0.0005
     0.0641      0.5574      0.0000
     0.0641      1.4060      0.0000
     0.0641      1.3665      0.0004
     0.0641      1.3468      0.0003
     0.0641      1.3073      0.0003
     0.0641      1.2678      0.0000
     0.0641      2.1472      0.0000
     0.0641      2.0909      0.0003
     0.0641      2.0627      0.0003
     0.0641      2.0064      0.0003
     0.0641      1.9783      0.0000
     0.0641      2.1472      0.0000
     0.0641      2.0909      0.0002
     0.0641      2.0627      0.0002
     0.0641      2.0064      0.0002
     0.0641      1.9783      0.0000
     0.0641      5.0222      0.0000
     0.0641      4.8472      0.0002
     0.0641      4.8472      0.0002
     0.0641      4.8472      0.0002
     0.0641      4.7306      0.0000
     0.0641      5.0222      0.0000
     0.0641      4.8472      0.0002
     0.0641      4.8472      0.0001
     0.0641      4.8472      0.0001
     0.0641      4.7306      0.0000
     0.0641    128.2771      0.0000
     0.0641    128.2771      0.0000
     0.0641    128.2771      0.0000
     0.0641    128.2771      0.0000
     0.0641    128.2771      0.0000
     0.0641    128.2771      0.0000
     0.0641    128.2771      0.0000
     0.0641    128.2771      0.0000
     0.0641    128.2771      0.0000
     0.0641    128.2771      0.0000
     0.0641    128.2771      0.0000
     0.0641    128.2771      0.0000
     0.0641    128.2771      0.0000
     0.0641    128.2771      0.0000
     0.0641    128.2771      0.0000
     0.0641    128.2771      0.0000
     0.0641    128.2771      0.0000
     0.0641    128.2771      0.0000
     0.0641    128.2771      0.0000
     0.0641    128.2771      0.0000
     0.0725      0.6054      0.0000
     0.0725      0.5856      0.0000
     0.0725      0.5659      0.0001
     0.0725      1.3947      0.0000
     0.0725      1.3750      0.0000
     0.0725      1.3355      0.0000
     0.0725      2.1838      0.0000
     0.0725      2.1275      0.0000
     0.0725      2.0712      0.0000
     0.0725      2.1838      0.0000
     0.0725      2.1275      0.0000
     0.0725      2.0712      0.0000
     0.0725      5.0307      0.0000
     0.0725      4.8557      0.0000
     0.0725      4.8557      0.0000
     0.0725      5.0307      0.0000
     0.0725      4.8557      0.0000
     0.0725      4.8557      0.0000
     0.0725    128.2856      0.0000
     0.0725    128.2856      0.0000
     0.0725    128.2856      0.0000
     0.0725    128.2856      0.0000
     0.0725    128.2856      0.0000
     0.0725    128.2856      0.0000
     0.0725    128.2856      0.0000
     0.0725    128.2856      0.0000
     0.0725    128.2856      0.0000
     0.0725    128.2856      0.0000
     0.0725    128.2856      0.0000
     0.0725    128.2856      0.0000
     0.0821      0.6051      0.0000
     0.0821      0.5853      0.0005
     0.0821      0.5656      0.0030
     0.0821      0.5557      0.0009
     0.0821      0.5459      0.0001
     0.0821      1.4043      0.0000
     0.0821      1.3648      0.0003
     0.0821      1.3254      0.0020
     0.0821      1.3056      0.0006
     0.0821      1.2662      0.0001
     0.0821      2.1652      0.0000
     0.0821      2.1089      0.0003
     0.0821      2.0526      0.0018
     0.0821      2.0245      0.0006
     0.0821      1.9963      0.0001
     0.0821      2.1652      0.0000
     0.0821      2.1089      0.0002
     0.0821      2.0526      0.0012
     0.0821      2.0245      0.0004
     0.0821      1.9963      0.0000
     0.0821      4.9820      0.0000
     0.0821      4.9820      0.0002
     0.0821      4.8070      0.0012
     0.0821      4.8070      0.0004
     0.0821      4.6320      0.0001
     0.0821      4.9820      0.0000
     0.0821      4.9820      0.0002
     0.0821      4.8070      0.0008
     0.0821      4.8070      0.0003
     0.0821      4.6320      0.0000
     0.0821      4.6320      0.0000
     0.0821    126.9312      0.0000
     0.0821    126.9312      0.0000
     0.0821    126.9312      0.0000
     0.0821    126.9312      0.0000
     0.0821    126.9312      0.0000
     0.0821    126.9312      0.0000
     0.0821    126.9312      0.0000
     0.0821    126.9312      0.0000
     0.0821    126.9312      0.0000
     0.0821    126.9312      0.0000
     0.0821    126.9312      0.0000
     0.0821    126.9312      0.0000
     0.0821    126.9312      0.0000
     0.0821    126.9312      0.0000
     0.0821    126.9312      0.0000
     0.0821    126.9312      0.0000
     0.0821    126.9312      0.0000
     0.0821    126.9312      0.0000
     0.0821    126.9312      0.0000
     0.0821    126.9312      0.0000
     0.0930      0.5666      0.0001
     0.0930      0.5567      0.0006
     0.0930      1.3362      0.0001
     0.0930      1.2968      0.0004
     0.0930      1.3362      0.0000
     0.0930      1.2968      0.0003
     0.0930      2.0353      0.0001
     0.0930      2.0072      0.0004
     0.0930      2.0353      0.0000
     0.0930      2.0072      0.0002
     0.0930      4.8178      0.0000
     0.0930      4.7595      0.0003
     0.0930      4.8178      0.0000
     0.0930      4.7595      0.0002
     0.0930      4.8178      0.0000
     0.0930      4.7595      0.0002
     0.0930    126.9421      0.0000
     0.0930    126.9421      0.0000
     0.0930    126.9421      0.0000
     0.0930    126.9421      0.0000
     0.0930    126.9421      0.0000
     0.0930    126.9421      0.0000
     0.0930    126.9421      0.0000
     0.0930    126.9421      0.0000
     0.1053      0.5789      0.0000
     0.1053      0.5690      0.0001
     0.1053      0.5493      0.0000
     0.1053      0.5493      0.0000
     0.1053      1.3485      0.0000
     0.1053      1.3288      0.0001
     0.1053      1.3091      0.0000
     0.1053      1.2696      0.0000
     0.1053      1.3485      0.0000
     0.1053      1.3288      0.0001
     0.1053      1.3091      0.0000
     0.1053      1.2696      0.0000
     0.1053      2.0758      0.0000
     0.1053      2.0758      0.0001
     0.1053      2.0195      0.0000
     0.1053      1.9632      0.0000
     0.1053      2.0758      0.0000
     0.1053      2.0758      0.0001
     0.1053      2.0195      0.0000
     0.1053      1.9632      0.0000
     0.1053      4.9468      0.0000
     0.1053      4.7718      0.0001
     0.1053      4.7718      0.0000
     0.1053      4.7135      0.0000
     0.1053      4.9468      0.0000
     0.1053      4.7718      0.0000
     0.1053      4.7718      0.0000
     0.1053      4.7135      0.0000
     0.1053      4.9468      0.0000
     0.1053      4.7718      0.0000
     0.1053      4.7718      0.0000
     0.1053      4.7135      0.0000
     0.1053    126.9544      0.0000
     0.1053    126.9544      0.0000
     0.1053    126.9544      0.0000
     0.1053    126.9544      0.0000
     0.1053    126.9544      0.0000
     0.1053    126.9544      0.0000
     0.1053    126.9544      0.0000
     0.1053    126.9544      0.0000
     0.1053    126.9544      0.0000
     0.1053    126.9544      0.0000
     0.1053    126.9544      0.0000
     0.1053    126.9544      0.0000
     0.1053    126.9544      0.0000
     0.1053    126.9544      0.0000
     0.1053    126.9544      0.0000
     0.1053    126.9544      0.0000
     0.1192      0.6126      0.0000
     0.1192      0.5829      0.0006
     0.1192      0.5731      0.0015
     0.1192      0.5533      0.0011
     0.1192      0.5435      0.0002
     0.1192      1.3822      0.0000
     0.1192      1.3427      0.0004
     0.1192      1.3230      0.0010
     0.1192      1.2835      0.0008
     0.1192      1.2638      0.0001
     0.1192      1.3822      0.0000
     0.1192      1.3427      0.0003
     0.1192      1.3230      0.0007
     0.1192      1.2835      0.0005
     0.1192      1.2638      0.0001
     0.1192      2.1460      0.0000
     0.1192      2.0897      0.0003
     0.1192      2.0334      0.0009
     0.1192      2.0052      0.0007
     0.1192      1.9489      0.0001
     0.1192      2.1460      0.0000
     0.1192      2.0897      0.0002
     0.1192      2.0334      0.0006
     0.1192      2.0052      0.0005
     0.1192      1.9489      0.0001
     0.1192      4.9024      0.0000
     0.1192      4.9024      0.0002
     0.1192      4.7274      0.0007
     0.1192      4.7274      0.0005
     0.1192      4.6691      0.0001
     0.1192      4.9024      0.0000
     0.1192      4.9024      0.0002
     0.1192      4.7274      0.0005
     0.1192      4.7274      0.0003
     0.1192      4.6691      0.0001
     0.1192      4.9024      0.0000
     0.1192      4.9024      0.0002
     0.1192      4.7274      0.0004
     0.1192      4.7274      0.0003
     0.1192      4.6691      0.0001
     0.1192    126.9683      0.0000
     0.1192    126.9683      0.0000
     0.1192    126.9683      0.0000
     0.1192    126.9683      0.0000
     0.1192    126.9683      0.0000
     0.1192    126.9683      0.0000
     0.1192    126.9683      0.0000
     0.1192    126.9683      0.0000
     0.1192    126.9683      0.0000
     0.1192    126.9683      0.0000
     0.1192    126.9683      0.0000
     0.1192    126.9683      0.0000
     0.1192    126.9683      0.0000
     0.1192    126.9683      0.0000
     0.1192    126.9683      0.0000
     0.1192    126.9683      0.0000
     0.1192    126.9683      0.0000
     0.1192    126.9683      0.0000
     0.1192    126.9683      0.0000
     0.1192    126.9683      0.0000
     0.1350      0.6086      0.0000
     0.1350      0.5888      0.0000
     0.1350      0.5691      0.0000
     0.1350      1.3979      0.0000
     0.1350      1.3585      0.0000
     0.1350      1.2993      0.0000
     0.1350      1.3979      0.0000
     0.1350      1.3585      0.0000
     0.1350      1.2993      0.0000
     0.1350      2.1055      0.0000
     0.1350      2.0492      0.0000
     0.1350      2.0210      0.0000
     0.1350      2.1055      0.0000
     0.1350      2.0492      0.0000
     0.1350      2.0210      0.0000
     0.1350      2.0210      0.0000
     0.1350      4.9181      0.0000
     0.1350      4.9181      0.0000
     0.1350      4.9181      0.0000
     0.1350      4.9181      0.0000
     0.1350      4.9181      0.0000
     0.1350      4.9181      0.0000
     0.1350      4.9181      0.0000
     0.1350      4.9181      0.0000
     0.1350      4.9181      0.0000
     0.1350    126.9841      0.0000
     0.1350    126.9841      0.0000
     0.1350    126.9841      0.0000
     0.1350    126.9841      0.0000
     0.1350    126.9841      0.0000
     0.1350    126.9841      0.0000
     0.1350    126.9841      0.0000
     0.1350    126.9841      0.0000
     0.1350    126.9841      0.0000
     0.1350    126.9841      0.0000
     0.1350    126.9841      0.0000
     0.1350    126.9841      0.0000
     0.1528      0.6166      0.0000
     0.1528      1.3763      0.0000
     0.1528      1.3368      0.0002
     0.1528      1.3171      0.0015
     0.1528      1.2776      0.0006
     0.1528      1.2579      0.0000
     0.1528      1.3763      0.0000
     0.1528      1.3368      0.0001
     0.1528      1.3171      0.0010
     0.1528      1.2776      0.0004
     0.1528      1.2579      0.0000
     0.1528      2.1233      0.0000
     0.1528      2.0952      0.0001
     0.1528      2.0389      0.0014
     0.1528      1.9826      0.0005
     0.1528      1.9263      0.0000
     0.1528      2.1233      0.0000
     0.1528      2.0952      0.0001
     0.1528      2.0389      0.0009
     0.1528      1.9826      0.0004
     0.1528      1.9263      0.0000
     0.1528      1.9826      0.0003
     0.1528      1.9263      0.0000
     0.1528      4.9943      0.0000
     0.1528      4.8193      0.0001
     0.1528      4.7027      0.0010
     0.1528      4.6443      0.0004
     0.1528      4.5860      0.0000
     0.1528      4.9943      0.0000
     0.1528      4.8193      0.0001
     0.1528      4.7027      0.0007
     0.1528      4.6443      0.0003
     0.1528      4.5860      0.0000
     0.1528      4.9943      0.0000
     0.1528      4.8193      0.0001
     0.1528      4.7027      0.0006
     0.1528      4.6443      0.0002
     0.1528      4.5860      0.0000
     0.1528    127.0019      0.0000
     0.1528    127.0019      0.0000
     0.1528    127.0019      0.0000
     0.1528    127.0019      0.0000
     0.1528    127.0019      0.0000
     0.1528    127.0019      0.0000
     0.1528    127.0019      0.0000
     0.1528    127.0019      0.0000
     0.1528    127.0019      0.0000
     0.1528    127.0019      0.0000
     0.1528    127.0019      0.0000
     0.1528    127.0019      0.0000
     0.1528    127.0019      0.0000
     0.1528    127.0019      0.0000
     0.1528    127.0019      0.0000
     0.1528    127.0019      0.0000
     0.1528    127.0019      0.0000
     0.1528    127.0019      0.0000
     0.1528    127.0019      0.0000
     0.1528    127.0019      0.0000
     0.1730      1.3768      0.0000
     0.1730      1.3373      0.0003
     0.1730      1.3176      0.0004
     0.1730      1.2781      0.0007
     0.1730      1.2584      0.0001
     0.1730      1.3768      0.0000
     0.1730      1.3373      0.0002
     0.1730      1.3176      0.0003
     0.1730      1.2781      0.0005
     0.1730      1.2584      0.0001
     0.1730      2.1154      0.0000
     0.1730      2.0309      0.0003
     0.1730      2.0028      0.0004
     0.1730      2.0028      0.0006
     0.1730      1.9465      0.0001
     0.1730      2.1154      0.0000
     0.1730      2.0309      0.0002
     0.1730      2.0028      0.0002
     0.1730      2.0028      0.0004
     0.1730      1.9465      0.0001
     0.1730      1.9465      0.0001
     0.1730      4.8979      0.0000
     0.1730      4.8395      0.0002
     0.1730      4.8395      0.0003
     0.1730      4.7229      0.0004
     0.1730      4.5479      0.0001
     0.1730      4.8979      0.0000
     0.1730      4.8395      0.0001
     0.1730      4.8395      0.0002
     0.1730      4.7229      0.0003
     0.1730      4.5479      0.0001
     0.1730      4.8979      0.0000
     0.1730      4.8395      0.0001
     0.1730      4.8395      0.0002
     0.1730      4.7229      0.0003
     0.1730      4.5479      0.0001
     0.1730    127.0221      0.0000
     0.1730    127.0221      0.0000
     0.1730    127.0221      0.0000
     0.1730    127.0221      0.0000
     0.1730    127.0221      0.0000
     0.1730    127.0221      0.0000
     0.1730    127.0221      0.0000
     0.1730    127.0221      0.0000
     0.1730    127.0221      0.0000
     0.1730    127.0221      0.0000
     0.1730    127.0221      0.0000
     0.1730    127.0221      0.0000
     0.1730    127.0221      0.0000
     0.1730    127.0221      0.0000
     0.1730    127.0221      0.0000
     0.1730    127.0221      0.0000
     0.1730    127.0221      0.0000
     0.1730    127.0221      0.0000
     0.1730    127.0221      0.0000
     0.1730    127.0221      0.0000
     0.1959      1.3799      0.0000
     0.1959      1.3405      0.0005
     0.1959      1.3207      0.0029
     0.1959      1.2813      0.0019
     0.1959      1.2615      0.0000
     0.1959      1.3799      0.0000
     0.1959      1.3405      0.0004
     0.1959      1.3207      0.0020
     0.1959      1.2813      0.0013
     0.1959      1.2615      0.0000
     0.1959      2.0819      0.0000
     0.1959      2.0819      0.0005
     0.1959      1.9975      0.0026
     0.1959      1.9693      0.0017
     0.1959      1.9130      0.0000
     0.1959      2.0819      0.0000
     0.1959      2.0819      0.0003
     0.1959      1.9975      0.0018
     0.1959      1.9693      0.0011
     0.1959      1.9130      0.0000
     0.1959      1.9130      0.0000
     0.1959      4.8624      0.0000
     0.1959      4.8624      0.0004
     0.1959      4.7457      0.0019
     0.1959      4.6874      0.0012
     0.1959      4.6291      0.0000
     0.1959      4.8624      0.0000
     0.1959      4.8624      0.0002
     0.1959      4.7457      0.0013
     0.1959      4.6874      0.0008
     0.1959      4.6291      0.0000
     0.1959      4.8624      0.0000
     0.1959      4.8624      0.0002
     0.1959      4.7457      0.0012
     0.1959      4.6874      0.0007
     0.1959      4.6291      0.0000
     0.1959    127.0450      0.0000
     0.1959    127.0450      0.0000
     0.1959    127.0450      0.0000
     0.1959    127.0450      0.0000
     0.1959    127.0450      0.0000
     0.1959    127.0450      0.0000
     0.1959    127.0450      0.0000
     0.1959    127.0450      0.0000
     0.1959    127.0450      0.0000
     0.1959    127.0450      0.0000
     0.1959    127.0450      0.0000
     0.1959    127.0450      0.0000
     0.1959    127.0450      0.0000
     0.1959    127.0450      0.0000
     0.1959    127.0450      0.0000
     0.1959    127.0450      0.0000
     0.1959    127.0450      0.0000
     0.1959    127.0450      0.0000
     0.1959    127.0450      0.0000
     0.1959    127.0450      0.0000
     0.2218      1.3269      0.0000
     0.2218      1.2874      0.0003
     0.2218      1.2677      0.0002
     0.2218      1.3269      0.0000
     0.2218      1.2874      0.0002
     0.2218      1.2677      0.0001
     0.2218      1.9671      0.0000
     0.2218      1.9671      0.0003
     0.2218      1.9108      0.0002
     0.2218      1.9671      0.0000
     0.2218      1.9671      0.0002
     0.2218      1.9108      0.0001
     0.2218      4.7716      0.0000
     0.2218      4.6550      0.0002
     0.2218      4.5383      0.0001
     0.2218      4.7716      0.0000
     0.2218      4.6550      0.0001
     0.2218      4.5383      0.0001
     0.2218      4.7716      0.0000
     0.2218      4.6550      0.0001
     0.2218      4.5383      0.0001
     0.2218    127.0709      0.0000
     0.2218    127.0709      0.0000
     0.2218    127.0709      0.0000
     0.2218    127.0709      0.0000
     0.2218    127.0709      0.0000
     0.2218    127.0709      0.0000
     0.2218    127.0709      0.0000
     0.2218    127.0709      0.0000
     0.2218    127.0709      0.0000
     0.2218    127.0709      0.0000
     0.2218    127.0709      0.0000
     0.2218    127.0709      0.0000
     0.2511      1.3759      0.0000
     0.2511      1.3167      0.0000
     0.2511      1.2970      0.0002
     0.2511      1.2970      0.0002
     0.2511      1.2575      0.0001
     0.2511      1.3759      0.0000
     0.2511      1.3167      0.0000
     0.2511      1.2970      0.0001
     0.2511      1.2970      0.0001
     0.2511      1.2575      0.0000
     0.2511      2.0527      0.0000
     0.2511      2.0527      0.0000
     0.2511      1.9964      0.0002
     0.2511      1.9401      0.0002
     0.2511      1.9401      0.0001
     0.2511      1.9964      0.0001
     0.2511      1.9401      0.0001
     0.2511      1.9401      0.0000
     0.2511      4.8010      0.0000
     0.2511      4.8010      0.0000
     0.2511      4.7426      0.0001
     0.2511      4.5676      0.0001
     0.2511      4.4510      0.0000
     0.2511      4.8010      0.0000
     0.2511      4.8010      0.0000
     0.2511      4.7426      0.0001
     0.2511      4.5676      0.0001
     0.2511      4.4510      0.0000
     0.2511    125.7362      0.0000
     0.2511    125.7362      0.0000
     0.2511    125.7362      0.0000
     0.2511    125.7362      0.0000
     0.2511    125.7362      0.0000
     0.2511    125.7362      0.0000
     0.2511    125.7362      0.0000
     0.2511    125.7362      0.0000
     0.2511    125.7362      0.0000
     0.2511    125.7362      0.0000
     0.2511    125.7362      0.0000
     0.2511    125.7362      0.0000
     0.2511    125.7362      0.0000
     0.2511    125.7362      0.0000
     0.2511    125.7362      0.0000
     0.2511    125.7362      0.0000
     0.2511    125.7362      0.0000
     0.2511    125.7362      0.0000
     0.2511    125.7362      0.0000
     0.2511    125.7362      0.0000
     0.2843      1.3894      0.0000
     0.2843      1.3302      0.0002
     0.2843      1.2907      0.0013
     0.2843      1.2907      0.0012
     0.2843      1.2710      0.0002
     0.2843      1.3894      0.0000
     0.2843      1.3302      0.0001
     0.2843      1.2907      0.0009
     0.2843      1.2907      0.0008
     0.2843      1.2710      0.0001
     0.2843      1.2710      0.0001
     0.2843      2.0859      0.0000
     0.2843      2.0296      0.0002
     0.2843      1.9733      0.0012
     0.2843      1.9452      0.0011
     0.2843      1.9452      0.0002
     0.2843      1.9733      0.0008
     0.2843      1.9452      0.0008
     0.2843      1.9452      0.0001
     0.2843      4.8342      0.0000
     0.2843      4.6592      0.0001
     0.2843      4.6592      0.0008
     0.2843      4.6592      0.0008
     0.2843      4.4842      0.0001
     0.2843      4.8342      0.0000
     0.2843      4.6592      0.0001
     0.2843      4.6592      0.0006
     0.2843      4.6592      0.0005
     0.2843      4.4842      0.0001
     0.2843    125.7694      0.0000
     0.2843    125.7694      0.0000
     0.2843    125.7694      0.0000
     0.2843    125.7694      0.0000
     0.2843    125.7694      0.0000
     0.2843    125.7694      0.0000
     0.2843    125.7694      0.0000
     0.2843    125.7694      0.0000
     0.2843    125.7694      0.0000
     0.2843    125.7694      0.0000
     0.2843    125.7694      0.0000
     0.2843    125.7694      0.0000
     0.2843    125.7694      0.0000
     0.2843    125.7694      0.0000
     0.2843    125.7694      0.0000
     0.2843    125.7694      0.0000
     0.2843    125.7694      0.0000
     0.2843    125.7694      0.0000
     0.2843    125.7694      0.0000
     0.2843    125.7694      0.0000
     0.3219      1.3481      0.0000
     0.3219      1.3481      0.0000
     0.3219      1.3086      0.0000
     0.3219      1.3481      0.0000
     0.3219      1.3086      0.0000
     0.3219      2.0109      0.0000
     0.3219      2.0109      0.0000
     0.3219      1.9546      0.0000
     0.3219      4.7551      0.0000
     0.3219      4.7551      0.0000
     0.3219      4.6384      0.0000
     0.3219      4.7551      0.0000
     0.3219      4.7551      0.0000
     0.3219      4.6384      0.0000
     0.3219    128.5350      0.0000
     0.3219    128.5350      0.0000
     0.3219    128.5350      0.0000
     0.3219    128.5350      0.0000
     0.3219    128.5350      0.0000
     0.3219    128.5350      0.0000
     0.3219    128.5350      0.0000
     0.3219    128.5350      0.0000
     0.3219    128.5350      0.0000
     0.3219    128.5350      0.0000
     0.3219    128.5350      0.0000
     0.3219    128.5350      0.0000
     0.3645      2.0535      0.0000
     0.3645      1.9972      0.0003
     0.3645      1.9690      0.0017
     0.3645      1.9690      0.0017
     0.3645      1.9127      0.0003
     0.3645      1.9127      0.0002
     0.3645      4.6810      0.0000
     0.3645      4.6227      0.0002
     0.3645      4.6227      0.0013
     0.3645      4.4477      0.0012
     0.3645      4.4477      0.0002
     0.3645      4.6810      0.0000
     0.3645      4.6227      0.0001
     0.3645      4.6227      0.0009
     0.3645      4.4477      0.0008
     0.3645      4.4477      0.0002
     0.3645      4.6810      0.0000
     0.3645      4.6227      0.0001
     0.3645      4.6227      0.0008
     0.3645      4.4477      0.0007
     0.3645      4.4477      0.0002
     0.3645    128.5775      0.0000
     0.3645    128.5775      0.0000
     0.3645    128.5775      0.0000
     0.3645    128.5775      0.0000
     0.3645    128.5775      0.0000
     0.3645    128.5775      0.0000
     0.3645    128.5775      0.0000
     0.3645    128.5775      0.0000
     0.3645    128.5775      0.0000
     0.3645    128.5775      0.0000
     0.3645    128.5775      0.0000
     0.3645    128.5775      0.0000
     0.3645    128.5775      0.0000
     0.3645    128.5775      0.0000
     0.3645    128.5775      0.0000
     0.3645    128.5775      0.0000
     0.3645    128.5775      0.0000
     0.3645    128.5775      0.0000
     0.3645    128.5775      0.0000
     0.3645    128.5775      0.0000
     0.4126      2.0735      0.0000
     0.4126      1.9890      0.0001
     0.4126      1.9890      0.0007
     0.4126      1.9327      0.0011
     0.4126      1.9046      0.0003
     0.4126      4.7292      0.0000
     0.4126      4.6125      0.0001
     0.4126      4.6125      0.0005
     0.4126      4.5542      0.0008
     0.4126      4.3209      0.0002
     0.4126      4.7292      0.0000
     0.4126      4.6125      0.0001
     0.4126      4.6125      0.0003
     0.4126      4.5542      0.0006
     0.4126      4.3209      0.0001
     0.4126      4.7292      0.0000
     0.4126      4.6125      0.0001
     0.4126      4.6125      0.0003
     0.4126      4.5542      0.0005
     0.4126      4.3209      0.0001
     0.4126    128.6257      0.0000
     0.4126    128.6257      0.0000
     0.4126    128.6257      0.0000
     0.4126    128.6257      0.0000
     0.4126    128.6257      0.0000
     0.4126    128.6257      0.0000
     0.4126    128.6257      0.0000
     0.4126    128.6257      0.0000
     0.4126    128.6257      0.0000
     0.4126    128.6257      0.0000
     0.4126    128.6257      0.0000
     0.4126    128.6257      0.0000
     0.4126    128.6257      0.0000
     0.4126    128.6257      0.0000
     0.4126    128.6257      0.0000
     0.4126    128.6257      0.0000
     0.4126    128.6257      0.0000
     0.4126    128.6257      0.0000
     0.4126    128.6257      0.0000
     0.4126    128.6257      0.0000
     0.4672      2.0155      0.0000
     0.4672      2.0155      0.0001
     0.4672      2.0155      0.0012
     0.4672      1.9310      0.0019
     0.4672      1.9310      0.0005
     0.4672      4.6087      0.0000
     0.4672      4.6087      0.0001
     0.4672      4.6087      0.0008
     0.4672      4.5504      0.0013
     0.4672      4.4337      0.0004
     0.4672      4.6087      0.0000
     0.4672      4.6087      0.0000
     0.4672      4.6087      0.0005
     0.4672      4.5504      0.0009
     0.4672      4.4337      0.0003
     0.4672      4.6087      0.0000
     0.4672      4.6087      0.0000
     0.4672      4.6087      0.0005
     0.4672      4.5504      0.0008
     0.4672      4.4337      0.0002
     0.4672    128.6803      0.0000
     0.4672    128.6803      0.0000
     0.4672    128.6803      0.0000
     0.4672    128.6803      0.0000
     0.4672    128.6803      0.0000
     0.4672    128.6803      0.0000
     0.4672    128.6803      0.0000
     0.4672    128.6803      0.0000
     0.4672    128.6803      0.0000
     0.4672    128.6803      0.0000
     0.4672    128.6803      0.0000
     0.4672    128.6803      0.0000
     0.4672    128.6803      0.0000
     0.4672    128.6803      0.0000
     0.4672    128.6803      0.0000
     0.4672    128.6803      0.0000
     0.4672    128.6803      0.0000
     0.4672    128.6803      0.0000
     0.4672    128.6803      0.0000
     0.4672    128.6803      0.0000
     0.5290      4.4955      0.0000
     0.5290      4.4955      0.0001
     0.5290      4.4955      0.0006
     0.5290      4.4955      0.0010
     0.5290      4.2622      0.0005
     0.5290      4.4955      0.0000
     0.5290      4.4955      0.0001
     0.5290      4.4955      0.0004
     0.5290      4.4955      0.0006
     0.5290      4.2622      0.0003
     0.5290      4.4955      0.0000
     0.5290      4.4955      0.0000
     0.5290      4.4955      0.0003
     0.5290      4.4955      0.0006
     0.5290      4.2622      0.0003
     0.5290    123.2862      0.0000
     0.5290    123.2862      0.0000
     0.5290    123.2862      0.0000
     0.5290    123.2862      0.0000
     0.5290    123.2862      0.0000
     0.5290    123.2862      0.0000
     0.5290    123.2862      0.0000
     0.5290    123.2862      0.0000
     0.5290    123.2862      0.0000
     0.5290    123.2862      0.0000
     0.5290    123.2862      0.0000
     0.5290    123.2862      0.0000
     0.5290    123.2862      0.0000
     0.5290    123.2862      0.0000
     0.5290    123.2862      0.0000
     0.5290    123.2862      0.0000
     0.5290    123.2862      0.0000
     0.5290    123.2862      0.0000
     0.5290    123.2862      0.0000
     0.5290    123.2862      0.0000
     0.5989      4.4488      0.0000
     0.5989      4.4488      0.0000
     0.5989      4.3905      0.0002
     0.5989      4.3905      0.0003
     0.5989      4.3321      0.0000
     0.5989      4.4488      0.0000
     0.5989      4.4488      0.0000
     0.5989      4.3905      0.0001
     0.5989      4.3905      0.0002
     0.5989      4.3321      0.0000
     0.5989      4.4488      0.0000
     0.5989      4.4488      0.0000
     0.5989      4.3905      0.0001
     0.5989      4.3905      0.0002
     0.5989      4.3321      0.0000
     0.5989    123.3561      0.0000
     0.5989    123.3561      0.0000
     0.5989    123.3561      0.0000
     0.5989    123.3561      0.0000
     0.5989    123.3561      0.0000
     0.5989    123.3561      0.0000
     0.5989    123.3561      0.0000
     0.5989    123.3561      0.0000
     0.5989    123.3561      0.0000
     0.5989    123.3561      0.0000
     0.5989    123.3561      0.0000
     0.5989    123.3561      0.0000
     0.5989    123.3561      0.0000
     0.5989    123.3561      0.0000
     0.5989    123.3561      0.0000
     0.5989    123.3561      0.0000
     0.5989    123.3561      0.0000
     0.5989    123.3561      0.0000
     0.5989    123.3561      0.0000
     0.5989    123.3561      0.0000
     0.6781      4.4113      0.0000
     0.6781      4.4113      0.0000
     0.6781      4.4113      0.0005
     0.6781      4.4113      0.0011
     0.6781      4.1780      0.0006
     0.6781      4.4113      0.0000
     0.6781      4.4113      0.0000
     0.6781      4.4113      0.0003
     0.6781      4.4113      0.0007
     0.6781      4.1780      0.0004
     0.6781      4.4113      0.0000
     0.6781      4.4113      0.0000
     0.6781      4.4113      0.0003
     0.6781      4.4113      0.0007
     0.6781      4.1780      0.0003
     0.6781    126.1632      0.0000
     0.6781    126.1632      0.0000
     0.6781    126.1632      0.0000
     0.6781    126.1632      0.0000
     0.6781    126.1632      0.0000
     0.6781    126.1632      0.0000
     0.6781    126.1632      0.0000
     0.6781    126.1632      0.0000
     0.6781    126.1632      0.0000
     0.6781    126.1632      0.0000
     0.6781    126.1632      0.0000
     0.6781    126.1632      0.0000
     0.6781    126.1632      0.0000
     0.6781    126.1632      0.0000
     0.6781    126.1632      0.0000
     0.6781    126.1632      0.0000
     0.6781    126.1632      0.0000
     0.6781    126.1632      0.0000
     0.6781    126.1632      0.0000
     0.6781    126.1632      0.0000
     0.7678      4.3843      0.0000
     0.7678      4.3843      0.0000
     0.7678      4.2677      0.0003
     0.7678      4.2677      0.0010
     0.7678      4.2677      0.0005
     0.7678      4.3843      0.0000
     0.7678      4.3843      0.0000
     0.7678      4.2677      0.0002
     0.7678      4.2677      0.0007
     0.7678      4.2677      0.0003
     0.7678      4.3843      0.0000
     0.7678      4.3843      0.0000
     0.7678      4.2677      0.0002
     0.7678      4.2677      0.0006
     0.7678      4.2677      0.0003
     0.7678      4.2677      0.0002
     0.7678    126.2529      0.0000
     0.7678    126.2529      0.0000
     0.7678    126.2529      0.0000
     0.7678    126.2529      0.0000
     0.7678    126.2529      0.0000
     0.7678    126.2529      0.0000
     0.7678    126.2529      0.0000
     0.7678    126.2529      0.0000
     0.7678    126.2529      0.0000
     0.7678    126.2529      0.0000
     0.7678    126.2529      0.0000
     0.7678    126.2529      0.0000
     0.7678    126.2529      0.0000
     0.7678    126.2529      0.0000
     0.7678    126.2529      0.0000
     0.7678    126.2529      0.0000
     0.7678    126.2529      0.0000
     0.7678    126.2529      0.0000
     0.7678    126.2529      0.0000
     0.7678    126.2529      0.0000
     0.8693      4.3692      0.0000
     0.8693      4.3692      0.0000
     0.8693      4.3108      0.0001
     0.8693      4.3108      0.0006
     0.8693      4.3108      0.0005
     0.8693      4.3692      0.0000
     0.8693      4.3692      0.0000
     0.8693      4.3108      0.0001
     0.8693      4.3108      0.0004
     0.8693      4.3108      0.0003
     0.8693      4.3692      0.0000
     0.8693      4.3692      0.0000
     0.8693      4.3108      0.0001
     0.8693      4.3108      0.0003
     0.8693      4.3108      0.0003
     0.8693      4.3692      0.0000
     0.8693      4.3692      0.0000
     0.8693      4.3108      0.0000
     0.8693      4.3108      0.0002
     0.8693      4.3108      0.0002
     0.8693    123.6265      0.0000
     0.8693    123.6265      0.0000
     0.8693    123.6265      0.0000
     0.8693    123.6265      0.0000
     0.8693    123.6265      0.0000
     0.8693    123.6265      0.0000
     0.8693    123.6265      0.0000
     0.8693    123.6265      0.0000
     0.8693    123.6265      0.0000
     0.8693    123.6265      0.0000
     0.8693    123.6265      0.0000
     0.8693    123.6265      0.0000
     0.8693    123.6265      0.0000
     0.8693    123.6265      0.0000
     0.8693    123.6265      0.0000
     0.8693    123.6265      0.0000
     0.8693    123.6265      0.0000
     0.8693    123.6265      0.0000
     0.8693    123.6265      0.0000
     0.8693    123.6265      0.0000
     0.9842      4.3674      0.0000
     0.9842      4.3674      0.0000
     0.9842      4.3674      0.0000
     0.9842      4.3674      0.0002
     0.9842      4.1924      0.0003
     0.9842      4.3674      0.0000
     0.9842      4.3674      0.0000
     0.9842      4.3674      0.0000
     0.9842      4.3674      0.0001
     0.9842      4.1924      0.0002
     0.9842      4.3674      0.0000
     0.9842      4.3674      0.0000
     0.9842      4.3674      0.0000
     0.9842      4.3674      0.0001
     0.9842      4.1924      0.0001
     0.9842      4.3674      0.0000
     0.9842      4.3674      0.0000
     0.9842      4.3674      0.0000
     0.9842      4.3674      0.0001
     0.9842      4.1924      0.0001
     0.9842    123.7414      0.0000
     0.9842    123.7414      0.0000
     0.9842    123.7414      0.0000
     0.9842    123.7414      0.0000
     0.9842    123.7414      0.0000
     0.9842    123.7414      0.0000
     0.9842    123.7414      0.0000
     0.9842    123.7414      0.0000
     0.9842    123.7414      0.0000
     0.9842    123.7414      0.0000
     0.9842    123.7414      0.0000
     0.9842    123.7414      0.0000
     0.9842    123.7414      0.0000
     0.9842    123.7414      0.0000
     0.9842    123.7414      0.0000
     0.9842    123.7414      0.0000
     0.9842    123.7414      0.0000
     0.9842    123.7414      0.0000
     0.9842    123.7414      0.0000
     0.9842    123.7414      0.0000
     1.1144      4.4976      0.0000
     1.1144      4.4976      0.0000
     1.1144      4.4976      0.0000
     1.1144      4.4976      0.0000
     1.1144      4.4976      0.0000
     1.1144      4.4976      0.0000
     1.1144      4.4976      0.0000
     1.1144      4.4976      0.0000
     1.1144    123.8715      0.0000
     1.1144    123.8715      0.0000
     1.1144    123.8715      0.0000
     1.1144    123.8715      0.0000
     1.1144    123.8715      0.0000
     1.1144    123.8715      0.0000
     1.1144    123.8715      0.0000
     1.1144    123.8715      0.0000
     1.1144    123.8715      0.0000
     1.1144    123.8715      0.0000
     1.1144    123.8715      0.0000
     1.1144    123.8715      0.0000
     1.1144    123.8715      0.0000
     1.1144    123.8715      0.0000
     1.1144    123.8715      0.0000
     1.1144    123.8715      0.0000
     1.1144    123.8715      0.0000
     1.1144    123.8715      0.0000
     1.1144    123.8715      0.0000
     1.1144    123.8715      0.0000
     1.2617    121.2909      0.0000
     1.2617    121.2909      0.0000
     1.2617    121.2909      0.0000
     1.2617    121.2909      0.0000
     1.2617    121.2909      0.0000
     1.2617    121.2909      0.0000
     1.2617    121.2909      0.0000
     1.2617    121.2909      0.0000
     1.2617    121.2909      0.0000
     1.2617    121.2909      0.0000
     1.2617    121.2909      0.0000
     1.2617    121.2909      0.0000
     1.2617    121.2909      0.0000
     1.2617    121.2909      0.0000
     1.2617    121.2909      0.0000
     1.2617    121.2909      0.0000
     1.2617    121.2909      0.0000
     1.2617    121.2909      0.0000
     1.2617    121.2909      0.0000
     1.2617    121.2909      0.0000
     1.4285    124.1857      0.0000
     1.4285    124.1857      0.0000
     1.4285    124.1857      0.0000
     1.4285    124.1857      0.0000
     1.4285    124.1857      0.0000
     1.4285    124.1857      0.0000
     1.4285    124.1857      0.0000
     1.4285    124.1857      0.0000
     1.4285    124.1857      0.0000
     1.4285    124.1857      0.0000
     1.4285    124.1857      0.0000
     1.4285    124.1857      0.0000
     1.4285    124.1857      0.0000
     1.4285    124.1857      0.0000
     1.4285    124.1857      0.0000
     1.4285    124.1857      0.0000
     1.4285    124.1857      0.0000
     1.4285    124.1857      0.0000
     1.4285    124.1857      0.0000
     1.4285    124.1857      0.0000
     1.6174    124.3746      0.0000
     1.6174    124.3746      0.0000
     1.6174    124.3746      0.0000
     1.6174    124.3746      0.0000
     1.6174    124.3746      0.0000
     1.6174    124.3746      0.0000
     1.6174    124.3746      0.0000
     1.6174    124.3746      0.0000
     1.6174    124.3746      0.0000
     1.6174    124.3746      0.0000
     1.6174    124.3746      0.0000
     1.6174    124.3746      0.0000
     1.6174    124.3746      0.0000
     1.6174    124.3746      0.0000
     1.6174    124.3746      0.0000
     1.6174    124.3746      0.0000
     1.6174    124.3746      0.0000
     1.6174    124.3746      0.0000
     1.6174    124.3746      0.0000
     1.6174    124.3746      0.0000
     1.8312    124.5884      0.0000
     1.8312    124.5884      0.0000
     1.8312    124.5884      0.0000
     1.8312    124.5884      0.0000
     1.8312    124.5884      0.0000
     1.8312    124.5884      0.0000
     1.8312    124.5884      0.0000
     1.8312    124.5884      0.0000
     1.8312    124.5884      0.0000
     1.8312    124.5884      0.0000
     1.8312    124.5884      0.0000
     1.8312    124.5884      0.0000
     1.8312    124.5884      0.0000
     1.8312    124.5884      0.0000
     1.8312    124.5884      0.0000
     1.8312    124.5884      0.0000
     1.8312    124.5884      0.0000
     1.8312    124.5884      0.0000
     1.8312    124.5884      0.0000
     1.8312    124.5884      0.0000
     2.0734    119.3747      0.0000
     2.0734    119.3747      0.0000
     2.0734    119.3747      0.0000
     2.0734    119.3747      0.0000
     2.0734    119.3747      0.0000
     2.0734    119.3747      0.0000
     2.0734    119.3747      0.0000
     2.0734    119.3747      0.0000
     2.0734    119.3747      0.0000
     2.0734    119.3747      0.0000
     2.0734    119.3747      0.0000
     2.0734    119.3747      0.0000
     2.0734    119.3747      0.0000
     2.0734    119.3747      0.0000
     2.0734    119.3747      0.0000
     2.0734    119.3747      0.0000
     2.0734    119.3747      0.0000
     2.0734    119.3747      0.0000
     2.0734    119.3747      0.0000
     2.0734    119.3747      0.0000
     2.3475    119.6488      0.0000
     2.3475    119.6488      0.0000
     2.3475    119.6488      0.0000
     2.3475    119.6488      0.0000
     2.3475    119.6488      0.0000
     2.3475    119.6488      0.0000
     2.3475    119.6488      0.0000
     2.3475    119.6488      0.0000
     2.3475    119.6488      0.0000
     2.3475    119.6488      0.0000
     2.3475    119.6488      0.0000
     2.3475    119.6488      0.0000
     2.3475    119.6488      0.0000
     2.3475    119.6488      0.0000
     2.3475    119.6488      0.0000
     2.3475    119.6488      0.0000
     2.3475    119.6488      0.0000
     2.3475    119.6488      0.0000
     2.3475    119.6488      0.0000
     2.3475    119.6488      0.0000
     2.6579    119.9592      0.0000
     2.6579    119.9592      0.0000
     2.6579    119.9592      0.0000
     2.6579    119.9592      0.0000
     2.6579    119.9592      0.0000
     2.6579    119.9592      0.0000
     2.6579    119.9592      0.0000
     2.6579    119.9592      0.0000
     2.6579    119.9592      0.0000
     2.6579    119.9592      0.0000
     2.6579    119.9592      0.0000
     2.6579    119.9592      0.0000
     2.6579    119.9592      0.0000
     2.6579    119.9592      0.0000
     2.6579    119.9592      0.0000
     2.6579    119.9592      0.0000
     3.0093    118.9467      0.0000
     3.0093    118.9467      0.0000
     3.0093    118.9467      0.0000
     3.0093    118.9467      0.0000
     3.0093    118.9467      0.0000
     3.0093    118.9467      0.0000
     3.0093    118.9467      0.0000
     3.0093    118.9467      0.0000
     3.0093    118.9467      0.0000
     3.0093    118.9467      0.0000
     3.0093    118.9467      0.0000
     3.0093    118.9467      0.0000
     3.0093    118.9467      0.0000
     3.0093    118.9467      0.0000
     3.0093    118.9467      0.0000
     3.0093    118.9467      0.0000
     3.4072    116.6166      0.0000
     3.4072    116.6166      0.0000
     3.4072    116.6166      0.0000
     3.4072    116.6166      0.0000
     3.4072    116.6166      0.0000
     3.4072    116.6166      0.0000
     3.4072    116.6166      0.0000
     3.4072    116.6166      0.0000
     3.4072    116.6166      0.0000
     3.4072    116.6166      0.0000
     3.4072    116.6166      0.0000
     3.4072    116.6166      0.0000
     3.4072    116.6166      0.0000
     3.4072    116.6166      0.0000
     3.4072    116.6166      0.0000
     3.4072    116.6166      0.0000
     3.8577    110.2473      0.0000
     3.8577    110.2473      0.0000
     3.8577    110.2473      0.0000
     3.8577    110.2473      0.0000
     3.8577    110.2473      0.0000
     3.8577    110.2473      0.0000
     3.8577    110.2473      0.0000
     3.8577    110.2473      0.0000
     3.8577    110.2473      0.0000
     3.8577    110.2473      0.0000
     3.8577    110.2473      0.0000
     3.8577    110.2473      0.0000
     3.8577    110.2473      0.0000
     3.8577    110.2473      0.0000
     3.8577    110.2473      0.0000
     3.8577    110.2473      0.0000
     4.3677    110.7573      0.0000
     4.3677    110.7573      0.0000
     4.3677    110.7573      0.0000
     4.3677    110.7573      0.0000
     4.3677    110.7573      0.0000
     4.3677    110.7573      0.0000
     4.3677    110.7573      0.0000
     4.3677    110.7573      0.0000
     4.3677    110.7573      0.0000
     4.3677    110.7573      0.0000
     4.3677    110.7573      0.0000
     4.3677    110.7573      0.0000
     4.3677    110.7573      0.0000
     4.3677    110.7573      0.0000
     4.3677    110.7573      0.0000
     4.9452    108.6069      0.0000
     4.9452    108.6069      0.0000
     4.9452    108.6069      0.0004
     4.9452    108.6069      0.0000
     4.9452    108.6069      0.0000
     4.9452    108.6069      0.0003
     4.9452    108.6069      0.0000
     4.9452    108.6069      0.0000
     4.9452    108.6069      0.0003
     4.9452    108.6069      0.0000
     4.9452    108.6069      0.0000
     4.9452    108.6069      0.0002
     4.9452    108.6069      0.0000
     4.9452    108.6069      0.0000
     4.9452    108.6069      0.0000
     5.5991    109.2607      0.0000
     5.5991    109.2607      0.0000
     5.5991    109.2607      0.0000
     5.5991    109.2607      0.0000
     5.5991    109.2607      0.0000
     5.5991    109.2607      0.0000
     5.5991    109.2607      0.0000
     5.5991    109.2607      0.0000
     5.5991    109.2607      0.0000
     5.5991    109.2607      0.0000
     6.3394    111.3650      0.0000
     6.3394    111.3650      0.0000
     6.3394    111.3650      0.0000
     6.3394    111.3650      0.0000
     6.3394    111.3650      0.0000
     6.3394    111.3650      0.0000
     6.3394    111.3650      0.0000
     6.3394    111.3650      0.0000
     6.3394    111.3650      0.0000
     6.3394    111.3650      0.0000
     7.1776    102.6554      0.0004
     7.1776    102.6554      0.0003
     7.1776    102.6554      0.0002
     7.1776    102.6554      0.0002
     7.1776    102.6554      0.0000
     8.1266     98.1485      0.0011
     8.1266     98.1485      0.0007
     8.1266     98.1485      0.0006
     8.1266     98.1485      0.0005
     8.1266     98.1485      0.0000
     9.2011    103.3149      0.0000
     9.2011    103.3149      0.0000
     9.2011    103.3149      0.0000
     9.2011    103.3149      0.0000
     9.2011    103.3149      0.0000
