 0.53241  0.35940  0.04225
 1.27187  0.26138  0.04225
 1.94086  0.21237  0.04225
 5.15837  0.15519  0.04225
 1.09440  0.73513  0.04225
 1.83538  0.65345  0.04225
 5.11466  0.49009  0.04225
 1.70880  1.11855  0.04225
 4.98351  0.83891  0.04225
 4.41522  2.75241  0.04225
 0.54882  0.39616  0.00069
 0.54882  0.39616  0.02006
 0.54882  0.39616  0.01320
 1.32953  0.28172  0.00046
 1.32953  0.28172  0.01360
 1.32953  0.28172  0.00921
 2.02885  0.22890  0.00039
 2.02885  0.22890  0.01183
 2.02885  0.22890  0.00834
 5.34654  0.16727  0.00026
 5.34654  0.16727  0.00818
 5.34654  0.16727  0.00588
********  0.02641  0.00000
********  0.02641  0.00012
********  0.02641  0.00008
 1.12855  0.80994  0.00031
 1.12855  0.80994  0.00925
 1.12855  0.80994  0.00629
 1.91859  0.72190  0.00026
 1.91859  0.72190  0.00804
 1.91859  0.72190  0.00570
 5.20945  0.54583  0.00018
 5.20945  0.54583  0.00556
 5.20945  0.54583  0.00402
********  0.10564  0.00000
********  0.10564  0.00008
********  0.10564  0.00006
 1.80832  1.23070  0.00022
 1.80832  1.23070  0.00723
 1.80832  1.23070  0.00522
 5.20945  0.95442  0.00015
 5.20945  0.95442  0.00500
 5.11805  0.92930  0.00368
********  0.17581  0.00000
********  0.17581  0.00007
********  0.17581  0.00005
 4.52399  2.96657  0.00010
 4.52399  2.96657  0.00356
 4.52399  2.96657  0.00266
********  0.57250  0.00000
********  0.57250  0.00005
********  0.57250  0.00004
87.61985 60.84880  0.00000
87.61985 60.84880  0.00000
87.61985 60.84880  0.00000
 0.53424  0.39490  0.00494
 0.53424  0.39490  0.00083
 1.31496  0.28926  0.00333
 1.31496  0.28926  0.00056
 2.00109  0.24524  0.00316
 2.00109  0.24524  0.00053
 5.40858  0.18361  0.00238
 5.40858  0.18361  0.00040
********  0.04276  0.00003
********  0.04276  0.00001
 1.11398  0.80867  0.00221
 1.11398  0.80867  0.00037
 1.89083  0.72064  0.00210
 1.89083  0.72064  0.00035
 5.22579  0.54456  0.00158
 5.22579  0.54456  0.00027
********  0.10438  0.00002
********  0.10438  0.00000
 1.78056  1.24704  0.00177
 1.78056  1.24704  0.00030
 5.13440  0.97077  0.00133
 5.13440  0.97077  0.00022
********  0.19216  0.00002
********  0.19216  0.00000
 4.49464  2.93087  0.00091
 4.49464  2.93087  0.00015
********  0.58884  0.00001
********  0.58884  0.00000
87.63620 60.86514  0.00000
87.63620 60.86514  0.00000
 1.23900  0.31937  0.00187
 1.23900  0.31937  0.00171
 2.00471  0.29296  0.00178
 2.00471  0.29296  0.00163
 5.27351  0.23133  0.00133
 5.27351  0.23133  0.00122
********  0.09048  0.00002
********  0.09048  0.00002
 1.08440  0.80357  0.00132
 1.08440  0.80357  0.00121
 1.87239  0.75075  0.00126
 1.87239  0.75075  0.00115
 5.22782  0.59228  0.00094
 5.22782  0.59228  0.00087
********  0.15210  0.00001
********  0.15210  0.00001
 1.74007  1.24453  0.00116
 1.74007  1.24453  0.00107
 4.99933  0.99337  0.00087
 4.99933  0.99337  0.00080
********  0.23988  0.00001
********  0.23988  0.00001
 4.40527  2.92655  0.00062
 4.40527  2.92655  0.00057
********  0.63656  0.00001
********  0.63656  0.00001
88.75245 60.91286  0.00000
88.75245 60.91286  0.00000
 1.21068  0.33743  0.00067
 1.21068  0.33743  0.00296
 2.00072  0.30222  0.00064
 2.00072  0.30222  0.00281
 5.29157  0.24059  0.00048
 5.29157  0.24059  0.00211
********  0.10854  0.00001
********  0.10854  0.00003
 1.07154  0.82163  0.00045
 1.07154  0.82163  0.00199
 1.86840  0.76881  0.00043
 1.86840  0.76881  0.00189
 5.15448  0.61035  0.00032
 5.15448  0.61035  0.00142
********  0.17016  0.00000
********  0.17016  0.00002
 1.73608  1.26259  0.00041
 1.73608  1.26259  0.00180
 4.97170  0.98631  0.00031
 4.97170  0.98631  0.00135
********  0.25794  0.00000
********  0.25794  0.00002
 4.56042  2.84052  0.00023
 4.56042  2.84052  0.00101
********  0.65462  0.00000
********  0.65462  0.00001
88.77051 60.93092  0.00000
88.77051 60.93092  0.00000
 1.15768  0.38170  0.00398
 1.15768  0.38170  0.00415
 1.93908  0.36409  0.00373
 1.93908  0.36409  0.00389
 5.17946  0.31127  0.00273
 5.17946  0.31127  0.00284
********  0.17922  0.00004
********  0.17922  0.00004
 1.82881  0.80427  0.00232
 1.82881  0.80427  0.00241
 4.99668  0.64581  0.00170
 4.99668  0.64581  0.00177
********  0.24084  0.00002
********  0.24084  0.00002
 1.69650  1.25792  0.00198
 1.74060  1.30815  0.00206
 5.08807  1.03188  0.00145
 5.08807  1.03188  0.00151
********  0.32862  0.00002
********  0.32862  0.00002
 4.26553  2.91120  0.00106
 4.26553  2.91120  0.00110
********  0.72530  0.00001
********  0.72530  0.00001
88.84119 61.00160  0.00000
88.84119 61.00160  0.00000
 1.91517  0.38430  0.00174
 1.91517  0.38430  0.00182
 5.10827  0.33147  0.00119
 5.10827  0.33147  0.00124
********  0.19942  0.00002
********  0.19942  0.00002
 1.82696  0.82448  0.00108
 1.80491  0.80687  0.00113
 5.01688  0.68362  0.00074
 5.01688  0.68362  0.00077
********  0.26104  0.00001
********  0.26104  0.00001
 5.01688  1.05208  0.00063
 5.01688  1.05208  0.00066
********  0.34882  0.00001
********  0.34882  0.00001
 4.55991  3.03549  0.00046
 4.55991  3.03549  0.00048
********  0.74550  0.00001
********  0.74550  0.00001
88.86139 61.02180  0.00000
88.86139 61.02180  0.00000
 5.02868  0.48036  0.00246
********  0.34831  0.00004
 4.98298  0.79730  0.00163
********  0.40993  0.00002
 4.80020  1.15074  0.00138
********  0.49771  0.00002
 4.34323  3.13234  0.00094
********  0.89439  0.00001
87.94175 61.17069  0.00000
 5.02554  0.51412  0.00227
********  0.39087  0.00003
 5.02554  0.82225  0.00161
********  0.45250  0.00002
 4.65997  1.19330  0.00148
********  0.54027  0.00002
 4.29439  3.07081  0.00106
********  0.93696  0.00002
87.98431 61.21325  0.00000
 5.07373  0.55351  0.00230
********  0.43906  0.00003
 4.89094  0.85283  0.00155
********  0.50068  0.00002
 4.52537  1.21637  0.00147
********  0.58846  0.00002
 4.34258  3.06695  0.00110
********  0.98514  0.00002
88.03250 60.04447  0.00000
 4.96158  0.67864  0.00253
********  0.55539  0.00004
 4.77879  0.98677  0.00157
********  0.61702  0.00002
 4.64170  1.33270  0.00134
********  0.70480  0.00002
 4.27613  3.18328  0.00098
********  1.10148  0.00001
87.08030 60.16080  0.00000
 0.56655  0.42818  0.00020
 0.56655  0.42818  0.01239
 0.56655  0.42818  0.01142
 0.56655  0.42818  0.00031
 1.37248  0.30717  0.00013
 1.37248  0.30717  0.00835
 1.37248  0.30717  0.00774
 1.37248  0.30717  0.00021
 2.09439  0.25132  0.00011
 2.09439  0.25132  0.00720
 2.09439  0.25132  0.00673
 2.09439  0.25132  0.00018
 5.56641  0.18617  0.00008
 5.56641  0.18617  0.00495
 5.56641  0.18617  0.00465
 5.56641  0.18617  0.00012
********  0.02792  0.00000
********  0.02792  0.00007
********  0.02792  0.00007
********  0.02792  0.00000
 1.16501  0.85636  0.00009
 1.16501  0.85636  0.00563
 1.16501  0.85636  0.00521
 1.16501  0.85636  0.00014
 1.98056  0.76328  0.00007
 1.98056  0.76328  0.00486
 1.98056  0.76328  0.00453
 1.98056  0.76328  0.00012
 5.37772  0.57711  0.00005
 5.37772  0.57711  0.00334
 5.37772  0.57711  0.00313
 5.37772  0.57711  0.00008
********  0.11170  0.00000
********  0.11170  0.00005
********  0.11170  0.00005
********  0.11170  0.00000
 1.84397  1.32780  0.00006
 1.84397  1.32780  0.00429
 1.84397  1.32780  0.00401
 1.82121  1.32780  0.00010
 5.33055  1.00913  0.00004
 5.33055  1.00913  0.00295
 5.33055  1.00913  0.00277
 5.28338  1.03568  0.00007
********  0.18589  0.00000
********  0.18589  0.00004
********  0.18589  0.00004
********  0.18589  0.00000
 4.62295  3.13661  0.00003
 4.62295  3.13661  0.00207
 4.62295  3.13661  0.00196
 4.62295  3.13661  0.00005
********  0.60531  0.00000
********  0.60531  0.00003
********  0.60531  0.00003
********  0.60531  0.00000
90.45013 65.62329  0.00000
90.45013 65.62329  0.00000
90.45013 65.62329  0.00000
90.45013 65.62329  0.00000
 0.56689  0.42853  0.00000
 0.56689  0.41922  0.00103
 0.56689  0.41922  0.00494
 0.56689  0.41922  0.00077
 1.37282  0.30752  0.00000
 1.37282  0.30752  0.00072
 1.37282  0.30752  0.00344
 1.37282  0.30752  0.00053
 2.09474  0.25167  0.00000
 2.09474  0.25167  0.00066
 2.09474  0.25167  0.00310
 2.09474  0.25167  0.00047
 5.56676  0.18651  0.00000
 5.56676  0.18651  0.00047
 5.56676  0.18651  0.00218
 5.56676  0.18651  0.00033
********  0.02827  0.00000
********  0.02827  0.00001
********  0.02827  0.00003
********  0.02827  0.00000
 1.16536  0.85671  0.00000
 1.16536  0.85671  0.00051
 1.16536  0.85671  0.00238
 1.16536  0.85671  0.00037
 1.98091  0.76363  0.00000
 1.98091  0.76363  0.00046
 1.98091  0.76363  0.00215
 1.98091  0.76363  0.00033
 5.37807  0.57746  0.00000
 5.37807  0.57746  0.00033
 5.37807  0.57746  0.00151
 5.37807  0.57746  0.00023
********  0.11205  0.00000
********  0.11205  0.00000
********  0.11205  0.00002
********  0.11205  0.00000
 1.82155  1.32815  0.00000
 1.82155  1.32815  0.00042
 1.82155  1.32815  0.00197
 1.82155  1.32815  0.00030
 5.33090  1.00947  0.00000
 5.28372  1.03603  0.00030
 5.28372  1.03603  0.00139
 5.28372  1.03603  0.00021
********  0.18624  0.00000
********  0.18624  0.00000
********  0.18624  0.00002
********  0.18624  0.00000
 4.62330  3.13696  0.00000
 4.62330  3.13696  0.00021
 4.62330  3.13696  0.00099
 4.62330  3.13696  0.00015
********  0.60566  0.00000
********  0.60566  0.00000
********  0.60566  0.00001
********  0.60566  0.00000
90.45048 65.62364  0.00000
90.45048 65.62364  0.00000
90.45048 65.62364  0.00000
90.45048 65.62364  0.00000
 0.56791  0.42024  0.00003
 0.56791  0.42024  0.00040
 0.56791  0.42024  0.00011
 1.37384  0.30854  0.00002
 1.37384  0.30854  0.00026
 1.37384  0.30854  0.00007
 2.09575  0.25269  0.00002
 2.07299  0.25269  0.00022
 2.07299  0.25269  0.00006
 5.56778  0.18753  0.00001
 5.56778  0.18753  0.00015
 5.56778  0.18753  0.00004
********  0.02929  0.00000
********  0.02929  0.00000
********  0.02929  0.00000
 1.16637  0.85772  0.00001
 1.16637  0.85772  0.00019
 1.16637  0.85772  0.00005
 1.98193  0.76464  0.00001
 1.98193  0.76464  0.00016
 1.98193  0.76464  0.00004
 5.37909  0.57848  0.00001
 5.37909  0.57848  0.00011
 5.37909  0.57848  0.00003
********  0.11306  0.00000
********  0.11306  0.00000
********  0.11306  0.00000
 1.82257  1.32916  0.00001
 1.82257  1.32916  0.00015
 1.82257  1.32916  0.00004
 5.28474  1.03705  0.00001
 5.28474  1.03705  0.00010
 5.28474  1.03705  0.00003
********  0.18726  0.00000
********  0.18726  0.00000
********  0.18726  0.00000
 4.62432  3.13798  0.00000
 4.62432  3.13798  0.00007
 4.62432  3.13798  0.00002
********  0.60668  0.00000
********  0.60668  0.00000
********  0.60668  0.00000
90.45149 65.62465  0.00000
90.45149 65.62465  0.00000
90.45149 65.62465  0.00000
 0.56053  0.41951  0.00067
 0.56053  0.41951  0.00225
 0.56053  0.41951  0.00020
 1.36646  0.30781  0.00045
 1.36646  0.30781  0.00152
 1.36646  0.30781  0.00014
 2.08157  0.26127  0.00043
 2.08157  0.26127  0.00144
 2.08157  0.26127  0.00013
 5.57636  0.19611  0.00032
 5.57636  0.19611  0.00108
 5.57636  0.19611  0.00009
********  0.03787  0.00000
********  0.03787  0.00001
********  0.03787  0.00000
 1.14304  0.86631  0.00030
 1.14304  0.86631  0.00102
 1.14304  0.86631  0.00009
 1.96774  0.77322  0.00029
 1.96774  0.77322  0.00097
 1.96774  0.77322  0.00009
 5.38767  0.56844  0.00022
 5.38767  0.56844  0.00072
 5.38767  0.56844  0.00006
********  0.12165  0.00000
********  0.12165  0.00001
********  0.12165  0.00000
 1.83115  1.31119  0.00024
 1.83115  1.31119  0.00082
 1.83115  1.31119  0.00008
 5.29332  1.01907  0.00018
 5.29332  1.01907  0.00062
 5.29332  1.01907  0.00006
********  0.19584  0.00000
********  0.19584  0.00001
********  0.19584  0.00000
 4.63290  3.09153  0.00012
 4.63290  3.09153  0.00042
 4.63290  3.09153  0.00004
********  0.61526  0.00000
********  0.61526  0.00001
********  0.61526  0.00000
90.46008 65.63324  0.00000
90.46008 65.63324  0.00000
90.46008 65.63324  0.00000
 0.54760  0.42121  0.00001
 0.54760  0.42121  0.00021
 0.54760  0.42121  0.00009
 1.34555  0.31882  0.00001
 1.34555  0.31882  0.00015
 1.34555  0.31882  0.00006
 2.06981  0.26297  0.00001
 2.06981  0.26297  0.00013
 2.06981  0.26297  0.00006
 5.58737  0.19781  0.00000
 5.58737  0.19781  0.00010
 5.58737  0.19781  0.00004
********  0.04888  0.00000
********  0.04888  0.00000
********  0.04888  0.00000
 1.13809  0.85870  0.00000
 1.13809  0.85870  0.00010
 1.13809  0.85870  0.00004
 1.95599  0.78423  0.00000
 1.95599  0.78423  0.00010
 1.95599  0.78423  0.00004
 5.49302  0.59807  0.00000
 5.49302  0.59807  0.00007
 5.49302  0.59807  0.00003
********  0.13265  0.00000
********  0.13265  0.00000
********  0.13265  0.00000
 1.84216  1.32219  0.00000
 1.84216  1.32219  0.00009
 1.84216  1.32219  0.00004
 5.25716  1.03008  0.00000
 5.25716  1.03008  0.00006
 5.25716  1.03008  0.00003
********  0.20684  0.00000
********  0.20684  0.00000
********  0.20684  0.00000
 4.64391  3.10254  0.00000
 4.64391  3.10254  0.00004
 4.64391  3.10254  0.00002
********  0.62626  0.00000
********  0.62626  0.00000
********  0.62626  0.00000
90.47108 65.64424  0.00000
90.47108 65.64424  0.00000
90.47108 65.64424  0.00000
 0.54553  0.42712  0.00042
 0.54553  0.42712  0.00009
 1.33550  0.31542  0.00028
 1.33550  0.31542  0.00006
 2.05295  0.26888  0.00027
 2.05295  0.26888  0.00006
 5.59327  0.20372  0.00020
 5.59327  0.20372  0.00004
********  0.05479  0.00000
********  0.05479  0.00000
 1.12803  0.86460  0.00019
 1.12803  0.86460  0.00004
 1.96189  0.79014  0.00018
 1.93913  0.79014  0.00004
 5.45176  0.60397  0.00013
 5.45176  0.60397  0.00003
********  0.13856  0.00000
********  0.13856  0.00000
 1.82530  1.32810  0.00015
 1.82530  1.32810  0.00003
 5.21589  1.03599  0.00011
 5.21589  1.03599  0.00002
********  0.21275  0.00000
********  0.21275  0.00000
 4.64981  3.05342  0.00008
 4.64981  3.05342  0.00002
********  0.63217  0.00000
********  0.63217  0.00000
90.47699 65.65015  0.00000
90.47699 65.65015  0.00000
 1.30490  0.33270  0.00049
 1.30490  0.33270  0.00029
 2.09300  0.28615  0.00045
 2.09300  0.28615  0.00027
 5.46904  0.22100  0.00032
 5.46904  0.22100  0.00019
********  0.07206  0.00000
********  0.07206  0.00000
 1.11339  0.86327  0.00033
 1.11339  0.86327  0.00019
 1.95641  0.78880  0.00030
 1.95641  0.78880  0.00018
 5.42186  0.62125  0.00021
 5.42186  0.60264  0.00013
********  0.15584  0.00000
********  0.15584  0.00000
 1.79705  1.31883  0.00025
 1.79705  1.31883  0.00015
 5.18600  1.05327  0.00018
 5.18600  1.05327  0.00011
********  0.23003  0.00000
********  0.23003  0.00000
 4.47840  3.12572  0.00012
 4.47840  3.12572  0.00007
********  0.64945  0.00000
********  0.64945  0.00000
90.49427 65.66743  0.00000
90.49427 65.66743  0.00000
 1.29478  0.32922  0.00022
 1.29478  0.32922  0.00016
 2.09883  0.29199  0.00021
 2.09883  0.29199  0.00015
 5.47487  0.22683  0.00015
 5.47487  0.22683  0.00011
********  0.07790  0.00000
********  0.07790  0.00000
 1.11923  0.86910  0.00015
 1.11923  0.86910  0.00011
 1.93948  0.79464  0.00014
 1.93948  0.79464  0.00010
 5.42770  0.60847  0.00010
 5.38053  0.60847  0.00007
********  0.14306  0.00000
********  0.14306  0.00000
 1.82565  1.35122  0.00013
 1.80289  1.35122  0.00010
 5.19183  1.03255  0.00009
 5.14466  1.05910  0.00007
********  0.23587  0.00000
********  0.23587  0.00000
 4.48424  3.13156  0.00007
 4.48424  3.13156  0.00005
********  0.65529  0.00000
********  0.65529  0.00000
90.50011 65.67327  0.00000
90.50011 65.67327  0.00000
 1.28543  0.33583  0.00014
 1.28543  0.33583  0.00200
 1.28543  0.33583  0.00056
 2.08268  0.29860  0.00013
 2.08268  0.29860  0.00185
 2.08268  0.29860  0.00051
 5.43431  0.23344  0.00010
 5.43431  0.23344  0.00136
 5.43431  0.23344  0.00036
********  0.08451  0.00000
********  0.08451  0.00002
********  0.08451  0.00000
 1.10988  0.85709  0.00010
 1.10988  0.85709  0.00137
 1.10988  0.85709  0.00038
 1.94609  0.80125  0.00010
 1.94609  0.80125  0.00127
 1.94609  0.80125  0.00034
 5.38713  0.61508  0.00007
 5.38713  0.61508  0.00093
 5.38713  0.61508  0.00025
********  0.14967  0.00000
********  0.14967  0.00001
********  0.14967  0.00000
 1.80950  1.33127  0.00009
 1.80950  1.33127  0.00115
 1.80950  1.33127  0.00032
 5.15127  1.03915  0.00007
 5.15127  1.03915  0.00085
 5.15127  1.03915  0.00023
********  0.24248  0.00000
********  0.24248  0.00001
********  0.24248  0.00000
 4.49085  3.08314  0.00005
 4.49085  3.08314  0.00060
 4.49085  3.08314  0.00017
********  0.66190  0.00000
********  0.66190  0.00001
********  0.66190  0.00000
90.50671 65.67987  0.00000
90.50671 65.67987  0.00000
90.50671 65.67987  0.00000
 1.27695  0.34331  0.00110
 1.27695  0.34331  0.00044
 2.06739  0.30608  0.00097
 2.06739  0.30608  0.00040
 5.58331  0.24092  0.00069
 5.58331  0.24092  0.00028
********  0.09199  0.00001
********  0.09199  0.00000
 1.11736  0.86458  0.00074
 1.11736  0.86458  0.00030
 1.95357  0.80873  0.00065
 1.95357  0.80873  0.00027
 5.34744  0.62256  0.00046
 5.34744  0.62256  0.00019
********  0.15715  0.00001
********  0.15715  0.00000
 1.79421  1.33875  0.00057
 1.79421  1.33875  0.00024
 5.25310  1.07319  0.00040
 5.11158  1.04664  0.00017
********  0.24996  0.00001
********  0.24996  0.00000
 4.49833  3.09062  0.00028
 4.49833  3.09062  0.00012
********  0.66938  0.00000
********  0.66938  0.00000
90.51419 65.68736  0.00000
90.51419 65.68736  0.00000
 1.24714  0.35207  0.00017
 1.24714  0.35207  0.00015
 2.06269  0.32414  0.00016
 2.06269  0.32414  0.00014
 5.50702  0.25898  0.00012
 5.50702  0.25898  0.00011
********  0.11005  0.00000
********  0.11005  0.00000
 1.10350  0.88264  0.00011
 1.10350  0.88264  0.00010
 1.92610  0.80817  0.00011
 1.92610  0.80817  0.00009
 5.31833  0.64062  0.00008
 5.31833  0.64062  0.00007
********  0.17521  0.00000
********  0.17521  0.00000
 1.78951  1.33026  0.00009
 1.78951  1.33026  0.00008
 5.17681  1.09125  0.00007
 5.17681  1.09125  0.00006
********  0.26802  0.00000
********  0.26802  0.00000
 4.51639  3.05365  0.00005
 4.51639  3.05365  0.00004
********  0.68744  0.00000
********  0.68744  0.00000
90.53226 65.70542  0.00000
90.53226 65.70542  0.00000
 1.22241  0.36591  0.00001
 1.22241  0.36591  0.00268
 1.22241  0.36591  0.00098
 2.06308  0.33799  0.00001
 2.06308  0.33799  0.00245
 2.06308  0.33799  0.00091
 5.43583  0.28214  0.00001
 5.43583  0.28214  0.00178
 5.43583  0.28214  0.00066
********  0.13320  0.00000
********  0.13320  0.00002
********  0.13320  0.00001
 1.90372  0.83132  0.00001
 1.90372  0.83132  0.00167
 1.90372  0.83132  0.00063
 5.24714  0.66378  0.00000
 5.24714  0.66378  0.00121
 5.24714  0.64516  0.00046
********  0.19836  0.00000
********  0.19836  0.00002
********  0.19836  0.00001
 1.76713  1.32685  0.00001
 1.76713  1.32685  0.00150
 1.76713  1.32685  0.00058
 5.10562  1.11441  0.00000
 5.10562  1.11441  0.00109
 5.10562  1.11441  0.00042
********  0.29117  0.00000
********  0.29117  0.00001
********  0.29117  0.00001
 4.63389  3.18686  0.00000
 4.63389  3.18686  0.00078
 4.63389  3.18686  0.00031
********  0.71059  0.00000
********  0.71059  0.00001
********  0.71059  0.00000
90.55541 64.44184  0.00000
90.55541 64.44184  0.00000
90.55541 64.44184  0.00000
 1.20441  0.37983  0.00090
 1.20441  0.37983  0.00096
 2.03147  0.35191  0.00085
 2.03147  0.35191  0.00091
 5.40258  0.29606  0.00063
 5.40258  0.29606  0.00068
********  0.14712  0.00001
********  0.14712  0.00001
 1.89488  0.82663  0.00056
 1.89488  0.82663  0.00061
 5.21388  0.65908  0.00042
 5.21388  0.65908  0.00045
********  0.21228  0.00001
********  0.21228  0.00001
 1.80382  1.36733  0.00048
 1.80382  1.36733  0.00052
 5.21388  1.10177  0.00035
 5.21388  1.10177  0.00039
********  0.30509  0.00000
********  0.30509  0.00001
 4.50629  3.14576  0.00024
 4.50629  3.14576  0.00027
********  0.72451  0.00000
********  0.72451  0.00000
90.56933 64.45576  0.00000
90.56933 64.45576  0.00000
 1.18826  0.38628  0.00114
 1.18826  0.38628  0.00078
 1.18826  0.38628  0.00003
 2.02446  0.36767  0.00099
 2.02446  0.36767  0.00072
 2.02446  0.36767  0.00003
 5.37116  0.31182  0.00070
 5.37116  0.31182  0.00053
 5.37116  0.31182  0.00002
********  0.16288  0.00001
********  0.16288  0.00001
********  0.16288  0.00000
 1.88787  0.84239  0.00068
 1.88787  0.84239  0.00050
 1.88787  0.84239  0.00002
 5.22964  0.69346  0.00048
 5.22964  0.69346  0.00037
 5.22964  0.69346  0.00002
********  0.22804  0.00001
********  0.22804  0.00000
********  0.22804  0.00000
 1.77405  1.35653  0.00061
 1.77405  1.35653  0.00047
 1.77405  1.35653  0.00002
 5.22964  1.09097  0.00043
 5.22964  1.09097  0.00034
 5.22964  1.09097  0.00002
********  0.32085  0.00001
********  0.32085  0.00000
********  0.32085  0.00000
 4.66357  3.27157  0.00030
 4.66357  3.27157  0.00025
 4.66357  3.27157  0.00001
********  0.74027  0.00000
********  0.74027  0.00000
********  0.74027  0.00000
90.58509 64.47152  0.00000
90.58509 64.47152  0.00000
90.58509 64.47152  0.00000
 1.20610  0.40413  0.00031
 1.20610  0.40413  0.00054
 1.20610  0.40413  0.00001
 2.01954  0.38551  0.00028
 2.01954  0.38551  0.00049
 2.01954  0.38551  0.00001
 5.29466  0.32966  0.00020
 5.29466  0.32035  0.00036
 5.29466  0.32035  0.00001
********  0.18073  0.00000
********  0.18073  0.00000
********  0.18073  0.00000
 1.88295  0.84162  0.00019
 1.88295  0.84162  0.00034
 1.88295  0.84162  0.00001
 5.24749  0.71130  0.00014
 5.24749  0.71130  0.00024
 5.24749  0.71130  0.00001
********  0.24589  0.00000
********  0.24589  0.00000
********  0.24589  0.00000
 1.79189  1.37438  0.00018
 1.79189  1.37438  0.00032
 5.15314  1.10882  0.00013
 5.15314  1.10882  0.00023
 5.15314  1.10882  0.00001
********  0.33870  0.00000
********  0.33870  0.00000
********  0.33870  0.00000
 4.63424  3.23439  0.00010
 4.63424  3.23439  0.00017
 4.63424  3.23439  0.00000
********  0.75812  0.00000
********  0.75812  0.00000
********  0.75812  0.00000
90.60293 64.48936  0.00000
90.60293 64.48936  0.00000
90.60293 64.48936  0.00000
 1.97156  0.41928  0.00000
 1.97156  0.41928  0.00196
 1.97156  0.41928  0.00306
 1.97156  0.41928  0.00009
 5.29057  0.37274  0.00000
 5.29057  0.37274  0.00139
 5.29057  0.37274  0.00218
 5.29057  0.37274  0.00006
********  0.22381  0.00000
********  0.22381  0.00002
********  0.22381  0.00003
********  0.22381  0.00000
 1.88050  0.88469  0.00000
 1.88050  0.88469  0.00127
 1.88050  0.88469  0.00195
 1.88050  0.88469  0.00006
 5.29057  0.71715  0.00000
 5.29057  0.71715  0.00090
 5.29057  0.71715  0.00139
 5.29057  0.71715  0.00004
********  0.28897  0.00000
********  0.28897  0.00001
********  0.28897  0.00002
********  0.28897  0.00000
 5.14905  1.17845  0.00000
 5.14905  1.15190  0.00080
 5.10188  1.17845  0.00123
 5.10188  1.17845  0.00004
********  0.38177  0.00000
********  0.38177  0.00001
********  0.38177  0.00002
********  0.38177  0.00000
 4.63015  3.38752  0.00000
 4.63015  3.38752  0.00058
 4.63015  3.38752  0.00090
 4.63015  3.38752  0.00003
********  0.80119  0.00000
********  0.80119  0.00001
********  0.80119  0.00001
********  0.80119  0.00000
90.64601 64.53244  0.00000
90.64601 64.53244  0.00000
90.64601 64.53244  0.00000
90.64601 64.53244  0.00000
 1.92916  0.43587  0.00142
 1.92916  0.43587  0.00124
 1.92916  0.43587  0.00022
 5.41081  0.38933  0.00100
 5.41081  0.38933  0.00088
 5.41081  0.38933  0.00015
********  0.24971  0.00001
********  0.24971  0.00001
********  0.24971  0.00000
 1.88363  0.91059  0.00094
 1.88363  0.91059  0.00079
 1.88363  0.89198  0.00013
 5.26929  0.76166  0.00067
 5.26929  0.76166  0.00056
 5.26929  0.76166  0.00010
********  0.31487  0.00001
********  0.31487  0.00001
********  0.31487  0.00000
 5.08060  1.17780  0.00058
 5.03343  1.17780  0.00050
 5.03343  1.17780  0.00008
********  0.40767  0.00001
********  0.40767  0.00001
********  0.40767  0.00000
 4.65604  3.30337  0.00040
 4.65604  3.30337  0.00036
 4.65604  3.30337  0.00006
********  0.82709  0.00001
********  0.82709  0.00001
********  0.82709  0.00000
90.67191 64.55834  0.00000
90.67191 64.55834  0.00000
90.67191 64.55834  0.00000
 1.95849  0.46520  0.00048
 1.95849  0.46520  0.00092
 1.95849  0.46520  0.00070
 5.39296  0.41866  0.00034
 5.25144  0.41866  0.00065
 5.25144  0.41866  0.00050
********  0.27903  0.00000
********  0.27903  0.00001
********  0.27903  0.00001
 5.20427  0.79099  0.00024
 5.20427  0.79099  0.00042
 5.20427  0.79099  0.00031
********  0.34419  0.00000
********  0.34419  0.00001
********  0.34419  0.00000
 5.06275  1.18056  0.00022
 5.06275  1.18056  0.00036
 5.06275  1.18056  0.00026
********  0.43700  0.00000
********  0.43700  0.00001
********  0.43700  0.00000
 4.59102  3.33269  0.00016
 4.59102  3.33269  0.00026
 4.59102  3.33269  0.00019
********  0.85642  0.00000
********  0.85642  0.00000
********  0.85642  0.00000
89.59819 64.58767  0.00000
89.59819 64.58767  0.00000
89.59819 64.58767  0.00000
 5.17611  0.52270  0.00020
 5.17611  0.52270  0.00098
 5.17611  0.52270  0.00101
********  0.39238  0.00000
********  0.39238  0.00001
********  0.39238  0.00001
 4.98741  0.86711  0.00013
 4.98741  0.86711  0.00066
 4.98741  0.86711  0.00069
********  0.45754  0.00000
********  0.45754  0.00001
********  0.45754  0.00001
 4.79872  1.24081  0.00013
 4.79872  1.24081  0.00059
 4.79872  1.24081  0.00060
********  0.55035  0.00000
********  0.55035  0.00001
********  0.55035  0.00001
 4.42134  3.33599  0.00010
 4.42134  3.33599  0.00042
 4.42134  3.33599  0.00042
********  0.96977  0.00000
********  0.96977  0.00001
********  0.96977  0.00001
89.71154 64.70102  0.00000
89.71154 64.70102  0.00000
89.71154 64.70102  0.00000
 5.03560  0.57089  0.00034
 5.03560  0.57089  0.00172
********  0.44057  0.00000
********  0.44057  0.00002
 4.84691  0.89668  0.00022
 4.84691  0.89668  0.00114
********  0.50573  0.00000
********  0.50573  0.00002
 4.98843  1.34211  0.00019
 4.98843  1.34211  0.00102
********  0.59854  0.00000
********  0.59854  0.00001
 4.37518  3.27412  0.00014
 4.37518  3.27412  0.00073
********  1.01796  0.00000
********  1.01796  0.00001
89.75973 64.74921  0.00000
89.75973 64.74921  0.00000
 4.90147  0.61614  0.00015
 4.90147  0.61614  0.00081
********  0.49513  0.00000
********  0.49513  0.00001
 5.09016  0.96985  0.00009
 5.09016  0.96985  0.00054
********  0.56029  0.00000
********  0.56029  0.00001
 4.90147  1.37011  0.00008
 4.90147  1.37011  0.00049
********  0.65310  0.00000
********  0.65310  0.00001
 4.52409  3.32868  0.00006
 4.52409  3.32868  0.00036
********  1.07252  0.00000
********  1.07252  0.00001
88.71124 64.80377  0.00000
88.71124 64.80377  0.00000
 5.10476  0.68722  0.00017
 5.05759  0.68722  0.00092
********  0.55691  0.00000
********  0.55691  0.00001
 5.05759  1.05024  0.00010
 5.05759  1.05024  0.00058
********  0.62206  0.00000
********  0.62206  0.00001
 4.86890  1.43188  0.00009
 4.86890  1.43188  0.00049
********  0.71487  0.00000
********  0.71487  0.00001
 4.39717  3.33542  0.00007
 4.39717  3.33542  0.00036
********  1.13429  0.00000
********  1.13429  0.00001
88.77301 64.86554  0.00000
88.77301 64.86554  0.00000
 5.03318  0.75716  0.00125
********  0.62685  0.00002
 4.84449  1.10157  0.00084
********  0.69200  0.00001
 4.75015  1.47527  0.00074
********  0.78481  0.00001
 4.32559  3.35034  0.00053
********  1.20423  0.00001
89.94600 64.93548  0.00000
 1.99708  0.93532  0.00026
 4.77748  0.90739  0.00019
********  0.79569  0.00000
 4.63596  1.21457  0.00012
********  0.86085  0.00000
 4.63596  1.61756  0.00011
********  0.95366  0.00000
 4.30575  3.40913  0.00008
********  1.37308  0.00000
89.01180 65.10433  0.00000
 4.73747  1.00891  0.00012
********  0.89721  0.00000
 4.54878  1.31608  0.00008
********  0.96237  0.00000
 4.54878  1.66596  0.00007
********  1.05518  0.00000
********  1.47459  0.00000
89.11331 65.20584  0.00000
********  2.10128  0.00000
********  2.16644  0.00000
********  2.25925  0.00000
********  2.67867  0.00000
85.90519 63.83646  0.00000
********  2.37542  0.00000
********  2.44058  0.00000
********  2.50683  0.00000
********  2.95281  0.00000
85.07627 62.82386  0.00000
********  3.43511  0.00000
********  3.50027  0.00000
********  3.56652  0.00000
********  3.95747  0.00000
82.82681 62.59682  0.00000
********  4.97316  0.00047
********  5.03832  0.00031
********  5.10457  0.00028
********  5.49552  0.00020
 0.57820  0.44537  0.00007
 0.57820  0.44537  0.01068
 0.57820  0.44537  0.01607
 0.57820  0.44537  0.00123
 1.40071  0.31950  0.00004
 1.40071  0.31950  0.00722
 1.40071  0.31950  0.01095
 1.40071  0.31950  0.00084
 2.13747  0.26141  0.00004
 2.13747  0.26141  0.00626
 2.13747  0.26141  0.00960
 2.13747  0.26141  0.00074
 5.77720  0.19364  0.00003
 5.77720  0.19364  0.00432
 5.77720  0.19364  0.00666
 5.77720  0.19364  0.00051
********  0.02905  0.00000
********  0.02905  0.00006
********  0.02905  0.00010
********  0.02905  0.00001
 1.17268  0.91010  0.00003
 1.17268  0.91010  0.00488
 1.17268  0.91010  0.00742
 1.17268  0.91010  0.00057
 2.02130  0.81328  0.00003
 2.02130  0.81328  0.00424
 2.02130  0.81328  0.00650
 2.02130  0.81328  0.00050
 5.63277  0.61964  0.00002
 5.63277  0.61964  0.00292
 5.63277  0.61964  0.00451
 5.63277  0.60028  0.00035
********  0.11618  0.00000
********  0.11618  0.00004
********  0.11618  0.00006
********  0.11618  0.00000
 1.88190  1.40872  0.00002
 1.88190  1.40872  0.00374
 1.88190  1.40872  0.00577
 1.85867  1.38110  0.00044
 5.39205  1.07726  0.00002
 5.39205  1.07726  0.00258
 5.39205  1.07726  0.00401
 5.34391  1.07726  0.00031
********  0.19335  0.00000
********  0.19335  0.00004
********  0.19335  0.00006
********  0.19335  0.00000
 4.81433  3.31976  0.00001
 4.81433  3.31976  0.00181
 4.81433  3.31976  0.00282
 4.76619  3.31976  0.00022
********  0.62961  0.00000
********  0.62961  0.00003
********  0.62961  0.00004
********  0.62961  0.00000
92.31059 68.25758  0.00000
92.31059 68.25758  0.00000
92.31059 68.25758  0.00000
92.31059 68.25758  0.00000
 0.57036  0.44568  0.00032
 0.57036  0.44568  0.00175
 0.57036  0.44568  0.00048
 1.40101  0.31981  0.00022
 1.40101  0.31981  0.00120
 1.40101  0.31981  0.00033
 2.13777  0.26172  0.00020
 2.13777  0.26172  0.00106
 2.13777  0.26172  0.00029
 5.77750  0.19395  0.00014
 5.77750  0.19395  0.00074
 5.77750  0.19395  0.00020
********  0.02935  0.00000
********  0.02935  0.00001
********  0.02935  0.00000
 1.17299  0.91041  0.00015
 1.17299  0.91041  0.00081
 1.17299  0.91041  0.00022
 2.02161  0.81359  0.00013
 2.02161  0.81359  0.00072
 2.02161  0.81359  0.00019
 5.63307  0.61995  0.00009
 5.63307  0.61995  0.00050
 5.63307  0.60059  0.00014
********  0.11649  0.00000
********  0.11649  0.00001
********  0.11649  0.00000
 1.88221  1.40903  0.00012
 1.88221  1.40903  0.00064
 1.85897  1.38141  0.00017
 5.39236  1.07756  0.00008
 5.39236  1.07756  0.00045
 5.34421  1.07756  0.00012
********  0.19366  0.00000
********  0.19366  0.00001
********  0.19366  0.00000
 4.81464  3.32007  0.00006
 4.81464  3.32007  0.00032
 4.76649  3.32007  0.00008
********  0.62992  0.00000
********  0.62992  0.00000
********  0.62992  0.00000
92.31090 68.25788  0.00000
92.31090 68.25788  0.00000
92.31090 68.25788  0.00000
 0.56796  0.44174  0.00000
 0.56796  0.44174  0.00035
 0.56796  0.44174  0.00022
 1.39047  0.32556  0.00000
 1.39047  0.32556  0.00025
 1.39047  0.32556  0.00015
 2.12029  0.26746  0.00000
 2.12029  0.26746  0.00023
 2.12029  0.26746  0.00014
 5.78325  0.19969  0.00000
 5.78325  0.19969  0.00016
 5.78325  0.19969  0.00010
********  0.03510  0.00000
********  0.03510  0.00000
********  0.03510  0.00000
 1.17874  0.89679  0.00000
 1.17874  0.89679  0.00017
 1.17874  0.89679  0.00011
 2.00412  0.81933  0.00000
 2.00412  0.81933  0.00016
 2.00412  0.81933  0.00010
 5.63882  0.60633  0.00000
 5.63882  0.60633  0.00011
 5.59068  0.60633  0.00007
********  0.12224  0.00000
********  0.12224  0.00000
********  0.12224  0.00000
 1.88795  1.38715  0.00000
 1.88795  1.38715  0.00014
 1.86472  1.38715  0.00009
 5.34996  1.08331  0.00000
 5.34996  1.08331  0.00010
 5.34996  1.08331  0.00006
********  0.19941  0.00000
********  0.19941  0.00000
********  0.19941  0.00000
 4.77224  3.32581  0.00000
 4.77224  3.32581  0.00007
 4.77224  3.32581  0.00005
********  0.63566  0.00000
********  0.63566  0.00000
********  0.63566  0.00000
92.31664 68.26363  0.00000
92.31664 68.26363  0.00000
92.31664 68.26363  0.00000
 0.56876  0.44254  0.00000
 0.56876  0.44254  0.00013
 0.56876  0.44254  0.00037
 1.39127  0.32636  0.00000
 1.39127  0.32636  0.00009
 1.39127  0.32636  0.00026
 2.12109  0.26826  0.00000
 2.12109  0.26826  0.00009
 2.12109  0.26826  0.00024
 5.78405  0.20049  0.00000
 5.78405  0.20049  0.00006
 5.78405  0.20049  0.00017
********  0.03590  0.00000
********  0.03590  0.00000
********  0.03590  0.00000
 1.17954  0.89759  0.00000
 1.17954  0.89759  0.00006
 1.17954  0.89759  0.00018
 2.00492  0.82013  0.00000
 2.00492  0.82013  0.00006
 2.00492  0.82013  0.00017
 5.63962  0.60713  0.00000
 5.63962  0.60713  0.00004
 5.63962  0.60713  0.00012
********  0.12304  0.00000
********  0.12304  0.00000
********  0.12304  0.00000
 1.86552  1.38795  0.00000
 1.86552  1.38795  0.00005
 1.86552  1.38795  0.00015
 5.35076  1.08411  0.00000
 5.35076  1.08411  0.00004
 5.35076  1.08411  0.00011
********  0.20021  0.00000
********  0.20021  0.00000
********  0.20021  0.00000
 4.77304  3.32661  0.00000
 4.77304  3.32661  0.00003
 4.77304  3.32661  0.00008
********  0.63646  0.00000
********  0.63646  0.00000
********  0.63646  0.00000
92.31744 68.26443  0.00000
92.31744 68.26443  0.00000
92.31744 68.26443  0.00000
 0.56371  0.44563  0.00002
 0.56371  0.44563  0.00017
 1.37808  0.32945  0.00001
 1.37808  0.32945  0.00012
 2.12418  0.27136  0.00001
 2.12418  0.27136  0.00011
 5.78714  0.19390  0.00001
 5.78714  0.19390  0.00008
********  0.03899  0.00000
********  0.03899  0.00000
 1.16634  0.90068  0.00001
 1.16634  0.90068  0.00008
 2.00801  0.82323  0.00001
 2.00801  0.82323  0.00008
 5.64271  0.61023  0.00001
 5.59457  0.61023  0.00005
********  0.12613  0.00000
********  0.12613  0.00000
 1.86861  1.39104  0.00001
 1.86861  1.39104  0.00007
 5.35385  1.08720  0.00001
 5.35385  1.08720  0.00005
********  0.20330  0.00000
********  0.20330  0.00000
 4.77613  3.32971  0.00000
 4.77613  3.32971  0.00004
********  0.63956  0.00000
********  0.63956  0.00000
92.32054 68.26752  0.00000
92.32054 68.26752  0.00000
 1.34197  0.33913  0.00000
 1.34197  0.33913  0.00016
 1.34197  0.33913  0.00081
 1.34197  0.33913  0.00020
 1.34197  0.33913  0.00000
 2.15322  0.30040  0.00000
 2.15322  0.30040  0.00014
 2.15322  0.30040  0.00070
 2.15322  0.30040  0.00018
 2.15322  0.30040  0.00000
 5.71990  0.23262  0.00000
 5.71990  0.23262  0.00009
 5.71990  0.23262  0.00049
 5.71990  0.23262  0.00012
 5.71990  0.23262  0.00000
********  0.06803  0.00000
********  0.06803  0.00000
********  0.06803  0.00001
********  0.06803  0.00000
********  0.06803  0.00000
 1.14652  0.91036  0.00000
 1.14652  0.91036  0.00011
 1.14652  0.91036  0.00056
 1.14652  0.91036  0.00014
 1.14652  0.91036  0.00000
 1.99059  0.83290  0.00000
 1.99059  0.83290  0.00009
 1.99059  0.83290  0.00048
 1.99059  0.83290  0.00012
 1.99059  0.83290  0.00000
 5.52732  0.63926  0.00000
 5.52732  0.63926  0.00006
 5.52732  0.63926  0.00033
 5.52732  0.63926  0.00008
 5.52732  0.63926  0.00000
********  0.15517  0.00000
********  0.15517  0.00000
********  0.15517  0.00000
********  0.15517  0.00000
********  0.15517  0.00000
 1.82795  1.39246  0.00000
 1.82795  1.39246  0.00009
 1.82795  1.39246  0.00044
 1.82795  1.39246  0.00011
 1.82795  1.39246  0.00000
 5.33475  1.14386  0.00000
 5.33475  1.14386  0.00006
 5.33475  1.14386  0.00031
 5.33475  1.11624  0.00008
 5.33475  1.11624  0.00000
********  0.23234  0.00000
********  0.23234  0.00000
********  0.23234  0.00000
********  0.23234  0.00000
********  0.23234  0.00000
 4.75703  3.35875  0.00000
 4.75703  3.35875  0.00004
 4.75703  3.35875  0.00022
 4.75703  3.35875  0.00006
 4.75703  3.35875  0.00000
********  0.66860  0.00000
********  0.66860  0.00000
********  0.66860  0.00000
********  0.66860  0.00000
********  0.66860  0.00000
91.22384 68.29656  0.00000
91.22384 68.29656  0.00000
91.22384 68.29656  0.00000
91.22384 68.29656  0.00000
91.22384 68.29656  0.00000
 1.33084  0.34428  0.00057
 1.33084  0.34428  0.00196
 1.33084  0.34428  0.00040
 1.33084  0.34428  0.00000
 2.15837  0.30555  0.00053
 2.15837  0.30555  0.00182
 2.15837  0.30555  0.00036
 2.15837  0.30555  0.00000
 5.72505  0.23778  0.00039
 5.72505  0.23778  0.00133
 5.72505  0.23778  0.00026
 5.72505  0.23778  0.00000
********  0.07319  0.00001
********  0.07319  0.00002
********  0.07319  0.00000
********  0.07319  0.00000
 1.13539  0.89615  0.00038
 1.13539  0.89615  0.00132
 1.13539  0.89615  0.00027
 1.13539  0.89615  0.00000
 1.99574  0.83806  0.00035
 1.99574  0.83806  0.00122
 1.99574  0.83806  0.00024
 1.99574  0.83806  0.00000
 5.53248  0.64442  0.00026
 5.48433  0.64442  0.00090
 5.48433  0.64442  0.00018
 5.48433  0.64442  0.00000
********  0.16032  0.00000
********  0.16032  0.00001
********  0.16032  0.00000
********  0.16032  0.00000
 1.83311  1.39762  0.00031
 1.83311  1.39762  0.00106
 1.80987  1.39762  0.00022
 1.80987  1.39762  0.00000
 5.33990  1.12140  0.00023
 5.33990  1.12140  0.00078
 5.33990  1.12140  0.00016
 5.33990  1.12140  0.00000
********  0.23749  0.00000
********  0.23749  0.00001
********  0.23749  0.00000
********  0.23749  0.00000
 4.76218  3.36390  0.00016
 4.76218  3.36390  0.00054
 4.76218  3.36390  0.00011
 4.76218  3.36390  0.00000
********  0.67375  0.00000
********  0.67375  0.00001
********  0.67375  0.00000
********  0.67375  0.00000
91.22899 68.30172  0.00000
91.22899 68.30172  0.00000
91.22899 68.30172  0.00000
91.22899 68.30172  0.00000
 1.31070  0.35672  0.00003
 1.31070  0.35672  0.00024
 1.31070  0.35672  0.00017
 1.31070  0.35672  0.00000
 2.12435  0.31800  0.00003
 2.12435  0.31800  0.00022
 2.12435  0.31800  0.00015
 2.12435  0.31800  0.00000
 5.68935  0.25022  0.00002
 5.68935  0.25022  0.00016
 5.68935  0.25022  0.00011
 5.68935  0.25022  0.00000
********  0.08563  0.00000
********  0.08563  0.00000
********  0.08563  0.00000
********  0.08563  0.00000
 1.13154  0.90859  0.00002
 1.13154  0.90859  0.00017
 1.13154  0.90859  0.00011
 1.13154  0.90859  0.00000
 1.98495  0.85050  0.00002
 1.98495  0.85050  0.00015
 1.98495  0.85050  0.00011
 1.98495  0.85050  0.00000
 5.44863  0.65686  0.00002
 5.44863  0.65686  0.00011
 5.44863  0.65686  0.00008
 5.44863  0.65686  0.00000
********  0.17277  0.00000
********  0.17277  0.00000
********  0.17277  0.00000
********  0.17277  0.00000
 1.82232  1.38244  0.00002
 1.82232  1.38244  0.00014
 1.82232  1.38244  0.00010
 1.82232  1.38244  0.00000
 5.35235  1.13384  0.00001
 5.35235  1.13384  0.00010
 5.35235  1.13384  0.00007
 5.35235  1.13384  0.00000
********  0.24994  0.00000
********  0.24994  0.00000
********  0.24994  0.00000
********  0.24994  0.00000
 4.77463  3.31911  0.00001
 4.77463  3.31911  0.00007
 4.77463  3.26187  0.00005
 4.77463  3.26187  0.00000
********  0.68619  0.00000
********  0.68619  0.00000
********  0.68619  0.00000
********  0.68619  0.00000
91.24144 68.31416  0.00000
91.24144 68.31416  0.00000
91.24144 68.31416  0.00000
91.24144 68.31416  0.00000
 1.30190  0.35452  0.00000
 1.30190  0.35452  0.00022
 1.30190  0.35452  0.00098
 1.30190  0.35452  0.00025
 2.13183  0.32548  0.00000
 2.13183  0.32548  0.00021
 2.13183  0.32548  0.00092
 2.13183  0.32548  0.00023
 5.69683  0.25770  0.00000
 5.69683  0.25770  0.00016
 5.69683  0.25770  0.00069
 5.69683  0.25770  0.00017
********  0.09311  0.00000
********  0.09311  0.00000
********  0.09311  0.00001
********  0.09311  0.00000
 1.13903  0.91607  0.00000
 1.13903  0.91607  0.00016
 1.12274  0.91607  0.00069
 1.12274  0.91607  0.00018
 1.99243  0.83862  0.00000
 1.99243  0.83862  0.00015
 1.99243  0.83862  0.00064
 1.99243  0.83862  0.00016
 5.45612  0.66434  0.00000
 5.45612  0.66434  0.00011
 5.45612  0.66434  0.00048
 5.45612  0.66434  0.00012
********  0.18025  0.00000
********  0.18025  0.00000
********  0.18025  0.00001
********  0.18025  0.00000
 1.80657  1.38992  0.00000
 1.80657  1.38992  0.00014
 1.80657  1.38992  0.00059
 1.80657  1.38992  0.00015
 5.26354  1.14132  0.00000
 5.26354  1.14132  0.00010
 5.26354  1.14132  0.00044
 5.26354  1.14132  0.00011
********  0.25742  0.00000
********  0.25742  0.00000
********  0.25742  0.00001
********  0.25742  0.00000
 4.78211  3.26935  0.00000
 4.78211  3.26935  0.00007
 4.78211  3.26935  0.00031
 4.78211  3.26935  0.00008
********  0.69368  0.00000
********  0.69368  0.00000
********  0.69368  0.00000
********  0.69368  0.00000
91.24892 68.32164  0.00000
91.24892 68.32164  0.00000
91.24892 68.32164  0.00000
91.24892 68.32164  0.00000
 1.29408  0.36299  0.00001
 1.29408  0.36299  0.00018
 1.29408  0.36299  0.00013
 2.11707  0.32427  0.00001
 2.11707  0.32427  0.00017
 2.11707  0.32427  0.00013
 5.65716  0.26617  0.00001
 5.65716  0.26617  0.00013
 5.65716  0.26617  0.00009
********  0.10158  0.00000
********  0.10158  0.00000
********  0.10158  0.00000
 1.13121  0.90518  0.00001
 1.13121  0.90518  0.00013
 1.13121  0.90518  0.00009
 1.97767  0.84709  0.00001
 1.97767  0.84709  0.00012
 1.95444  0.84709  0.00009
 5.41644  0.65345  0.00001
 5.41644  0.65345  0.00009
 5.41644  0.65345  0.00007
********  0.16936  0.00000
********  0.16936  0.00000
********  0.16936  0.00000
 1.83827  1.42601  0.00001
 1.83827  1.42601  0.00011
 1.83827  1.42601  0.00008
 5.36830  1.12217  0.00000
 5.36830  1.12217  0.00008
 5.32016  1.12217  0.00006
********  0.26589  0.00000
********  0.26589  0.00000
********  0.26589  0.00000
 4.83872  3.39230  0.00000
 4.83872  3.39230  0.00005
 4.69429  3.27782  0.00004
********  0.70215  0.00000
********  0.70215  0.00000
********  0.70215  0.00000
91.25739 68.33011  0.00000
91.25739 68.33011  0.00000
91.25739 68.33011  0.00000
 1.26567  0.37376  0.00017
 1.26567  0.37376  0.00184
 1.26567  0.37376  0.00098
 1.26567  0.37376  0.00000
 2.11429  0.34472  0.00015
 2.11429  0.34472  0.00168
 2.11429  0.34472  0.00089
 2.11429  0.34472  0.00000
 5.58132  0.27694  0.00011
 5.58132  0.27694  0.00121
 5.58132  0.27694  0.00064
 5.58132  0.27694  0.00000
********  0.12203  0.00000
********  0.12203  0.00002
********  0.12203  0.00001
********  0.12203  0.00000
 1.95165  0.86754  0.00010
 1.95165  0.86754  0.00113
 1.95165  0.86754  0.00059
 1.95165  0.86754  0.00000
 5.38875  0.67390  0.00007
 5.38875  0.67390  0.00081
 5.38875  0.67390  0.00043
 5.34061  0.67390  0.00000
********  0.18980  0.00000
********  0.18980  0.00001
********  0.18980  0.00001
********  0.18980  0.00000
 1.81225  1.41884  0.00009
 1.81225  1.41884  0.00101
 1.81225  1.41884  0.00053
 1.85872  1.41884  0.00000
 5.38875  1.11500  0.00007
 5.38875  1.11500  0.00073
 5.29246  1.14262  0.00038
 5.29246  1.14262  0.00000
********  0.28634  0.00000
********  0.28634  0.00001
********  0.28634  0.00001
********  0.28634  0.00000
 4.81103  3.41275  0.00005
 4.81103  3.41275  0.00052
 4.76289  3.41275  0.00027
 4.76289  3.41275  0.00000
********  0.72260  0.00000
********  0.72260  0.00001
********  0.72260  0.00000
********  0.72260  0.00000
91.27784 68.35056  0.00000
91.27784 68.35056  0.00000
91.27784 68.35056  0.00000
91.27784 68.35056  0.00000
 1.24539  0.38606  0.00015
 1.24539  0.38606  0.00109
 1.24539  0.38606  0.00049
 1.24539  0.38606  0.00001
 2.10335  0.35701  0.00014
 2.10335  0.35701  0.00102
 2.10335  0.35701  0.00046
 2.10335  0.35701  0.00000
 5.54547  0.28924  0.00010
 5.54547  0.28924  0.00076
 5.54547  0.28924  0.00034
 5.54547  0.28924  0.00000
********  0.13433  0.00000
********  0.13433  0.00001
********  0.13433  0.00000
********  0.13433  0.00000
 1.94071  0.86047  0.00009
 1.94071  0.86047  0.00069
 1.94071  0.86047  0.00031
 1.94071  0.86047  0.00000
 5.40104  0.70556  0.00007
 5.40104  0.70556  0.00051
 5.40104  0.70556  0.00023
 5.40104  0.70556  0.00000
********  0.20210  0.00000
********  0.20210  0.00001
********  0.20210  0.00000
********  0.20210  0.00000
 1.82455  1.43113  0.00009
 1.82455  1.43113  0.00064
 1.82455  1.43113  0.00028
 1.82455  1.43113  0.00000
 5.40104  1.12729  0.00007
 5.40104  1.12729  0.00047
 5.30476  1.12729  0.00021
 5.30476  1.12729  0.00000
********  0.29863  0.00000
********  0.29863  0.00001
********  0.29863  0.00000
********  0.29863  0.00000
 4.77518  3.42504  0.00005
 4.77518  3.42504  0.00035
 4.77518  3.36780  0.00015
 4.77518  3.36780  0.00000
********  0.73489  0.00000
********  0.73489  0.00000
********  0.73489  0.00000
********  0.73489  0.00000
91.29013 68.36286  0.00000
91.29013 68.36286  0.00000
91.29013 68.36286  0.00000
91.29013 68.36286  0.00000
 1.24302  0.39029  0.00002
 1.24302  0.39029  0.00082
 1.24302  0.39029  0.00106
 1.24302  0.39029  0.00002
 2.09403  0.37093  0.00002
 2.09403  0.37093  0.00074
 2.09403  0.37093  0.00096
 2.09403  0.37093  0.00001
 5.51125  0.30316  0.00001
 5.51125  0.30316  0.00054
 5.51125  0.30316  0.00069
 5.51125  0.30316  0.00001
********  0.14825  0.00000
********  0.14825  0.00001
********  0.14825  0.00001
********  0.14825  0.00000
 1.93140  0.87439  0.00001
 1.93140  0.87439  0.00050
 1.93140  0.87439  0.00064
 1.93140  0.87439  0.00001
 5.41496  0.71948  0.00001
 5.41496  0.71948  0.00036
 5.41496  0.71948  0.00046
 5.41496  0.70012  0.00001
********  0.21602  0.00000
********  0.21602  0.00000
********  0.21602  0.00001
********  0.21602  0.00000
 1.81523  1.41743  0.00001
 1.81523  1.41743  0.00045
 1.81523  1.41743  0.00056
 1.81523  1.41743  0.00001
 5.31868  1.14121  0.00001
 5.31868  1.14121  0.00032
 5.31868  1.14121  0.00040
 5.31868  1.14121  0.00001
********  0.31255  0.00000
********  0.31255  0.00000
********  0.31255  0.00001
********  0.31255  0.00000
 4.74096  3.38172  0.00001
 4.74096  3.38172  0.00023
 4.74096  3.38172  0.00028
 4.74096  3.38172  0.00000
********  0.74881  0.00000
********  0.74881  0.00000
********  0.74881  0.00000
********  0.74881  0.00000
91.30405 68.37678  0.00000
91.30405 68.37678  0.00000
91.30405 68.37678  0.00000
91.30405 68.37678  0.00000
 1.22621  0.40605  0.00003
 1.22621  0.40605  0.00078
 1.22621  0.40605  0.00077
 1.20992  0.40605  0.00000
 2.06333  0.37701  0.00003
 2.06333  0.37701  0.00072
 2.06333  0.37701  0.00070
 2.06333  0.37701  0.00000
 5.52701  0.32860  0.00002
 5.52701  0.32860  0.00053
 5.47887  0.31892  0.00051
 5.43072  0.31892  0.00000
********  0.16401  0.00000
********  0.16401  0.00001
********  0.16401  0.00001
********  0.16401  0.00000
 1.90069  0.87079  0.00002
 1.90069  0.87079  0.00049
 1.90069  0.87079  0.00049
 1.90069  0.87079  0.00000
 5.43072  0.71588  0.00001
 5.43072  0.71588  0.00036
 5.43072  0.71588  0.00036
 5.38258  0.71588  0.00000
********  0.23178  0.00000
********  0.23178  0.00000
********  0.23178  0.00000
********  0.23178  0.00000
 1.83099  1.43319  0.00002
 1.83099  1.43319  0.00044
 1.83099  1.43319  0.00044
 1.83099  1.43319  0.00000
 5.23815  1.15697  0.00001
 5.23815  1.15697  0.00033
 5.23815  1.15697  0.00032
 5.23815  1.15697  0.00000
********  0.32831  0.00000
********  0.32831  0.00000
********  0.32831  0.00000
********  0.32831  0.00000
 4.85300  3.45472  0.00001
 4.85300  3.45472  0.00023
 4.85300  3.45472  0.00023
 4.85300  3.45472  0.00000
********  0.76457  0.00000
********  0.76457  0.00000
********  0.76457  0.00000
********  0.76457  0.00000
92.44555 68.39254  0.00000
92.44555 68.39254  0.00000
92.44555 68.39254  0.00000
92.44555 68.39254  0.00000
 1.22777  0.41422  0.00000
 1.22777  0.41422  0.00036
 1.22777  0.41422  0.00034
 1.22777  0.41422  0.00001
 2.05794  0.39485  0.00000
 2.05794  0.39485  0.00034
 2.05794  0.39485  0.00032
 2.05794  0.39485  0.00001
 5.44857  0.34644  0.00000
 5.44857  0.34644  0.00025
 5.44857  0.34644  0.00024
 5.44857  0.33676  0.00000
********  0.18185  0.00000
********  0.18185  0.00000
********  0.18185  0.00000
********  0.18185  0.00000
 1.94177  0.88863  0.00000
 1.94177  0.88863  0.00023
 1.94177  0.88863  0.00021
 1.94177  0.88863  0.00000
 5.44857  0.73372  0.00000
 5.44857  0.73372  0.00017
 5.44857  0.73372  0.00016
 5.35228  0.73372  0.00000
********  0.24962  0.00000
********  0.24962  0.00000
********  0.24962  0.00000
********  0.24962  0.00000
 5.25599  1.14720  0.00000
 5.25599  1.14720  0.00015
 5.25599  1.14720  0.00014
 5.25599  1.14720  0.00000
********  0.34616  0.00000
********  0.34616  0.00000
********  0.34616  0.00000
********  0.34616  0.00000
 4.77456  3.47257  0.00000
 4.77456  3.47257  0.00010
 4.77456  3.47257  0.00010
 4.77456  3.47257  0.00000
********  0.78241  0.00000
********  0.78241  0.00000
********  0.78241  0.00000
********  0.78241  0.00000
92.46340 68.41038  0.00000
92.46340 68.41038  0.00000
92.46340 68.41038  0.00000
92.46340 68.41038  0.00000
 1.26426  0.44410  0.00002
 1.26426  0.44410  0.00001
 2.03168  0.41506  0.00002
 2.03168  0.41506  0.00001
 5.46877  0.35696  0.00001
 5.46877  0.35696  0.00000
********  0.20205  0.00000
********  0.20205  0.00000
 1.93874  0.90883  0.00001
 1.93874  0.90883  0.00000
 5.37248  0.73456  0.00001
 5.37248  0.73456  0.00000
********  0.26983  0.00000
********  0.26983  0.00000
 5.27620  1.19502  0.00001
 5.27620  1.19502  0.00000
********  0.36636  0.00000
********  0.36636  0.00000
 4.69848  3.49277  0.00001
 4.69848  3.49277  0.00000
********  0.80262  0.00000
********  0.80262  0.00000
92.48360 68.43059  0.00000
92.48360 68.43059  0.00000
 1.98485  0.42825  0.00002
 1.98485  0.42825  0.00234
 1.98485  0.42825  0.00263
 1.98485  0.42825  0.00009
 5.58793  0.37016  0.00002
 5.58793  0.37016  0.00167
 5.58793  0.37016  0.00188
 5.44350  0.37984  0.00007
********  0.22493  0.00000
********  0.22493  0.00002
********  0.22493  0.00003
********  0.22493  0.00000
 1.91515  0.91235  0.00002
 1.91515  0.91235  0.00150
 1.91515  0.91235  0.00173
 1.91515  0.91235  0.00006
 5.29907  0.75743  0.00001
 5.29907  0.75743  0.00107
 5.29907  0.75743  0.00123
 5.29907  0.75743  0.00004
********  0.29270  0.00000
********  0.29270  0.00001
********  0.29270  0.00002
********  0.29270  0.00000
 5.20279  1.21790  0.00001
 5.20279  1.21790  0.00094
 5.20279  1.21790  0.00110
 5.20279  1.21790  0.00004
********  0.38924  0.00000
********  0.38924  0.00001
********  0.38924  0.00002
********  0.38924  0.00000
 4.72135  3.51564  0.00001
 4.72135  3.51564  0.00068
 4.62507  3.51564  0.00080
 4.62507  3.51564  0.00003
********  0.82549  0.00000
********  0.82549  0.00001
********  0.82549  0.00001
********  0.82549  0.00000
92.50647 68.45346  0.00000
92.50647 68.45346  0.00000
92.50647 68.45346  0.00000
92.50647 68.45346  0.00000
 2.01075  0.45415  0.00000
 2.01075  0.45415  0.00066
 2.01075  0.45415  0.00203
 2.01075  0.45415  0.00013
 5.51755  0.39606  0.00000
 5.51755  0.39606  0.00047
 5.51755  0.39606  0.00144
 5.42126  0.39606  0.00009
********  0.25083  0.00000
********  0.25083  0.00001
********  0.25083  0.00002
********  0.25083  0.00000
 1.91782  0.93825  0.00000
 1.91782  0.93825  0.00043
 1.91782  0.93825  0.00134
 1.91782  0.93825  0.00008
 5.37312  0.80270  0.00000
 5.37312  0.80270  0.00031
 5.37312  0.80270  0.00095
 5.37312  0.78333  0.00006
********  0.31860  0.00000
********  0.31860  0.00000
********  0.31860  0.00001
********  0.31860  0.00000
 5.32497  1.21617  0.00000
 5.32497  1.21617  0.00027
 5.32497  1.21617  0.00086
 5.32497  1.18855  0.00005
********  0.41514  0.00000
********  0.41514  0.00000
********  0.41514  0.00001
********  0.41514  0.00000
 4.65097  3.42707  0.00000
 4.65097  3.42707  0.00019
 4.65097  3.42707  0.00062
 4.65097  3.42707  0.00004
********  0.85139  0.00000
********  0.85139  0.00000
********  0.85139  0.00001
********  0.85139  0.00000
92.53237 68.47936  0.00000
92.53237 68.47936  0.00000
92.53237 68.47936  0.00000
92.53237 68.47936  0.00000
 1.99361  0.48347  0.00000
 1.99361  0.48347  0.00010
 1.99361  0.48347  0.00036
 1.99361  0.48347  0.00003
 5.35430  0.42538  0.00000
 5.35430  0.42538  0.00007
 5.35430  0.42538  0.00025
 5.35430  0.42538  0.00002
********  0.28015  0.00000
********  0.28015  0.00000
********  0.28015  0.00000
********  0.28015  0.00000
 5.30615  0.81266  0.00000
 5.30615  0.81266  0.00005
 5.30615  0.81266  0.00016
 5.25801  0.81266  0.00001
********  0.34793  0.00000
********  0.34793  0.00000
********  0.34793  0.00000
********  0.34793  0.00000
 5.16172  1.24550  0.00000
 5.16172  1.24550  0.00004
 5.16172  1.24550  0.00014
 5.16172  1.21788  0.00001
********  0.44446  0.00000
********  0.44446  0.00000
********  0.44446  0.00000
********  0.44446  0.00000
 4.58400  3.45639  0.00000
 4.58400  3.45639  0.00003
 4.58400  3.45639  0.00010
 4.58400  3.45639  0.00001
********  0.88072  0.00000
********  0.88072  0.00000
********  0.88072  0.00000
********  0.88072  0.00000
92.56170 68.50868  0.00000
92.56170 68.50868  0.00000
92.56170 68.50868  0.00000
92.56170 68.50868  0.00000
 2.00357  0.50699  0.00023
 2.00357  0.50699  0.00070
 2.00357  0.50699  0.00008
 5.58007  0.45858  0.00016
 5.58007  0.45858  0.00049
 5.58007  0.45858  0.00006
********  0.31335  0.00000
********  0.31335  0.00001
********  0.31335  0.00000
 5.38750  0.82650  0.00010
 5.38750  0.82650  0.00031
 5.38750  0.82650  0.00004
********  0.38113  0.00000
********  0.38113  0.00000
********  0.38113  0.00000
 5.19492  1.27870  0.00009
 5.19492  1.27870  0.00027
 5.19492  1.27870  0.00003
********  0.47766  0.00000
********  0.47766  0.00000
********  0.47766  0.00000
 4.66535  3.43236  0.00006
 4.61720  3.43236  0.00019
 4.61720  3.43236  0.00002
********  0.91392  0.00000
********  0.91392  0.00000
********  0.91392  0.00000
91.46916 68.54188  0.00000
91.46916 68.54188  0.00000
91.46916 68.54188  0.00000
 5.27508  0.52905  0.00000
 5.27508  0.52905  0.00043
 5.27508  0.52905  0.00221
 5.27508  0.52905  0.00054
********  0.39351  0.00000
********  0.39351  0.00001
********  0.39351  0.00003
********  0.39351  0.00001
 5.22693  0.90665  0.00000
 5.17879  0.90665  0.00028
 5.17879  0.90665  0.00147
 5.17879  0.90665  0.00036
********  0.46128  0.00000
********  0.46128  0.00000
********  0.46128  0.00002
********  0.46128  0.00001
 5.08250  1.33123  0.00000
 5.08250  1.33123  0.00025
 5.08250  1.33123  0.00130
 5.08250  1.30361  0.00031
********  0.55781  0.00000
********  0.55781  0.00000
********  0.55781  0.00002
********  0.55781  0.00000
 4.50478  3.45527  0.00000
 4.50478  3.45527  0.00018
 4.45664  3.45527  0.00093
 4.45664  3.45527  0.00022
********  0.99407  0.00000
********  0.99407  0.00000
********  0.99407  0.00001
********  0.99407  0.00000
91.54931 68.62204  0.00000
91.54931 68.62204  0.00000
91.54931 68.62204  0.00000
91.54931 68.62204  0.00000
 5.27512  0.58692  0.00006
 5.27512  0.58692  0.00080
 5.22698  0.58692  0.00053
********  0.44169  0.00000
********  0.44169  0.00001
********  0.44169  0.00001
 5.22698  0.93547  0.00004
 5.22698  0.93547  0.00054
 5.22698  0.93547  0.00036
********  0.50947  0.00000
********  0.50947  0.00001
********  0.50947  0.00001
 5.08255  1.37942  0.00004
 5.08255  1.37942  0.00049
 5.08255  1.37942  0.00032
********  0.60600  0.00000
********  0.60600  0.00001
********  0.60600  0.00000
 4.55297  3.50346  0.00003
 4.55297  3.50346  0.00035
 4.55297  3.50346  0.00023
********  1.04226  0.00000
********  1.04226  0.00001
********  1.04226  0.00000
91.59750 68.67022  0.00000
91.59750 68.67022  0.00000
91.59750 68.67022  0.00000
 5.32968  0.64148  0.00002
 5.32968  0.64148  0.00046
 5.18525  0.63180  0.00057
********  0.49625  0.00000
********  0.49625  0.00001
********  0.49625  0.00001
 5.18525  1.00940  0.00001
 5.18525  1.00940  0.00030
 5.13711  1.00940  0.00037
********  0.56403  0.00000
********  0.56403  0.00000
********  0.56403  0.00001
 5.08896  1.46160  0.00001
 5.08896  1.46160  0.00027
 5.08896  1.46160  0.00032
********  0.66056  0.00000
********  0.66056  0.00000
********  0.66056  0.00000
 4.55939  3.50078  0.00001
 4.41496  3.50078  0.00019
 4.41496  3.50078  0.00023
********  1.09682  0.00000
********  1.09682  0.00000
********  1.09682  0.00000
91.65206 68.72478  0.00000
91.65206 68.72478  0.00000
91.65206 68.72478  0.00000
 5.19888  0.69357  0.00002
 5.19888  0.69357  0.00058
 5.15074  0.69357  0.00088
********  0.55803  0.00000
********  0.55803  0.00001
********  0.55803  0.00001
 5.15074  1.07117  0.00001
 5.15074  1.07117  0.00038
 5.15074  1.07117  0.00058
********  0.62580  0.00000
********  0.62580  0.00001
********  0.62580  0.00001
 4.95816  1.49575  0.00001
 4.95816  1.49575  0.00034
 4.95816  1.46813  0.00051
********  0.72233  0.00000
********  0.72233  0.00000
********  0.72233  0.00001
 4.47673  3.44808  0.00001
 4.47673  3.44808  0.00024
 4.47673  3.44808  0.00037
********  1.15859  0.00000
********  1.15859  0.00000
********  1.15859  0.00001
90.58809 68.78656  0.00000
90.58809 68.78656  0.00000
90.58809 68.78656  0.00000
 5.12439  0.77320  0.00000
 5.12439  0.77320  0.00019
 5.12439  0.76351  0.00110
********  0.62797  0.00000
********  0.62797  0.00000
********  0.62797  0.00002
 4.93182  1.12175  0.00000
 4.93182  1.12175  0.00013
 4.93182  1.12175  0.00072
********  0.69574  0.00000
********  0.69574  0.00000
********  0.69574  0.00001
 4.93182  1.53807  0.00000
 4.93182  1.53807  0.00011
 4.88368  1.53807  0.00063
********  0.79228  0.00000
********  0.79228  0.00000
********  0.79228  0.00001
 4.45039  3.57526  0.00000
 4.45039  3.57526  0.00008
 4.45039  3.57526  0.00045
********  1.22853  0.00000
********  1.22853  0.00000
********  1.22853  0.00001
90.65804 67.51812  0.00000
90.65804 67.51812  0.00000
90.65804 67.51812  0.00000
 1.97918  0.86207  0.00001
 1.97918  0.86207  0.00010
 5.10729  0.83302  0.00000
 5.05915  0.83302  0.00007
********  0.70716  0.00000
********  0.70716  0.00000
 2.02564  1.25903  0.00000
 2.02564  1.25903  0.00006
 4.91472  1.18157  0.00000
 4.91472  1.18157  0.00005
********  0.77493  0.00000
********  0.77493  0.00000
 4.77029  1.56201  0.00000
 4.77029  1.56201  0.00004
********  0.87146  0.00000
********  0.87146  0.00000
 4.24072  3.59721  0.00000
 4.24072  3.59721  0.00003
********  1.30772  0.00000
********  1.30772  0.00000
90.73722 67.59730  0.00000
90.73722 67.59730  0.00000
 2.02237  0.94204  0.00001
 2.02237  0.94204  0.00016
 4.90809  0.92268  0.00001
 4.85995  0.92268  0.00012
********  0.79682  0.00000
********  0.79682  0.00000
 1.99914  1.32932  0.00001
 1.99914  1.32932  0.00011
 4.90809  1.27123  0.00000
 4.90809  1.27123  0.00008
********  0.86459  0.00000
********  0.86459  0.00000
 4.71552  1.65167  0.00000
 4.71552  1.65167  0.00007
********  0.96112  0.00000
********  0.96112  0.00000
 4.37852  3.51516  0.00000
 4.37852  3.51516  0.00005
********  1.39738  0.00000
********  1.39738  0.00000
90.82688 67.68696  0.00000
90.82688 67.68696  0.00000
 4.81703  1.02419  0.00001
 4.81703  1.02419  0.00033
********  0.89833  0.00000
********  0.89833  0.00000
 4.62446  1.35338  0.00001
 4.62446  1.35338  0.00021
********  0.96610  0.00000
********  0.96610  0.00000
 4.72075  1.75319  0.00001
 4.72075  1.75319  0.00019
********  1.06264  0.00000
********  1.06264  0.00000
********  1.49889  0.00000
********  1.49889  0.00000
89.80266 67.78848  0.00000
89.80266 67.78848  0.00000
 4.83568  1.13913  0.00001
********  1.01327  0.00000
 4.64311  1.46832  0.00001
********  1.08104  0.00000
 4.69125  1.81288  0.00000
********  1.17757  0.00000
********  1.61383  0.00000
89.91759 67.90341  0.00000
********  1.45756  0.00000
********  1.52533  0.00000
********  1.62186  0.00000
********  2.05812  0.00000
89.23615 67.00932  0.00000
********  1.64643  0.00000
********  1.64643  0.00000
********  1.71421  0.00000
********  1.71421  0.00000
********  1.81074  0.00000
********  1.81074  0.00000
********  2.24700  0.00000
********  2.24700  0.00000
88.29928 67.19820  0.00000
88.29928 67.19820  0.00000
********  1.86028  0.00000
********  1.86028  0.00000
********  1.86028  0.00000
********  1.92805  0.00000
********  1.92805  0.00000
********  1.92805  0.00000
********  2.02459  0.00000
********  2.02459  0.00000
********  2.02459  0.00000
********  2.46084  0.00000
********  2.46084  0.00000
********  2.46084  0.00000
87.38739 67.41204  0.00000
87.38739 67.41204  0.00000
87.38739 67.41204  0.00000
********  2.10240  0.00000
********  2.10240  0.00000
********  2.17018  0.00000
********  2.17018  0.00000
********  2.26671  0.00000
********  2.26671  0.00000
********  2.70297  0.00000
********  2.70297  0.00000
87.62952 66.31578  0.00000
87.62952 66.31578  0.00000
********  2.37654  0.00000
********  2.44431  0.00000
********  2.51323  0.00000
********  2.97711  0.00000
85.65218 66.58992  0.00000
********  2.68693  0.00000
********  2.68693  0.00000
********  2.68693  0.00000
********  2.75470  0.00000
********  2.75470  0.00000
********  2.75470  0.00000
********  2.82361  0.00000
********  2.82361  0.00000
********  2.82361  0.00000
********  3.28749  0.00000
********  3.28749  0.00000
********  3.28749  0.00000
85.96256 65.56192  0.00000
85.96256 65.56192  0.00000
85.96256 65.56192  0.00000
********  3.03835  0.00000
********  3.10612  0.00000
********  3.20265  0.00000
********  3.63891  0.00000
84.06250 65.91334  0.00000
********  3.43623  0.00000
********  3.50400  0.00000
********  3.57292  0.00000
********  3.97956  0.00000
83.33465 64.97284  0.00000
********  3.88673  0.00000
********  3.88673  0.00000
********  3.88673  0.00000
********  3.95450  0.00000
********  3.95450  0.00000
********  3.95450  0.00000
********  4.02341  0.00000
********  4.02341  0.00000
********  4.02341  0.00000
********  4.43005  0.00000
********  4.43005  0.00000
********  4.43005  0.00000
81.53367 64.08496  0.00000
81.53367 64.08496  0.00000
81.53367 64.08496  0.00000
 5.81204  4.45488  0.00000
********  4.39678  0.00000
 5.81204  4.63883  0.00000
********  4.46456  0.00000
 5.81204  4.86493  0.00000
********  4.53347  0.00000
********  4.94011  0.00000
********  4.97428  0.00047
********  5.04206  0.00031
********  5.11097  0.00028
********  5.51761  0.00020
********  5.62814  0.00000
********  5.69591  0.00000
********  5.76482  0.00000
********  6.17146  0.00000
********  6.36844  0.00040
********  6.43622  0.00027
********  6.50513  0.00024
********  6.91177  0.00017
 0.57556  0.45653  0.00006
 0.57556  0.45653  0.00600
 0.57556  0.45653  0.00853
 0.57556  0.45653  0.00102
 0.57556  0.45653  0.00000
 1.41422  0.32751  0.00004
 1.41422  0.32751  0.00404
 1.41422  0.32751  0.00577
 1.41422  0.32751  0.00069
 1.41422  0.32751  0.00000
 2.15809  0.27789  0.00003
 2.15809  0.27789  0.00347
 2.15809  0.27789  0.00500
 2.15809  0.27789  0.00060
 2.15809  0.27789  0.00000
 5.93015  0.20842  0.00002
 5.93015  0.20842  0.00238
 5.93015  0.20842  0.00345
 5.93015  0.19849  0.00041
 5.93015  0.19849  0.00000
********  0.02977  0.00000
********  0.02977  0.00004
********  0.02977  0.00005
********  0.02977  0.00001
********  0.02977  0.00000
 1.18400  0.93292  0.00002
 1.18400  0.93292  0.00273
 1.18400  0.93292  0.00389
 1.18400  0.93292  0.00046
 1.18400  0.93292  0.00000
 2.04080  0.83367  0.00002
 2.04080  0.83367  0.00234
 2.04080  0.83367  0.00338
 2.04080  0.83367  0.00040
 2.04080  0.83367  0.00000
 5.68711  0.63518  0.00001
 5.68711  0.63518  0.00161
 5.68711  0.63518  0.00233
 5.68711  0.63518  0.00028
 5.63851  0.63518  0.00000
********  0.09925  0.00000
********  0.09925  0.00002
********  0.09925  0.00003
********  0.09925  0.00000
********  0.09925  0.00000
 1.90006  1.44403  0.00002
 1.90006  1.44403  0.00203
 1.90006  1.44403  0.00292
 1.87660  1.44403  0.00035
 1.87660  1.44403  0.00000
 5.54129  1.13258  0.00001
 5.44407  1.10426  0.00139
 5.44407  1.10426  0.00201
 5.54129  1.13258  0.00024
 5.44407  1.16089  0.00000
********  0.19820  0.00000
********  0.19820  0.00002
********  0.19820  0.00003
********  0.19820  0.00000
********  0.19820  0.00000
 4.95800  3.57900  0.00001
 4.95800  3.57900  0.00096
 4.95800  3.57900  0.00139
 4.86078  3.40298  0.00016
 4.86078  3.40298  0.00000
********  0.70406  0.00000
********  0.70406  0.00001
********  0.70406  0.00002
********  0.70406  0.00000
********  0.70406  0.00000
94.33784 71.34057  0.00000
94.33784 71.34057  0.00000
94.33784 71.34057  0.00000
94.33784 71.34057  0.00000
94.33784 71.34057  0.00000
 0.57586  0.45684  0.00001
 0.57586  0.45684  0.00262
 0.57586  0.45684  0.00535
 0.57586  0.45684  0.00136
 0.57586  0.45684  0.00001
 1.41453  0.32782  0.00001
 1.41453  0.32782  0.00179
 1.41453  0.32782  0.00363
 1.41453  0.32782  0.00093
 1.41453  0.32782  0.00000
 2.15840  0.27820  0.00001
 2.15840  0.27820  0.00158
 2.15840  0.27820  0.00317
 2.15840  0.27820  0.00081
 2.15840  0.27820  0.00000
 5.93046  0.20872  0.00000
 5.93046  0.20872  0.00110
 5.93046  0.20872  0.00220
 5.93046  0.19880  0.00056
 5.93046  0.19880  0.00000
********  0.03008  0.00000
********  0.03008  0.00002
********  0.03008  0.00003
********  0.03008  0.00001
********  0.03008  0.00000
 1.18431  0.93322  0.00000
 1.18431  0.93322  0.00122
 1.18431  0.93322  0.00246
 1.18431  0.93322  0.00063
 1.18431  0.93322  0.00000
 2.04111  0.83398  0.00000
 2.04111  0.83398  0.00108
 2.04111  0.83398  0.00215
 2.04111  0.83398  0.00055
 2.04111  0.83398  0.00000
 5.68742  0.63548  0.00000
 5.68742  0.63548  0.00075
 5.68742  0.63548  0.00149
 5.68742  0.63548  0.00038
 5.63881  0.63548  0.00000
********  0.09955  0.00000
********  0.09955  0.00001
********  0.09955  0.00002
********  0.09955  0.00001
********  0.09955  0.00000
 1.90036  1.44434  0.00000
 1.90036  1.44434  0.00100
 1.90036  1.44434  0.00196
 1.87691  1.44434  0.00049
 1.87691  1.44434  0.00000
 5.54160  1.13288  0.00000
 5.44438  1.10457  0.00069
 5.44438  1.10457  0.00136
 5.54160  1.13288  0.00034
 5.44438  1.16120  0.00000
********  0.19851  0.00000
********  0.19851  0.00001
********  0.19851  0.00002
********  0.19851  0.00000
********  0.19851  0.00000
 4.95830  3.57930  0.00000
 4.95830  3.57930  0.00051
 4.95830  3.57930  0.00099
 4.86109  3.40329  0.00024
 4.86109  3.40329  0.00000
********  0.70437  0.00000
********  0.70437  0.00001
********  0.70437  0.00001
********  0.70437  0.00000
********  0.70437  0.00000
94.33815 71.34087  0.00000
94.33815 71.34087  0.00000
94.33815 71.34087  0.00000
94.33815 71.34087  0.00000
94.33815 71.34087  0.00000
 0.57595  0.45693  0.00019
 0.57595  0.45693  0.00255
 0.57595  0.45693  0.00021
 1.41462  0.32791  0.00013
 1.41462  0.32791  0.00178
 1.41462  0.32791  0.00014
 2.15848  0.27828  0.00012
 2.15848  0.27828  0.00161
 2.15848  0.27828  0.00013
 5.93055  0.20881  0.00008
 5.93055  0.20881  0.00114
 5.93055  0.19889  0.00009
********  0.03017  0.00000
********  0.03017  0.00002
********  0.03017  0.00000
 1.18439  0.93331  0.00009
 1.18439  0.93331  0.00122
 1.18439  0.93331  0.00010
 2.04120  0.83406  0.00008
 2.04120  0.83406  0.00111
 2.04120  0.83406  0.00009
 5.68751  0.63557  0.00006
 5.68751  0.63557  0.00078
 5.68751  0.63557  0.00006
********  0.09964  0.00000
********  0.09964  0.00001
********  0.09964  0.00000
 1.90045  1.44443  0.00007
 1.87699  1.44443  0.00101
 1.87699  1.44443  0.00008
 5.44447  1.10465  0.00005
 5.44447  1.10465  0.00071
 5.54168  1.13297  0.00005
********  0.19859  0.00000
********  0.19859  0.00001
********  0.19859  0.00000
 4.95839  3.57939  0.00004
 4.95839  3.57939  0.00051
 4.86117  3.40337  0.00004
********  0.70446  0.00000
********  0.70446  0.00001
********  0.70446  0.00000
94.33823 71.34096  0.00000
94.33823 71.34096  0.00000
94.33823 71.34096  0.00000
 0.57606  0.45704  0.00000
 0.57606  0.45704  0.00007
 0.57606  0.45704  0.00001
 1.41473  0.32802  0.00000
 1.41473  0.32802  0.00005
 1.41473  0.32802  0.00001
 2.15860  0.27839  0.00000
 2.15860  0.27839  0.00004
 2.15860  0.27839  0.00001
 5.93066  0.20892  0.00000
 5.93066  0.20892  0.00003
 5.93066  0.20892  0.00001
********  0.03028  0.00000
********  0.03028  0.00000
********  0.03028  0.00000
 1.18450  0.93342  0.00000
 1.18450  0.93342  0.00003
 1.18450  0.93342  0.00001
 2.04131  0.83417  0.00000
 2.04131  0.83417  0.00003
 2.04131  0.83417  0.00001
 5.68762  0.63568  0.00000
 5.68762  0.63568  0.00002
 5.68762  0.63568  0.00000
********  0.09975  0.00000
********  0.09975  0.00000
********  0.09975  0.00000
 1.90056  1.44454  0.00000
 1.87711  1.44454  0.00003
 1.87711  1.44454  0.00001
 5.54180  1.13308  0.00000
 5.44458  1.10477  0.00002
 5.44458  1.10477  0.00000
********  0.19871  0.00000
********  0.19871  0.00000
********  0.19871  0.00000
 4.95850  3.57950  0.00000
 4.95850  3.57950  0.00001
 4.95850  3.57950  0.00000
********  0.70457  0.00000
********  0.70457  0.00000
********  0.70457  0.00000
94.33834 71.34107  0.00000
94.33834 71.34107  0.00000
94.33834 71.34107  0.00000
 0.57629  0.45727  0.00000
 0.57629  0.45727  0.00011
 0.57629  0.45727  0.00063
 0.57629  0.45727  0.00000
 1.41495  0.32825  0.00000
 1.41495  0.32825  0.00008
 1.41495  0.32825  0.00044
 1.41495  0.32825  0.00000
 2.15882  0.27862  0.00000
 2.15882  0.27862  0.00007
 2.15882  0.27862  0.00040
 2.15882  0.27862  0.00000
 5.93089  0.20915  0.00000
 5.93089  0.19923  0.00005
 5.93089  0.19923  0.00028
 5.93089  0.19923  0.00000
********  0.03051  0.00000
********  0.03051  0.00000
********  0.03051  0.00000
********  0.03051  0.00000
 1.18473  0.93365  0.00000
 1.18473  0.93365  0.00005
 1.18473  0.93365  0.00030
 1.18473  0.93365  0.00000
 2.04154  0.83440  0.00000
 2.04154  0.83440  0.00005
 2.04154  0.83440  0.00027
 2.04154  0.83440  0.00000
 5.68785  0.63591  0.00000
 5.68785  0.63591  0.00003
 5.68785  0.63591  0.00019
 5.68785  0.63591  0.00000
********  0.09998  0.00000
********  0.09998  0.00000
********  0.09998  0.00000
********  0.09998  0.00000
 1.87733  1.44477  0.00000
 1.87733  1.44477  0.00004
 1.87733  1.44477  0.00024
 1.87733  1.44477  0.00000
 5.54202  1.13331  0.00000
 5.44481  1.10499  0.00003
 5.39620  1.10499  0.00017
 5.54202  1.13331  0.00000
********  0.19893  0.00000
********  0.19893  0.00000
********  0.19893  0.00000
********  0.19893  0.00000
 4.95873  3.57973  0.00000
 4.95873  3.57973  0.00002
 4.95873  3.57973  0.00012
 4.86151  3.40371  0.00000
********  0.70480  0.00000
********  0.70480  0.00000
********  0.70480  0.00000
********  0.70480  0.00000
94.33857 71.34130  0.00000
94.33857 71.34130  0.00000
94.33857 71.34130  0.00000
94.33857 71.34130  0.00000
 0.57150  0.46070  0.00001
 0.57150  0.46070  0.00000
 1.40195  0.33168  0.00001
 1.40195  0.33168  0.00000
 2.16226  0.27214  0.00001
 2.16226  0.27214  0.00000
 5.93432  0.20266  0.00000
 5.88571  0.20266  0.00000
********  0.03394  0.00000
********  0.03394  0.00000
 1.18817  0.93709  0.00000
 1.17172  0.93709  0.00000
 2.02152  0.83784  0.00000
 2.02152  0.83784  0.00000
 5.69128  0.63935  0.00000
 5.64268  0.63935  0.00000
********  0.10342  0.00000
********  0.10342  0.00000
 1.88077  1.44820  0.00000
 1.88077  1.44820  0.00000
 5.54546  1.13675  0.00000
 5.44824  1.13675  0.00000
********  0.20237  0.00000
********  0.20237  0.00000
 4.86495  3.40715  0.00000
 4.86495  3.40715  0.00000
********  0.70824  0.00000
********  0.70824  0.00000
94.34201 71.34474  0.00000
94.34201 71.34474  0.00000
 0.57268  0.46188  0.00000
 0.57268  0.46188  0.00009
 0.57268  0.46188  0.00005
 0.57268  0.46188  0.00005
 1.40312  0.33286  0.00000
 1.40312  0.33286  0.00006
 1.40312  0.33286  0.00004
 1.40312  0.33286  0.00004
 2.16344  0.27331  0.00000
 2.16344  0.27331  0.00006
 2.16344  0.27331  0.00003
 2.16344  0.27331  0.00003
 5.93550  0.20384  0.00000
 5.93550  0.20384  0.00004
 5.93550  0.20384  0.00002
 5.93550  0.20384  0.00002
********  0.03512  0.00000
********  0.03512  0.00000
********  0.03512  0.00000
********  0.03512  0.00000
 1.17290  0.93826  0.00000
 1.17290  0.93826  0.00004
 1.17290  0.93826  0.00002
 1.17290  0.93826  0.00003
 2.02269  0.83901  0.00000
 2.02269  0.83901  0.00004
 2.02269  0.83901  0.00002
 2.02269  0.83901  0.00002
 5.69246  0.64052  0.00000
 5.69246  0.64052  0.00003
 5.64385  0.64052  0.00002
 5.64385  0.64052  0.00002
********  0.10459  0.00000
********  0.10459  0.00000
********  0.10459  0.00000
********  0.10459  0.00000
 1.88195  1.44938  0.00000
 1.88195  1.44938  0.00004
 1.88195  1.44938  0.00002
 1.88195  1.44938  0.00002
 5.54664  1.13792  0.00000
 5.54664  1.13792  0.00003
 5.54664  1.13792  0.00001
 5.54664  1.13792  0.00001
********  0.20355  0.00000
********  0.20355  0.00000
********  0.20355  0.00000
********  0.20355  0.00000
 4.96334  3.52567  0.00000
 4.96334  3.52567  0.00002
 4.96334  3.52567  0.00001
 4.86613  3.40833  0.00001
********  0.70941  0.00000
********  0.70941  0.00000
********  0.70941  0.00000
********  0.70941  0.00000
94.34318 71.34591  0.00000
94.34318 71.34591  0.00000
94.34318 71.34591  0.00000
94.34318 71.34591  0.00000
 0.57339  0.46259  0.00013
 0.57339  0.46259  0.00115
 0.57339  0.46259  0.00037
 1.40383  0.33357  0.00009
 1.40383  0.33357  0.00080
 1.40383  0.33357  0.00026
 2.16414  0.27402  0.00008
 2.16414  0.27402  0.00073
 2.16414  0.27402  0.00023
 5.93621  0.20455  0.00006
 5.93621  0.20455  0.00051
 5.93621  0.20455  0.00017
********  0.03583  0.00000
********  0.03583  0.00001
********  0.03583  0.00000
 1.17361  0.93897  0.00006
 1.17361  0.93897  0.00055
 1.17361  0.93897  0.00018
 2.02340  0.83972  0.00006
 2.02340  0.83972  0.00050
 2.02340  0.83972  0.00016
 5.69317  0.64123  0.00004
 5.64456  0.64123  0.00035
 5.64456  0.64123  0.00011
********  0.10530  0.00000
********  0.10530  0.00000
********  0.10530  0.00000
 1.88265  1.45009  0.00005
 1.88265  1.45009  0.00046
 1.88265  1.45009  0.00015
 5.54734  1.13863  0.00004
 5.40152  1.11031  0.00033
 5.45013  1.16694  0.00010
********  0.20425  0.00000
********  0.20425  0.00000
********  0.20425  0.00000
 4.96405  3.52638  0.00003
 4.96405  3.52638  0.00024
 4.86683  3.40903  0.00007
********  0.71012  0.00000
********  0.71012  0.00000
********  0.71012  0.00000
94.34389 71.34662  0.00000
94.34389 71.34662  0.00000
94.34389 71.34662  0.00000
 1.34999  0.35202  0.00000
 1.34999  0.35202  0.00011
 1.34999  0.35202  0.00055
 1.34999  0.35202  0.00028
 1.34999  0.35202  0.00000
 2.19252  0.31232  0.00000
 2.19252  0.31232  0.00010
 2.19252  0.31232  0.00048
 2.19252  0.31232  0.00025
 2.16907  0.30240  0.00000
 5.81876  0.23293  0.00000
 5.81876  0.23293  0.00007
 5.81876  0.23293  0.00034
 5.81876  0.23293  0.00017
 5.77015  0.23293  0.00000
********  0.06421  0.00000
********  0.06421  0.00000
********  0.06421  0.00000
********  0.06421  0.00000
********  0.06421  0.00000
 1.15265  0.92765  0.00000
 1.15265  0.92765  0.00008
 1.15265  0.92765  0.00038
 1.15265  0.92765  0.00019
 1.15265  0.92765  0.00000
 2.02832  0.84825  0.00000
 2.02832  0.84825  0.00007
 2.02832  0.84825  0.00034
 2.02832  0.84825  0.00017
 2.02832  0.84825  0.00000
 5.57572  0.64976  0.00000
 5.57572  0.64976  0.00005
 5.57572  0.64976  0.00023
 5.57572  0.64976  0.00012
 5.57572  0.64976  0.00000
********  0.13368  0.00000
********  0.13368  0.00000
********  0.13368  0.00000
********  0.13368  0.00000
********  0.13368  0.00000
 1.84066  1.45015  0.00000
 1.84066  1.45015  0.00006
 1.84066  1.45015  0.00031
 1.84066  1.45015  0.00015
 1.84066  1.45015  0.00000
 5.47851  1.13869  0.00000
 5.47851  1.13869  0.00004
 5.47851  1.13869  0.00021
 5.47851  1.13869  0.00011
 5.38129  1.16701  0.00000
********  0.23263  0.00000
********  0.23263  0.00000
********  0.23263  0.00000
********  0.23263  0.00000
********  0.23263  0.00000
 4.89521  3.55476  0.00000
 4.89521  3.55476  0.00003
 4.89521  3.55476  0.00015
 4.89521  3.49608  0.00008
 4.89521  3.49608  0.00000
********  0.73850  0.00000
********  0.73850  0.00000
********  0.73850  0.00000
********  0.73850  0.00000
********  0.73850  0.00000
94.37227 71.37500  0.00000
94.37227 71.37500  0.00000
94.37227 71.37500  0.00000
94.37227 71.37500  0.00000
94.37227 71.37500  0.00000
 1.35454  0.35657  0.00002
 1.35454  0.35657  0.00023
 1.35454  0.35657  0.00005
 1.35454  0.35657  0.00000
 2.19708  0.30695  0.00002
 2.19708  0.30695  0.00020
 2.19708  0.30695  0.00005
 2.19708  0.30695  0.00000
 5.77471  0.23748  0.00001
 5.77471  0.23748  0.00014
 5.77471  0.23748  0.00003
 5.77471  0.23748  0.00000
********  0.06876  0.00000
********  0.06876  0.00000
********  0.06876  0.00000
********  0.06876  0.00000
 1.15721  0.93220  0.00001
 1.15721  0.93220  0.00016
 1.15721  0.93220  0.00004
 1.15721  0.93220  0.00000
 2.03287  0.87265  0.00001
 2.00942  0.85280  0.00014
 2.00942  0.85280  0.00003
 2.00942  0.85280  0.00000
 5.58028  0.65431  0.00001
 5.58028  0.65431  0.00009
 5.58028  0.65431  0.00002
 5.53167  0.65431  0.00000
********  0.13823  0.00000
********  0.13823  0.00000
********  0.13823  0.00000
********  0.13823  0.00000
 1.84521  1.42639  0.00001
 1.84521  1.42639  0.00012
 1.84521  1.42639  0.00003
 1.84521  1.42639  0.00000
 5.38584  1.17156  0.00001
 5.38584  1.17156  0.00008
 5.38584  1.17156  0.00002
 5.38584  1.14325  0.00000
********  0.23719  0.00000
********  0.23719  0.00000
********  0.23719  0.00000
********  0.23719  0.00000
 4.89977  3.55931  0.00001
 4.89977  3.55931  0.00006
 4.89977  3.50064  0.00001
 4.89977  3.50064  0.00000
********  0.74305  0.00000
********  0.74305  0.00000
********  0.74305  0.00000
********  0.74305  0.00000
94.37682 71.37955  0.00000
94.37682 71.37955  0.00000
94.37682 71.37955  0.00000
94.37682 71.37955  0.00000
 1.34325  0.35180  0.00000
 1.34325  0.35180  0.00045
 1.34325  0.35180  0.00147
 1.34325  0.35180  0.00036
 1.34325  0.35180  0.00000
 2.17877  0.31210  0.00000
 2.17877  0.31210  0.00042
 2.17877  0.31210  0.00138
 2.17877  0.31210  0.00033
 2.17877  0.31210  0.00000
 5.77986  0.24263  0.00000
 5.77986  0.24263  0.00031
 5.77986  0.24263  0.00102
 5.77986  0.24263  0.00024
 5.77986  0.24263  0.00000
********  0.07391  0.00000
********  0.07391  0.00000
********  0.07391  0.00001
********  0.07391  0.00000
********  0.07391  0.00000
 1.14592  0.93736  0.00000
 1.14592  0.93736  0.00030
 1.14592  0.93736  0.00098
 1.14592  0.93736  0.00024
 1.14592  0.93736  0.00000
 2.03803  0.85796  0.00000
 2.03803  0.85796  0.00028
 2.03803  0.85796  0.00092
 2.03803  0.85796  0.00022
 2.03803  0.85796  0.00000
 5.58543  0.65947  0.00000
 5.53682  0.65947  0.00021
 5.53682  0.65947  0.00068
 5.53682  0.65947  0.00016
 5.53682  0.65947  0.00000
********  0.14339  0.00000
********  0.14339  0.00000
********  0.14339  0.00001
********  0.14339  0.00000
********  0.14339  0.00000
 1.82691  1.43154  0.00000
 1.82691  1.43154  0.00024
 1.82691  1.43154  0.00079
 1.82691  1.43154  0.00020
 1.82691  1.43154  0.00000
 5.39100  1.17672  0.00000
 5.39100  1.17672  0.00018
 5.39100  1.17672  0.00059
 5.39100  1.17672  0.00014
 5.39100  1.14840  0.00000
********  0.24234  0.00000
********  0.24234  0.00000
********  0.24234  0.00001
********  0.24234  0.00000
********  0.24234  0.00000
 4.90492  3.50579  0.00000
 4.90492  3.50579  0.00012
 4.90492  3.50579  0.00040
 4.85631  3.50579  0.00010
 4.85631  3.50579  0.00000
********  0.74820  0.00000
********  0.74820  0.00000
********  0.74820  0.00001
********  0.74820  0.00000
********  0.74820  0.00000
94.38198 71.38471  0.00000
94.38198 71.38471  0.00000
94.38198 71.38471  0.00000
94.38198 71.38471  0.00000
94.38198 71.38471  0.00000
 1.33264  0.35764  0.00000
 1.33264  0.35764  0.00002
 1.33264  0.35764  0.00015
 1.33264  0.35764  0.00010
 1.33264  0.35764  0.00000
 2.16115  0.31794  0.00000
 2.16115  0.31794  0.00002
 2.16115  0.31794  0.00013
 2.16115  0.31794  0.00008
 2.16115  0.31794  0.00000
 5.78570  0.24847  0.00000
 5.78570  0.24847  0.00001
 5.78570  0.24847  0.00009
 5.78570  0.24847  0.00006
 5.73709  0.24847  0.00000
********  0.07975  0.00000
********  0.07975  0.00000
********  0.07975  0.00000
********  0.07975  0.00000
********  0.07975  0.00000
 1.15175  0.94319  0.00000
 1.15175  0.94319  0.00001
 1.15175  0.94319  0.00011
 1.15175  0.94319  0.00007
 1.15175  0.94319  0.00000
 2.02041  0.86380  0.00000
 2.02041  0.86380  0.00001
 2.02041  0.86380  0.00009
 2.02041  0.86380  0.00006
 2.02041  0.86380  0.00000
 5.54266  0.66530  0.00000
 5.54266  0.66530  0.00001
 5.54266  0.66530  0.00006
 5.54266  0.66530  0.00004
 5.49405  0.66530  0.00000
********  0.14922  0.00000
********  0.14922  0.00000
********  0.14922  0.00000
********  0.14922  0.00000
********  0.14922  0.00000
 1.83275  1.43738  0.00000
 1.83275  1.43738  0.00001
 1.83275  1.43738  0.00008
 1.83275  1.43738  0.00006
 1.83275  1.43738  0.00000
 5.39683  1.15424  0.00000
 5.39683  1.15424  0.00001
 5.39683  1.15424  0.00006
 5.39683  1.15424  0.00004
 5.39683  1.15424  0.00000
********  0.24818  0.00000
********  0.24818  0.00000
********  0.24818  0.00000
********  0.24818  0.00000
********  0.24818  0.00000
 4.91076  3.51163  0.00000
 4.91076  3.51163  0.00000
 4.91076  3.51163  0.00004
 4.86215  3.51163  0.00003
 4.86215  3.51163  0.00000
********  0.75404  0.00000
********  0.75404  0.00000
********  0.75404  0.00000
********  0.75404  0.00000
********  0.75404  0.00000
94.38782 71.39054  0.00000
94.38782 71.39054  0.00000
94.38782 71.39054  0.00000
94.38782 71.39054  0.00000
94.38782 71.39054  0.00000
 1.32281  0.36425  0.00000
 1.32281  0.36425  0.00002
 1.32281  0.36425  0.00022
 1.32281  0.36425  0.00011
 1.32281  0.36425  0.00000
 2.16776  0.32455  0.00000
 2.16776  0.32455  0.00002
 2.16776  0.32455  0.00020
 2.16776  0.32455  0.00010
 2.16776  0.32455  0.00000
 5.74370  0.25508  0.00000
 5.74370  0.25508  0.00002
 5.74370  0.25508  0.00014
 5.74370  0.25508  0.00007
 5.74370  0.25508  0.00000
********  0.08636  0.00000
********  0.08636  0.00000
********  0.08636  0.00000
********  0.08636  0.00000
********  0.08636  0.00000
 1.14192  0.94980  0.00000
 1.14192  0.94980  0.00002
 1.14192  0.94980  0.00015
 1.14192  0.94980  0.00007
 1.14192  0.92995  0.00000
 2.00356  0.87040  0.00000
 2.00356  0.87040  0.00001
 2.00356  0.87040  0.00013
 2.00356  0.87040  0.00006
 2.00356  0.87040  0.00000
 5.50066  0.67191  0.00000
 5.50066  0.67191  0.00001
 5.50066  0.67191  0.00010
 5.59787  0.69176  0.00005
 5.59787  0.69176  0.00000
********  0.15583  0.00000
********  0.15583  0.00000
********  0.15583  0.00000
********  0.15583  0.00000
********  0.15583  0.00000
 1.86281  1.47230  0.00000
 1.86281  1.47230  0.00001
 1.86281  1.47230  0.00012
 1.86281  1.47230  0.00006
 1.86281  1.47230  0.00000
 5.50066  1.16084  0.00000
 5.40344  1.16084  0.00001
 5.40344  1.16084  0.00009
 5.40344  1.16084  0.00004
 5.40344  1.16084  0.00000
********  0.25478  0.00000
********  0.25478  0.00000
********  0.25478  0.00000
********  0.25478  0.00000
********  0.25478  0.00000
 4.86876  3.51824  0.00000
 4.86876  3.51824  0.00001
 4.86876  3.51824  0.00006
 4.82015  3.51824  0.00003
 4.82015  3.51824  0.00000
********  0.76065  0.00000
********  0.76065  0.00000
********  0.76065  0.00000
********  0.76065  0.00000
********  0.76065  0.00000
94.39442 71.39715  0.00000
94.39442 71.39715  0.00000
94.39442 71.39715  0.00000
94.39442 71.39715  0.00000
94.39442 71.39715  0.00000
 1.31384  0.37173  0.00000
 1.31384  0.37173  0.00000
 2.15178  0.33203  0.00000
 2.15178  0.33203  0.00000
 5.75118  0.26256  0.00000
 5.70257  0.26256  0.00000
********  0.09384  0.00000
********  0.09384  0.00000
 1.14940  0.93743  0.00000
 1.14940  0.93743  0.00000
 1.98758  0.87788  0.00000
 1.98758  0.87788  0.00000
 5.60536  0.69924  0.00000
 5.60536  0.69924  0.00000
********  0.16331  0.00000
********  0.16331  0.00000
 1.87029  1.45147  0.00000
 1.87029  1.45147  0.00000
 5.50814  1.14001  0.00000
 5.36232  1.16833  0.00000
********  0.26227  0.00000
********  0.26227  0.00000
 4.82763  3.52572  0.00000
 4.82763  3.52572  0.00000
********  0.76813  0.00000
********  0.76813  0.00000
94.40190 71.40463  0.00000
94.40190 71.40463  0.00000
 1.29901  0.37987  0.00000
 1.29901  0.37987  0.00026
 1.29901  0.37987  0.00106
 1.29901  0.37987  0.00032
 1.28257  0.37987  0.00000
 2.16984  0.35009  0.00000
 2.16984  0.35009  0.00025
 2.16984  0.35009  0.00100
 2.16984  0.35009  0.00030
 2.14639  0.35009  0.00000
 5.67202  0.28062  0.00000
 5.67202  0.28062  0.00019
 5.67202  0.28062  0.00075
 5.67202  0.28062  0.00023
 5.62342  0.28062  0.00000
********  0.11190  0.00000
********  0.11190  0.00000
********  0.11190  0.00001
********  0.11190  0.00000
********  0.11190  0.00000
 2.00564  0.87610  0.00000
 2.00564  0.87610  0.00017
 2.00564  0.87610  0.00069
 2.00564  0.87610  0.00021
 2.00564  0.87610  0.00000
 5.52620  0.71730  0.00000
 5.52620  0.71730  0.00013
 5.52620  0.71730  0.00052
 5.42899  0.71730  0.00016
 5.42899  0.71730  0.00000
********  0.20122  0.00000
********  0.20122  0.00000
********  0.20122  0.00001
********  0.20122  0.00000
********  0.20122  0.00000
 1.86490  1.46953  0.00000
 1.86490  1.46953  0.00016
 1.86490  1.46953  0.00063
 1.86490  1.46953  0.00019
 1.86490  1.46953  0.00000
 5.42899  1.15807  0.00000
 5.42899  1.15807  0.00012
 5.42899  1.15807  0.00047
 5.42899  1.15807  0.00014
 5.42899  1.15807  0.00000
********  0.28033  0.00000
********  0.28033  0.00000
********  0.28033  0.00001
********  0.28033  0.00000
********  0.28033  0.00000
 4.94291  3.60245  0.00000
 4.94291  3.60245  0.00008
 4.94291  3.60245  0.00033
 4.94291  3.60245  0.00010
 4.94291  3.60245  0.00000
********  0.78619  0.00000
********  0.78619  0.00000
********  0.78619  0.00000
********  0.78619  0.00000
********  0.78619  0.00000
94.41997 71.42269  0.00000
94.41997 71.42269  0.00000
94.41997 71.42269  0.00000
94.41997 71.42269  0.00000
94.41997 71.42269  0.00000
 1.27698  0.38080  0.00000
 1.27698  0.38080  0.00022
 1.27698  0.38080  0.00216
 1.27698  0.38080  0.00136
 1.27698  0.38080  0.00003
 2.13379  0.36095  0.00000
 2.13379  0.36095  0.00020
 2.13379  0.36095  0.00196
 2.13379  0.36095  0.00123
 2.13379  0.35103  0.00003
 5.63428  0.29148  0.00000
 5.63428  0.29148  0.00015
 5.63428  0.29148  0.00141
 5.63428  0.29148  0.00088
 5.63428  0.28155  0.00002
********  0.12276  0.00000
********  0.12276  0.00000
********  0.12276  0.00002
********  0.12276  0.00001
********  0.12276  0.00000
 1.96959  0.88696  0.00000
 1.96959  0.88696  0.00014
 1.96959  0.88696  0.00132
 1.96959  0.88696  0.00083
 1.96959  0.88696  0.00002
 5.53706  0.70831  0.00000
 5.53706  0.70831  0.00010
 5.53706  0.70831  0.00095
 5.43984  0.72816  0.00059
 5.43984  0.72816  0.00001
********  0.21208  0.00000
********  0.21208  0.00000
********  0.21208  0.00001
********  0.21208  0.00001
********  0.21208  0.00000
 1.85230  1.48039  0.00000
 1.85230  1.48039  0.00012
 1.85230  1.48039  0.00117
 1.85230  1.48039  0.00074
 1.85230  1.48039  0.00002
 5.43984  1.16893  0.00000
 5.43984  1.16893  0.00009
 5.43984  1.16893  0.00084
 5.43984  1.16893  0.00053
 5.43984  1.14062  0.00001
********  0.29119  0.00000
********  0.29119  0.00000
********  0.29119  0.00001
********  0.29119  0.00001
********  0.29119  0.00000
 4.95377  3.61331  0.00000
 4.95377  3.61331  0.00006
 4.85655  3.61331  0.00060
 4.85655  3.61331  0.00038
 4.85655  3.61331  0.00001
********  0.73838  0.00000
********  0.73838  0.00000
********  0.73838  0.00001
********  0.73838  0.00001
********  0.73838  0.00000
94.43082 71.43355  0.00000
94.43082 71.43355  0.00000
94.43082 71.43355  0.00000
94.43082 71.43355  0.00000
94.43082 71.43355  0.00000
 1.27283  0.39309  0.00000
 1.27283  0.39309  0.00017
 1.27283  0.39309  0.00093
 1.25639  0.39309  0.00052
 1.25639  0.39309  0.00001
 2.14608  0.36332  0.00000
 2.14608  0.36332  0.00016
 2.14608  0.36332  0.00087
 2.12262  0.36332  0.00048
 2.12262  0.36332  0.00001
 5.74379  0.30377  0.00000
 5.59796  0.29385  0.00012
 5.59796  0.29385  0.00065
 5.74379  0.30377  0.00035
 5.64657  0.30377  0.00001
********  0.13505  0.00000
********  0.13505  0.00000
********  0.13505  0.00001
********  0.13505  0.00000
********  0.13505  0.00000
 1.95842  0.89925  0.00000
 1.95842  0.89925  0.00011
 1.95842  0.89925  0.00059
 1.95842  0.89925  0.00032
 1.95842  0.89925  0.00000
 5.45214  0.72061  0.00000
 5.45214  0.72061  0.00008
 5.45214  0.72061  0.00044
 5.45214  0.72061  0.00024
 5.45214  0.72061  0.00000
********  0.22438  0.00000
********  0.22438  0.00000
********  0.22438  0.00001
********  0.22438  0.00000
********  0.22438  0.00000
 1.84113  1.46437  0.00000
 1.84113  1.46437  0.00010
 1.84113  1.46437  0.00055
 1.84113  1.46437  0.00030
 1.84113  1.46437  0.00000
 5.35492  1.18123  0.00000
 5.35492  1.18123  0.00008
 5.50075  1.20954  0.00041
 5.35492  1.18123  0.00022
 5.35492  1.15291  0.00000
********  0.30348  0.00000
********  0.30348  0.00000
********  0.30348  0.00001
********  0.30348  0.00000
********  0.30348  0.00000
 4.86884  3.62560  0.00000
 4.86884  3.62560  0.00006
 4.86884  3.62560  0.00030
 4.86884  3.62560  0.00016
 4.86884  3.62560  0.00000
********  0.75067  0.00000
********  0.75067  0.00000
********  0.75067  0.00000
********  0.75067  0.00000
********  0.75067  0.00000
94.44312 71.44585  0.00000
94.44312 71.44585  0.00000
94.44312 71.44585  0.00000
94.44312 71.44585  0.00000
94.44312 71.44585  0.00000
 1.25387  0.39709  0.00000
 1.25387  0.39709  0.00003
 1.25387  0.39709  0.00056
 1.25387  0.39709  0.00044
 1.25387  0.39709  0.00001
 2.11309  0.37724  0.00000
 2.11309  0.37724  0.00002
 2.11309  0.37724  0.00051
 2.11309  0.37724  0.00041
 2.11309  0.37724  0.00001
 5.66049  0.31769  0.00000
 5.66049  0.31769  0.00002
 5.66049  0.31769  0.00037
 5.66049  0.31769  0.00030
 5.66049  0.31769  0.00001
********  0.14897  0.00000
********  0.14897  0.00000
********  0.14897  0.00001
********  0.14897  0.00000
********  0.14897  0.00000
 1.94888  0.89332  0.00000
 1.94888  0.89332  0.00002
 1.94888  0.89332  0.00035
 1.94888  0.89332  0.00028
 1.94888  0.89332  0.00001
 5.56327  0.71468  0.00000
 5.46606  0.73453  0.00001
 5.46606  0.73453  0.00025
 5.46606  0.73453  0.00020
 5.46606  0.73453  0.00001
********  0.23830  0.00000
********  0.23830  0.00000
********  0.23830  0.00000
********  0.23830  0.00000
********  0.23830  0.00000
 1.85505  1.47829  0.00000
 1.85505  1.47829  0.00001
 1.83160  1.47829  0.00031
 1.83160  1.47829  0.00024
 1.83160  1.47829  0.00001
 5.46606  1.22346  0.00000
 5.46606  1.22346  0.00001
 5.41745  1.22346  0.00022
 5.36884  1.16683  0.00018
 5.36884  1.16683  0.00000
********  0.31740  0.00000
********  0.31740  0.00000
********  0.31740  0.00000
********  0.31740  0.00000
********  0.31740  0.00000
 4.88276  3.63952  0.00000
 4.88276  3.63952  0.00001
 4.88276  3.63952  0.00016
 4.78555  3.63952  0.00012
 4.78555  3.63952  0.00000
********  0.76459  0.00000
********  0.76459  0.00000
********  0.76459  0.00000
********  0.76459  0.00000
********  0.76459  0.00000
94.45704 71.45977  0.00000
94.45704 71.45977  0.00000
94.45704 71.45977  0.00000
94.45704 71.45977  0.00000
94.45704 71.45977  0.00000
 1.25318  0.41285  0.00000
 1.25318  0.41285  0.00005
 1.25318  0.41285  0.00059
 1.25318  0.41285  0.00085
 1.25318  0.41285  0.00005
 2.10539  0.39300  0.00000
 2.10539  0.39300  0.00004
 2.10539  0.39300  0.00056
 2.10539  0.39300  0.00078
 2.10539  0.39300  0.00004
 5.57903  0.33345  0.00000
 5.57903  0.33345  0.00003
 5.57903  0.33345  0.00041
 5.57903  0.33345  0.00057
 5.57903  0.33345  0.00003
********  0.16473  0.00000
********  0.16473  0.00000
********  0.16473  0.00001
********  0.16473  0.00001
********  0.16473  0.00000
 1.98810  0.90908  0.00000
 1.91773  0.90908  0.00003
 1.91773  0.90908  0.00039
 1.91773  0.90908  0.00054
 1.91773  0.88923  0.00003
 5.57903  0.73044  0.00000
 5.57903  0.73044  0.00002
 5.57903  0.73044  0.00029
 5.57903  0.73044  0.00039
 5.57903  0.73044  0.00002
********  0.25406  0.00000
********  0.25406  0.00000
********  0.25406  0.00000
********  0.25406  0.00001
********  0.25406  0.00000
 5.67625  1.21091  0.00000
 5.67625  1.21091  0.00002
 5.67625  1.18259  0.00026
 5.43321  1.21091  0.00035
 5.28739  1.18259  0.00002
********  0.33316  0.00000
********  0.33316  0.00000
********  0.33316  0.00000
********  0.33316  0.00000
********  0.33316  0.00000
 4.80131  3.65528  0.00000
 4.80131  3.65528  0.00002
 4.80131  3.65528  0.00019
 4.80131  3.53794  0.00025
 4.80131  3.53794  0.00001
********  0.78035  0.00000
********  0.78035  0.00000
********  0.78035  0.00000
********  0.78035  0.00000
********  0.78035  0.00000
94.47280 71.47553  0.00000
94.47280 71.47553  0.00000
94.47280 71.47553  0.00000
94.47280 71.47553  0.00000
94.47280 71.47553  0.00000
 1.28747  0.44062  0.00000
 1.28747  0.44062  0.00003
 1.28747  0.44062  0.00077
 1.27103  0.43069  0.00061
 1.27103  0.43069  0.00002
 2.07632  0.40092  0.00000
 2.07632  0.40092  0.00003
 2.07632  0.40092  0.00070
 2.07632  0.40092  0.00056
 2.07632  0.40092  0.00002
 5.59688  0.34137  0.00000
 5.59688  0.34137  0.00002
 5.59688  0.34137  0.00051
 5.59688  0.34137  0.00041
 5.49966  0.35130  0.00001
********  0.18258  0.00000
********  0.18258  0.00000
********  0.18258  0.00001
********  0.18258  0.00001
********  0.18258  0.00000
 1.95903  0.92693  0.00000
 1.95903  0.92693  0.00002
 1.95903  0.92693  0.00048
 1.95903  0.92693  0.00038
 1.93557  0.92693  0.00001
 5.49966  0.74828  0.00000
 5.49966  0.74828  0.00001
 5.49966  0.74828  0.00035
 5.49966  0.74828  0.00028
 5.49966  0.74828  0.00001
********  0.27190  0.00000
********  0.27190  0.00000
********  0.27190  0.00000
********  0.27190  0.00000
********  0.27190  0.00000
 5.59688  1.22875  0.00000
 5.49966  1.20044  0.00001
 5.49966  1.20044  0.00031
 5.49966  1.20044  0.00024
 5.49966  1.20044  0.00001
********  0.35101  0.00000
********  0.35101  0.00000
********  0.35101  0.00000
********  0.35101  0.00000
********  0.35101  0.00000
 4.81915  3.55578  0.00000
 4.81915  3.55578  0.00001
 4.81915  3.55578  0.00021
 4.81915  3.55578  0.00017
 4.81915  3.55578  0.00000
********  0.79820  0.00000
********  0.79820  0.00000
********  0.79820  0.00000
********  0.79820  0.00000
********  0.79820  0.00000
94.49064 71.49337  0.00000
94.49064 71.49337  0.00000
94.49064 71.49337  0.00000
94.49064 71.49337  0.00000
94.49064 71.49337  0.00000
 1.27479  0.45090  0.00001
 1.27479  0.45090  0.00020
 1.27479  0.45090  0.00027
 1.27479  0.45090  0.00002
 2.04961  0.42112  0.00001
 2.04961  0.42112  0.00018
 2.04961  0.42112  0.00024
 2.04961  0.42112  0.00002
 5.71430  0.36158  0.00001
 5.71430  0.36158  0.00013
 5.71430  0.36158  0.00017
 5.51987  0.36158  0.00001
********  0.20278  0.00000
********  0.20278  0.00000
********  0.20278  0.00000
********  0.20278  0.00000
 1.95578  0.94713  0.00001
 1.95578  0.94713  0.00012
 1.95578  0.94713  0.00016
 1.95578  0.92728  0.00001
 5.56847  0.78834  0.00000
 5.56847  0.78834  0.00009
 5.42265  0.76849  0.00012
 5.42265  0.74864  0.00001
********  0.27225  0.00000
********  0.27225  0.00000
********  0.27225  0.00000
********  0.27225  0.00000
 5.51987  1.24895  0.00000
 5.51987  1.24895  0.00008
 5.51987  1.24895  0.00010
 5.27683  1.24895  0.00001
********  0.37121  0.00000
********  0.37121  0.00000
********  0.37121  0.00000
********  0.37121  0.00000
 4.74214  3.57599  0.00000
 4.74214  3.57599  0.00006
 4.74214  3.57599  0.00007
 4.74214  3.57599  0.00000
********  0.81840  0.00000
********  0.81840  0.00000
********  0.81840  0.00000
********  0.81840  0.00000
94.51085 71.51357  0.00000
94.51085 71.51357  0.00000
94.51085 71.51357  0.00000
94.51085 71.51357  0.00000
 2.02557  0.43407  0.00022
 2.02557  0.43407  0.00265
 2.02557  0.43407  0.00300
 2.02557  0.43407  0.00024
 5.63996  0.38445  0.00016
 5.63996  0.38445  0.00189
 5.63996  0.38445  0.00214
 5.54274  0.38445  0.00017
********  0.22566  0.00000
********  0.22566  0.00003
********  0.22566  0.00003
********  0.22566  0.00000
 1.97865  0.95015  0.00014
 1.93174  0.95015  0.00171
 1.93174  0.95015  0.00198
 1.93174  0.95015  0.00016
 5.73717  0.79136  0.00010
 5.73717  0.77151  0.00122
 5.49413  0.79136  0.00141
 5.34831  0.77151  0.00011
********  0.29513  0.00000
********  0.29513  0.00002
********  0.29513  0.00002
********  0.29513  0.00000
 5.44553  1.27183  0.00008
 5.44553  1.27183  0.00108
 5.44553  1.27183  0.00126
 5.44553  1.27183  0.00010
********  0.39408  0.00000
********  0.39408  0.00001
********  0.39408  0.00002
********  0.39408  0.00000
 4.81362  3.59886  0.00006
 4.66780  3.59886  0.00078
 4.66780  3.59886  0.00091
 4.66780  3.59886  0.00007
********  0.84128  0.00000
********  0.84128  0.00001
********  0.84128  0.00001
********  0.84128  0.00000
93.39712 71.53645  0.00000
93.39712 71.53645  0.00000
93.39712 71.53645  0.00000
93.39712 71.53645  0.00000
 2.07493  0.46990  0.00000
 2.07493  0.46990  0.00001
 2.02801  0.45997  0.00000
 5.61725  0.41035  0.00000
 5.61725  0.41035  0.00000
 5.47143  0.40043  0.00000
********  0.25156  0.00000
********  0.25156  0.00000
********  0.25156  0.00000
 1.93418  0.95621  0.00000
 1.93418  0.95621  0.00000
 1.88727  0.95621  0.00000
 5.61725  0.81726  0.00000
 5.56864  0.79741  0.00000
 5.37421  0.81726  0.00000
********  0.32103  0.00000
********  0.32103  0.00000
********  0.32103  0.00000
 5.47143  1.29773  0.00000
 5.37421  1.29773  0.00000
 5.37421  1.29773  0.00000
********  0.41998  0.00000
********  0.41998  0.00000
********  0.41998  0.00000
 4.74231  3.62476  0.00000
 4.74231  3.62476  0.00000
 4.69370  3.50742  0.00000
********  0.86718  0.00000
********  0.86718  0.00000
********  0.86718  0.00000
93.42302 71.56235  0.00000
93.42302 71.56235  0.00000
93.42302 71.56235  0.00000
 2.03388  0.48930  0.00002
 2.03388  0.48930  0.00024
 2.03388  0.48930  0.00039
 2.03388  0.48930  0.00006
 5.79240  0.43967  0.00001
 5.79240  0.42975  0.00017
 5.79240  0.42975  0.00028
 5.79240  0.42975  0.00004
********  0.28088  0.00000
********  0.28088  0.00000
********  0.28088  0.00000
********  0.28088  0.00000
 5.54936  0.84658  0.00001
 5.54936  0.84658  0.00011
 5.54936  0.84658  0.00018
 5.40353  0.82673  0.00003
********  0.35035  0.00000
********  0.35035  0.00000
********  0.35035  0.00000
********  0.35035  0.00000
 5.40353  1.29874  0.00001
 5.40353  1.29874  0.00009
 5.30632  1.29874  0.00016
 5.30632  1.29874  0.00002
********  0.44931  0.00000
********  0.44931  0.00000
********  0.44931  0.00000
********  0.44931  0.00000
 4.67442  3.65409  0.00000
 4.67442  3.65409  0.00007
 4.62581  3.65409  0.00011
 4.62581  3.65409  0.00002
********  0.89650  0.00000
********  0.89650  0.00000
********  0.89650  0.00000
********  0.89650  0.00000
93.45234 71.59167  0.00000
93.45234 71.59167  0.00000
93.45234 71.59167  0.00000
93.45234 71.59167  0.00000
 2.02016  0.52250  0.00001
 2.02016  0.52250  0.00052
 1.97325  0.51257  0.00144
 1.97325  0.51257  0.00021
 5.67977  0.47288  0.00001
 5.67977  0.47288  0.00037
 5.67977  0.47288  0.00102
 5.63117  0.46295  0.00015
********  0.31408  0.00000
********  0.31408  0.00001
********  0.31408  0.00001
********  0.31408  0.00000
 5.63117  0.85994  0.00001
 5.43673  0.87979  0.00024
 5.43673  0.87979  0.00066
 5.43673  0.87979  0.00009
********  0.38355  0.00000
********  0.38355  0.00000
********  0.38355  0.00001
********  0.38355  0.00000
 5.33952  1.30363  0.00001
 5.33952  1.30363  0.00021
 5.33952  1.30363  0.00058
 5.33952  1.30363  0.00008
********  0.48251  0.00000
********  0.48251  0.00000
********  0.48251  0.00001
********  0.48251  0.00000
 4.65901  3.51127  0.00000
 4.65901  3.51127  0.00015
 4.65901  3.51127  0.00041
 4.65901  3.51127  0.00006
********  0.92970  0.00000
********  0.92970  0.00000
********  0.92970  0.00001
********  0.92970  0.00000
93.48555 71.62487  0.00000
93.48555 71.62487  0.00000
93.48555 71.62487  0.00000
93.48555 71.62487  0.00000
 5.61410  0.54310  0.00000
 5.61410  0.54310  0.00045
 5.61410  0.54310  0.00154
 5.41967  0.54310  0.00031
********  0.39423  0.00000
********  0.39423  0.00001
********  0.39423  0.00002
********  0.39423  0.00000
 5.46828  0.95994  0.00000
 5.46828  0.95994  0.00030
 5.41967  0.92024  0.00101
 5.32246  0.92024  0.00020
********  0.46371  0.00000
********  0.46371  0.00000
********  0.46371  0.00001
********  0.46371  0.00000
 5.27385  1.38378  0.00000
 5.27385  1.38378  0.00026
 5.27385  1.38378  0.00088
 5.22524  1.38378  0.00018
********  0.56266  0.00000
********  0.56266  0.00000
********  0.56266  0.00001
********  0.56266  0.00000
 4.73916  3.59142  0.00000
 4.73916  3.59142  0.00018
 4.54473  3.65010  0.00063
 4.54473  3.65010  0.00013
********  1.00985  0.00000
********  1.00985  0.00000
********  1.00985  0.00001
********  1.00985  0.00000
93.56570 71.70503  0.00000
93.56570 71.70503  0.00000
93.56570 71.70503  0.00000
93.56570 71.70503  0.00000
 5.56508  0.59129  0.00000
 5.56508  0.59129  0.00030
 5.46786  0.58137  0.00119
 5.46786  0.58137  0.00022
********  0.44242  0.00000
********  0.44242  0.00000
********  0.44242  0.00002
********  0.44242  0.00000
 5.37064  0.98828  0.00000
 5.37064  0.98828  0.00021
 5.37064  0.98828  0.00081
 5.32204  0.98828  0.00015
********  0.51189  0.00000
********  0.51189  0.00000
********  0.51189  0.00001
********  0.51189  0.00000
 5.27343  1.46028  0.00000
 5.27343  1.46028  0.00019
 5.27343  1.46028  0.00073
 5.17621  1.48859  0.00014
********  0.61085  0.00000
********  0.61085  0.00000
********  0.61085  0.00001
********  0.61085  0.00000
 4.59292  3.63961  0.00000
 4.59292  3.63961  0.00014
 4.59292  3.58094  0.00053
 4.59292  3.58094  0.00010
********  1.05804  0.00000
********  1.05804  0.00000
********  1.05804  0.00001
********  1.05804  0.00000
93.61389 70.38128  0.00000
93.61389 70.38128  0.00000
93.61389 70.38128  0.00000
93.61389 70.38128  0.00000
 5.42520  0.64585  0.00000
 5.42520  0.64585  0.00008
 5.37660  0.64585  0.00088
 5.37660  0.64585  0.00044
********  0.49698  0.00000
********  0.49698  0.00000
********  0.49698  0.00001
********  0.49698  0.00001
 5.32799  1.06268  0.00000
 5.32799  1.06268  0.00005
 5.32799  1.06268  0.00057
 5.32799  1.04284  0.00028
********  0.56645  0.00000
********  0.56645  0.00000
********  0.56645  0.00001
********  0.56645  0.00000
 5.13356  1.48653  0.00000
 5.13356  1.48653  0.00005
 5.13356  1.48653  0.00051
 5.13356  1.48653  0.00025
********  0.66541  0.00000
********  0.66541  0.00000
********  0.66541  0.00001
********  0.66541  0.00000
 4.59887  3.57683  0.00000
 4.59887  3.57683  0.00004
 4.55026  3.57683  0.00037
 4.55026  3.57683  0.00018
********  1.11260  0.00000
********  1.11260  0.00000
********  1.11260  0.00001
********  1.11260  0.00000
93.66845 70.43584  0.00000
93.66845 70.43584  0.00000
93.66845 70.43584  0.00000
93.66845 70.43584  0.00000
 5.29255  0.71755  0.00004
 5.29255  0.71755  0.00090
 5.29255  0.70762  0.00072
********  0.55875  0.00000
********  0.55875  0.00001
********  0.55875  0.00001
 5.19533  1.10461  0.00002
 5.19533  1.10461  0.00060
 5.09811  1.10461  0.00047
********  0.62823  0.00000
********  0.62823  0.00001
********  0.62823  0.00001
 5.09811  1.51998  0.00002
 5.09811  1.51998  0.00053
 4.90368  1.51998  0.00041
********  0.72718  0.00000
********  0.72718  0.00001
********  0.72718  0.00001
 4.61204  3.69727  0.00001
 4.61204  3.69727  0.00038
 4.51482  3.69727  0.00030
********  1.17437  0.00000
********  1.17437  0.00001
********  1.17437  0.00000
92.59362 70.49761  0.00000
92.59362 70.49761  0.00000
92.59362 70.49761  0.00000
 5.16806  0.77757  0.00000
 5.16806  0.77757  0.00004
 5.16806  0.77757  0.00049
 5.16806  0.77757  0.00064
********  0.62870  0.00000
********  0.62870  0.00000
********  0.62870  0.00001
********  0.62870  0.00001
 5.16806  1.15470  0.00000
 5.16806  1.15470  0.00003
 5.11945  1.15470  0.00032
 5.11945  1.15470  0.00042
********  0.69817  0.00000
********  0.69817  0.00000
********  0.69817  0.00000
********  0.69817  0.00001
 1.91254  1.73150  0.00000
 1.91254  1.73150  0.00003
 1.91254  1.73150  0.00039
 1.91254  1.73150  0.00051
 4.97362  1.56161  0.00000
 4.97362  1.56161  0.00002
 4.97362  1.56161  0.00028
 4.92502  1.56161  0.00037
********  0.79712  0.00000
********  0.79712  0.00000
********  0.79712  0.00000
********  0.79712  0.00001
 4.48755  3.70854  0.00000
 4.48755  3.70854  0.00002
 4.48755  3.70854  0.00020
 4.39033  3.70854  0.00026
********  1.24431  0.00000
********  1.24431  0.00000
********  1.24431  0.00000
********  1.24431  0.00000
92.66356 70.56755  0.00000
92.66356 70.56755  0.00000
92.66356 70.56755  0.00000
92.66356 70.56755  0.00000
 2.03865  0.87660  0.00000
 2.01519  0.87660  0.00013
 2.03865  0.87660  0.00040
 5.15003  0.84683  0.00000
 5.15003  0.84683  0.00010
 5.10142  0.84683  0.00029
********  0.70788  0.00000
********  0.70788  0.00000
********  0.70788  0.00000
 2.03865  1.29344  0.00000
 2.03865  1.29344  0.00009
 2.03865  1.29344  0.00026
 5.00421  1.19419  0.00000
 5.00421  1.19419  0.00006
 4.95560  1.19419  0.00019
********  0.77736  0.00000
********  0.77736  0.00000
********  0.77736  0.00000
 4.85838  1.64080  0.00000
 4.85838  1.64080  0.00005
 4.85838  1.64080  0.00017
********  0.87631  0.00000
********  0.87631  0.00000
********  0.87631  0.00000
 4.46952  3.72906  0.00000
 4.46952  3.72906  0.00004
 4.46952  3.72906  0.00012
********  1.32350  0.00000
********  1.32350  0.00000
********  1.32350  0.00000
92.74275 70.64674  0.00000
92.74275 70.64674  0.00000
92.74275 70.64674  0.00000
 2.10485  0.96626  0.00000
 2.10485  0.96626  0.00002
 2.03448  0.95634  0.00010
 4.94804  0.93649  0.00000
 4.94804  0.93649  0.00002
 4.94804  0.93649  0.00008
********  0.79754  0.00000
********  0.79754  0.00000
********  0.79754  0.00000
 2.10485  1.38310  0.00000
 2.03448  1.36325  0.00002
 2.03448  1.36325  0.00007
 4.94804  1.28385  0.00000
 4.94804  1.28385  0.00001
 4.94804  1.28385  0.00005
********  0.86702  0.00000
********  0.86702  0.00000
********  0.86702  0.00000
 4.75361  1.70214  0.00000
 4.75361  1.70214  0.00001
 4.75361  1.67383  0.00005
********  0.96597  0.00000
********  0.96597  0.00000
********  0.96597  0.00000
 4.55918  3.76005  0.00000
 4.55918  3.76005  0.00001
 4.55918  3.76005  0.00004
********  1.41316  0.00000
********  1.41316  0.00000
********  1.41316  0.00000
91.69581 70.73640  0.00000
91.69581 70.73640  0.00000
91.69581 70.73640  0.00000
 5.00095  1.02808  0.00000
 4.85512  1.02808  0.00005
 4.85512  1.02808  0.00048
********  0.89906  0.00000
********  0.89906  0.00000
********  0.89906  0.00001
 4.95234  1.38536  0.00000
 4.95234  1.38536  0.00003
 4.95234  1.38536  0.00031
********  0.98838  0.00000
********  0.98838  0.00000
********  0.98838  0.00000
 4.75791  1.80366  0.00000
 4.75791  1.80366  0.00003
 4.75791  1.80366  0.00028
********  1.06748  0.00000
********  1.06748  0.00000
********  1.06748  0.00000
********  1.51468  0.00000
********  1.51468  0.00000
********  1.51468  0.00000
91.79732 70.83792  0.00000
91.79732 70.83792  0.00000
91.79732 70.83792  0.00000
 4.87284  1.14301  0.00000
 4.87284  1.14301  0.00004
********  1.01399  0.00000
********  1.01399  0.00000
 4.97006  1.46060  0.00000
 4.67841  1.48045  0.00003
********  1.08347  0.00000
********  1.08347  0.00000
 4.72702  1.89028  0.00000
 4.72702  1.83365  0.00002
********  1.18242  0.00000
********  1.18242  0.00000
********  1.62961  0.00000
********  1.62961  0.00000
90.77566 70.95285  0.00000
90.77566 70.95285  0.00000
 4.90576  1.27315  0.00000
 4.90576  1.27315  0.00000
 4.90576  1.27315  0.00000
 4.75994  1.26322  0.00000
********  1.14413  0.00000
********  1.14413  0.00000
********  1.14413  0.00000
********  1.14413  0.00000
 4.90576  1.59073  0.00000
 4.90576  1.59073  0.00000
 4.90576  1.59073  0.00000
 4.90576  1.59073  0.00000
********  1.21360  0.00000
********  1.21360  0.00000
********  1.21360  0.00000
********  1.21360  0.00000
********  1.31255  0.00000
********  1.31255  0.00000
********  1.31255  0.00000
********  1.31255  0.00000
********  1.75974  0.00000
********  1.75974  0.00000
********  1.75974  0.00000
********  1.75974  0.00000
90.90579 69.71105  0.00000
90.90579 69.71105  0.00000
90.90579 69.71105  0.00000
90.90579 69.71105  0.00000
********  1.29146  0.00000
********  1.29146  0.00000
********  1.29146  0.00000
********  1.29146  0.00000
********  1.36094  0.00000
********  1.36094  0.00000
********  1.36094  0.00000
********  1.36094  0.00000
********  1.45989  0.00000
********  1.45989  0.00000
********  1.45989  0.00000
********  1.45989  0.00000
********  1.90708  0.00000
********  1.90708  0.00000
********  1.90708  0.00000
********  1.90708  0.00000
89.91653 69.85839  0.00000
89.91653 69.85839  0.00000
89.91653 69.85839  0.00000
89.91653 69.85839  0.00000
********  1.45828  0.00000
********  1.45828  0.00000
********  1.45828  0.00000
********  1.45828  0.00000
********  1.52776  0.00000
********  1.52776  0.00000
********  1.52776  0.00000
********  1.52776  0.00000
********  1.62671  0.00000
********  1.62671  0.00000
********  1.62671  0.00000
********  1.62671  0.00000
********  2.07390  0.00000
********  2.07390  0.00000
********  2.07390  0.00000
********  2.07390  0.00000
88.94675 70.02521  0.00000
88.94675 70.02521  0.00000
88.94675 70.02521  0.00000
88.94675 70.02521  0.00000
********  1.64716  0.00000
********  1.64716  0.00000
********  1.64716  0.00000
********  1.71663  0.00000
********  1.71663  0.00000
********  1.71663  0.00000
********  1.81559  0.00000
********  1.81559  0.00000
********  1.81559  0.00000
********  2.26278  0.00000
********  2.26278  0.00000
********  2.26278  0.00000
89.13562 68.84215  0.00000
89.13562 68.84215  0.00000
89.13562 68.84215  0.00000
********  1.86101  0.00000
********  1.86101  0.00000
********  1.86101  0.00000
********  1.93048  0.00000
********  1.93048  0.00000
********  1.93048  0.00000
********  2.02943  0.00000
********  2.02943  0.00000
********  2.02943  0.00000
********  2.47663  0.00000
********  2.47663  0.00000
********  2.47663  0.00000
88.21287 69.05600  0.00000
88.21287 69.05600  0.00000
88.21287 69.05600  0.00000
********  2.10313  0.00000
********  2.10313  0.00000
********  2.10313  0.00000
********  2.10313  0.00000
********  2.17261  0.00000
********  2.17261  0.00000
********  2.17261  0.00000
********  2.17261  0.00000
********  2.27156  0.00000
********  2.27156  0.00000
********  2.27156  0.00000
********  2.27156  0.00000
********  2.71875  0.00000
********  2.71875  0.00000
********  2.71875  0.00000
********  2.71875  0.00000
87.31839 69.29812  0.00000
87.31839 69.29812  0.00000
87.31839 69.29812  0.00000
87.31839 69.29812  0.00000
********  2.37727  0.00000
********  2.37727  0.00000
********  2.37727  0.00000
********  2.44674  0.00000
********  2.44674  0.00000
********  2.44674  0.00000
********  2.54570  0.00000
********  2.54570  0.00000
********  2.54570  0.00000
********  2.99289  0.00000
********  2.99289  0.00000
********  2.99289  0.00000
86.45593 68.20033  0.00000
86.45593 68.20033  0.00000
86.45593 68.20033  0.00000
********  2.68765  0.00000
********  2.68765  0.00000
********  2.75713  0.00000
********  2.75713  0.00000
********  2.85608  0.00000
********  2.85608  0.00000
********  3.30327  0.00000
********  3.30327  0.00000
85.62971 68.51071  0.00000
85.62971 68.51071  0.00000
********  3.03907  0.00000
********  3.03907  0.00000
********  3.03907  0.00000
********  3.03907  0.00000
********  3.10855  0.00000
********  3.10855  0.00000
********  3.10855  0.00000
********  3.10855  0.00000
********  3.20750  0.00000
********  3.20750  0.00000
********  3.20750  0.00000
********  3.20750  0.00000
********  3.65469  0.00000
********  3.65469  0.00000
********  3.65469  0.00000
********  3.65469  0.00000
84.84453 67.49020  0.00000
84.84453 67.49020  0.00000
84.84453 67.49020  0.00000
84.84453 67.49020  0.00000
********  3.43696  0.00000
********  3.43696  0.00000
********  3.43696  0.00000
********  3.50643  0.00000
********  3.50643  0.00000
********  3.50643  0.00000
********  3.57707  0.00000
********  3.57707  0.00000
********  3.57707  0.00000
********  4.05258  0.00000
********  4.05258  0.00000
********  4.05258  0.00000
84.10582 66.51615  0.00000
84.10582 66.51615  0.00000
84.10582 66.51615  0.00001
********  3.88746  0.00000
********  3.88746  0.00000
********  3.95693  0.00000
********  3.95693  0.00000
********  4.02757  0.00000
********  4.02757  0.00000
********  4.44440  0.00000
********  4.44440  0.00000
 5.82597  4.45706  0.00000
 5.82597  4.45706  0.00000
********  4.39751  0.00000
********  4.39751  0.00000
 5.82597  4.64563  0.00000
 5.82597  4.64563  0.00000
********  4.46698  0.00000
********  4.46698  0.00000
 5.82597  4.87740  0.00000
 5.82597  4.87740  0.00000
********  4.53762  0.00000
********  4.53762  0.00000
********  4.95446  0.00000
********  4.95446  0.00000
********  4.97501  0.00000
********  4.97501  0.00046
********  5.04448  0.00000
********  5.04448  0.00031
********  5.11512  0.00000
********  5.11512  0.00028
********  5.53196  0.00000
********  5.53196  0.00020
********  5.62886  0.00000
********  5.69834  0.00000
********  5.76898  0.00000
********  6.18581  0.00000
********  6.36917  0.00040
********  6.43864  0.00026
********  6.50928  0.00024
********  6.92612  0.00017
********  7.20736  0.00034
********  7.27683  0.00023
********  7.34747  0.00020
********  7.76430  0.00014
 0.57507  0.47171  0.00007
 0.57507  0.47171  0.00673
 0.57507  0.47171  0.01387
 0.57507  0.47171  0.00294
 0.57507  0.47171  0.00004
 1.41302  0.34124  0.00004
 1.41302  0.34124  0.00454
 1.41302  0.34124  0.00940
 1.41302  0.34124  0.00199
 1.41302  0.34124  0.00003
 2.25001  0.29105  0.00004
 2.25001  0.29105  0.00392
 2.25001  0.28102  0.00818
 2.17969  0.28102  0.00173
 2.25001  0.28102  0.00003
 5.92512  0.21076  0.00003
 6.02225  0.22080  0.00270
 5.92512  0.21076  0.00566
 5.92512  0.21076  0.00120
 5.92512  0.21076  0.00002
********  0.03011  0.00000
********  0.03011  0.00004
********  0.03011  0.00008
********  0.03011  0.00002
********  0.03011  0.00000
 1.18299  0.96349  0.00003
 1.18299  0.96349  0.00307
 1.18299  0.96349  0.00635
 1.18299  0.96349  0.00135
 1.18299  0.94342  0.00002
 2.08594  0.86313  0.00003
 2.08594  0.86313  0.00265
 2.08594  0.86313  0.00553
 2.08594  0.86313  0.00117
 2.08594  0.86313  0.00002
 5.73085  0.68247  0.00002
 5.73085  0.68247  0.00183
 5.73085  0.68247  0.00382
 5.73085  0.68247  0.00081
 5.73085  0.66240  0.00001
********  0.12044  0.00000
********  0.12044  0.00003
********  0.12044  0.00006
********  0.12044  0.00001
********  0.12044  0.00000
 1.89844  1.46029  0.00002
 1.89844  1.46029  0.00233
 1.89844  1.46029  0.00490
 1.87501  1.46029  0.00103
 1.87501  1.46029  0.00001
 5.58515  1.14533  0.00002
 5.58515  1.14533  0.00161
 5.58515  1.14533  0.00338
 5.58515  1.14533  0.00071
 5.53658  1.14533  0.00001
********  0.20043  0.00000
********  0.20043  0.00002
********  0.20043  0.00005
********  0.20043  0.00001
********  0.20043  0.00000
 5.05092  3.67863  0.00001
 4.95378  3.61929  0.00113
 4.95378  3.61929  0.00238
 4.90522  3.61929  0.00050
 4.90522  3.61929  0.00001
********  0.71199  0.00000
********  0.71199  0.00002
********  0.71199  0.00003
********  0.71199  0.00001
********  0.71199  0.00000
93.12207 72.14384  0.00000
93.12207 72.14384  0.00000
93.12207 72.14384  0.00000
93.12207 72.14384  0.00000
93.12207 72.14384  0.00000
 0.57537  0.47202  0.00000
 0.57537  0.47202  0.00001
 0.57537  0.47202  0.00001
 0.57537  0.47202  0.00001
 1.41333  0.34154  0.00000
 1.41333  0.34154  0.00000
 1.41333  0.34154  0.00001
 1.41333  0.34154  0.00000
 2.25031  0.29136  0.00000
 2.25031  0.29136  0.00000
 2.18000  0.28133  0.00001
 2.22688  0.29136  0.00000
 5.92542  0.21107  0.00000
 6.02256  0.22111  0.00000
 5.92542  0.21107  0.00000
 5.87686  0.21107  0.00000
********  0.03042  0.00000
********  0.03042  0.00000
********  0.03042  0.00000
********  0.03042  0.00000
 1.18330  0.96380  0.00000
 1.18330  0.96380  0.00000
 1.18330  0.96380  0.00000
 1.18330  0.94373  0.00000
 2.08625  0.86344  0.00000
 2.08625  0.86344  0.00000
 2.06281  0.86344  0.00000
 2.06281  0.86344  0.00000
 5.73116  0.68278  0.00000
 5.73116  0.68278  0.00000
 5.73116  0.68278  0.00000
 5.73116  0.66271  0.00000
********  0.12074  0.00000
********  0.12074  0.00000
********  0.12074  0.00000
********  0.12074  0.00000
 1.89875  1.46060  0.00000
 1.89875  1.46060  0.00000
 1.87531  1.46060  0.00000
 1.87531  1.46060  0.00000
 5.58546  1.14564  0.00000
 5.58546  1.14564  0.00000
 5.58546  1.14564  0.00000
 5.53689  1.14564  0.00000
********  0.20074  0.00000
********  0.20074  0.00000
********  0.20074  0.00000
********  0.20074  0.00000
 5.05123  3.67893  0.00000
 4.95409  3.61960  0.00000
 4.90553  3.61960  0.00000
 4.90553  3.61960  0.00000
********  0.71230  0.00000
********  0.71230  0.00000
********  0.71230  0.00000
********  0.71230  0.00000
93.12238 72.14415  0.00000
93.12238 72.14415  0.00000
93.12238 72.14415  0.00000
93.12238 72.14415  0.00000
 0.57601  0.46261  0.00001
 0.57601  0.46261  0.00000
 1.41396  0.34218  0.00001
 1.41396  0.34218  0.00000
 2.18063  0.28196  0.00000
 2.22751  0.29199  0.00000
 5.92605  0.21170  0.00000
 5.87749  0.21170  0.00000
********  0.03105  0.00000
********  0.03105  0.00000
 1.18393  0.94436  0.00000
 1.18393  0.94436  0.00000
 2.06345  0.86407  0.00000
 2.06345  0.86407  0.00000
 5.73179  0.66334  0.00000
 5.73179  0.66334  0.00000
********  0.12138  0.00000
********  0.12138  0.00000
 1.87595  1.46123  0.00000
 1.87595  1.46123  0.00000
 5.58609  1.14627  0.00000
 5.53752  1.14627  0.00000
********  0.20137  0.00000
********  0.20137  0.00000
 4.90616  3.62023  0.00000
 4.90616  3.62023  0.00000
********  0.71293  0.00000
********  0.71293  0.00000
93.12301 72.14478  0.00000
93.12301 72.14478  0.00000
 0.57627  0.46288  0.00000
 0.57627  0.46288  0.00000
 1.41422  0.34244  0.00000
 1.41422  0.34244  0.00000
 2.18090  0.28222  0.00000
 2.25121  0.29226  0.00000
 5.92632  0.21197  0.00000
 5.87775  0.21197  0.00000
********  0.03131  0.00000
********  0.03131  0.00000
 1.18420  0.94462  0.00000
 1.18420  0.94462  0.00000
 2.06371  0.86433  0.00000
 2.06371  0.86433  0.00000
 5.73205  0.66361  0.00000
 5.73205  0.66361  0.00000
********  0.12164  0.00000
********  0.12164  0.00000
 1.87621  1.46150  0.00000
 1.87621  1.46150  0.00000
 5.58635  1.14653  0.00000
 5.53779  1.14653  0.00000
********  0.20164  0.00000
********  0.20164  0.00000
 4.90642  3.62050  0.00000
 4.90642  3.62050  0.00000
********  0.71320  0.00000
********  0.71320  0.00000
93.12327 72.14504  0.00000
93.12327 72.14504  0.00000
 0.57705  0.46365  0.00000
 0.57705  0.46365  0.00072
 0.57705  0.46365  0.00246
 0.57705  0.46365  0.00060
 0.57705  0.46365  0.00001
 1.41500  0.34322  0.00000
 1.41500  0.34322  0.00050
 1.41500  0.34322  0.00172
 1.41500  0.34322  0.00042
 1.41500  0.33318  0.00000
 2.25199  0.29303  0.00000
 2.25199  0.29303  0.00046
 2.22855  0.28300  0.00156
 2.18167  0.28300  0.00038
 2.25199  0.29303  0.00000
 5.92709  0.21274  0.00000
 6.02423  0.22278  0.00032
 5.92709  0.21274  0.00110
 5.92709  0.21274  0.00027
 5.87853  0.21274  0.00000
********  0.03209  0.00000
********  0.03209  0.00000
********  0.03209  0.00002
********  0.03209  0.00000
********  0.03209  0.00000
 1.18497  0.94540  0.00000
 1.18497  0.94540  0.00035
 1.18497  0.94540  0.00119
 1.18497  0.94540  0.00029
 1.18497  0.94540  0.00000
 2.06449  0.86511  0.00000
 2.06449  0.86511  0.00032
 2.06449  0.86511  0.00108
 2.06449  0.86511  0.00026
 2.06449  0.86511  0.00000
 5.73283  0.68445  0.00000
 5.73283  0.66438  0.00022
 5.73283  0.66438  0.00076
 5.73283  0.66438  0.00018
 5.73283  0.66438  0.00000
********  0.12242  0.00000
********  0.12242  0.00000
********  0.12242  0.00001
********  0.12242  0.00000
********  0.12242  0.00000
 1.87699  1.46227  0.00000
 1.87699  1.46227  0.00029
 1.87699  1.46227  0.00098
 1.87699  1.46227  0.00023
 1.87699  1.46227  0.00000
 5.58713  1.14731  0.00000
 5.58713  1.14731  0.00021
 5.58713  1.14731  0.00069
 5.58713  1.14731  0.00016
 5.53856  1.14731  0.00000
********  0.20241  0.00000
********  0.20241  0.00000
********  0.20241  0.00001
********  0.20241  0.00000
********  0.20241  0.00000
 5.05290  3.68061  0.00000
 4.95576  3.62127  0.00015
 4.95576  3.62127  0.00049
 4.90720  3.62127  0.00011
 4.90720  3.62127  0.00000
********  0.71397  0.00000
********  0.71397  0.00000
********  0.71397  0.00001
********  0.71397  0.00000
********  0.71397  0.00000
93.12405 72.14582  0.00000
93.12405 72.14582  0.00000
93.12405 72.14582  0.00000
93.12405 72.14582  0.00000
93.12405 72.14582  0.00000
 0.57731  0.46391  0.00000
 0.57731  0.46391  0.00000
 1.41526  0.34348  0.00000
 1.41526  0.34348  0.00000
 2.25225  0.29330  0.00000
 2.25225  0.29330  0.00000
 5.92736  0.21301  0.00000
 6.02449  0.22304  0.00000
********  0.03235  0.00000
********  0.03235  0.00000
 1.18523  0.94566  0.00000
 1.18523  0.94566  0.00000
 2.06475  0.86537  0.00000
 2.06475  0.86537  0.00000
 5.73309  0.66464  0.00000
 5.73309  0.66464  0.00000
********  0.12268  0.00000
********  0.12268  0.00000
 1.87725  1.46253  0.00000
 1.87725  1.46253  0.00000
 5.58739  1.14757  0.00000
 5.58739  1.14757  0.00000
********  0.20267  0.00000
********  0.20267  0.00000
 5.05316  3.68087  0.00000
 4.95603  3.62154  0.00000
********  0.71423  0.00000
********  0.71423  0.00000
93.12431 72.14608  0.00000
93.12431 72.14608  0.00000
 0.57010  0.46493  0.00000
 0.57010  0.46493  0.00000
 0.57010  0.46493  0.00007
 0.57010  0.46493  0.00017
 0.57010  0.46493  0.00000
 1.41627  0.33445  0.00000
 1.41627  0.33445  0.00000
 1.41627  0.33445  0.00005
 1.41627  0.33445  0.00012
 1.39984  0.34449  0.00000
 2.25326  0.29431  0.00000
 2.25326  0.28427  0.00000
 2.22982  0.28427  0.00004
 2.18295  0.28427  0.00011
 2.25326  0.28427  0.00000
 5.92837  0.21402  0.00000
 6.02550  0.21402  0.00000
 5.92837  0.21402  0.00003
 5.92837  0.21402  0.00008
 5.87980  0.21402  0.00000
********  0.03336  0.00000
********  0.03336  0.00000
********  0.03336  0.00000
********  0.03336  0.00000
********  0.03336  0.00000
 1.18625  0.94667  0.00000
 1.18625  0.94667  0.00000
 1.18625  0.94667  0.00003
 1.18625  0.94667  0.00008
 1.18625  0.94667  0.00000
 2.06576  0.86638  0.00000
 2.06576  0.86638  0.00000
 2.06576  0.86638  0.00003
 2.06576  0.86638  0.00008
 2.06576  0.86638  0.00000
 5.73410  0.66565  0.00000
 5.73410  0.66565  0.00000
 5.73410  0.66565  0.00002
 5.73410  0.66565  0.00005
 5.73410  0.66565  0.00000
********  0.12369  0.00000
********  0.12369  0.00000
********  0.12369  0.00000
********  0.12369  0.00000
********  0.12369  0.00000
 1.87826  1.46355  0.00000
 1.87826  1.46355  0.00000
 1.87826  1.46355  0.00003
 1.87826  1.46355  0.00007
 1.87826  1.46355  0.00000
 5.58840  1.14858  0.00000
 5.58840  1.14858  0.00000
 5.58840  1.14858  0.00002
 5.58840  1.14858  0.00005
 5.53984  1.14858  0.00000
********  0.20369  0.00000
********  0.20369  0.00000
********  0.20369  0.00000
********  0.20369  0.00000
********  0.20369  0.00000
 5.05417  3.68188  0.00000
 4.95704  3.62255  0.00000
 4.95704  3.62255  0.00001
 4.90847  3.62255  0.00004
 4.90847  3.62255  0.00000
********  0.71525  0.00000
********  0.71525  0.00000
********  0.71525  0.00000
********  0.71525  0.00000
********  0.71525  0.00000
93.12532 72.14709  0.00000
93.12532 72.14709  0.00000
93.12532 72.14709  0.00000
93.12532 72.14709  0.00000
93.12532 72.14709  0.00000
 0.57102  0.46584  0.00000
 0.57102  0.46584  0.00010
 0.57102  0.46584  0.00027
 0.57102  0.46584  0.00000
 1.40076  0.34541  0.00000
 1.40076  0.34541  0.00007
 1.40076  0.34541  0.00018
 1.40076  0.34541  0.00000
 2.25418  0.28519  0.00000
 2.25418  0.28519  0.00006
 2.23074  0.28519  0.00016
 2.23074  0.28519  0.00000
 5.92929  0.21493  0.00000
 6.02642  0.21493  0.00004
 5.92929  0.21493  0.00011
 5.92929  0.21493  0.00000
********  0.03428  0.00000
********  0.03428  0.00000
********  0.03428  0.00000
********  0.03428  0.00000
 1.18716  0.94759  0.00000
 1.18716  0.94759  0.00005
 1.18716  0.94759  0.00012
 1.18716  0.94759  0.00000
 2.06668  0.86730  0.00000
 2.06668  0.86730  0.00004
 2.06668  0.86730  0.00011
 2.06668  0.86730  0.00000
 5.73502  0.66657  0.00000
 5.73502  0.66657  0.00003
 5.73502  0.66657  0.00008
 5.73502  0.66657  0.00000
********  0.12461  0.00000
********  0.12461  0.00000
********  0.12461  0.00000
********  0.12461  0.00000
 1.87918  1.46446  0.00000
 1.87918  1.46446  0.00004
 1.87918  1.46446  0.00010
 1.87918  1.46446  0.00000
 5.58932  1.14950  0.00000
 5.58932  1.14950  0.00003
 5.58932  1.14950  0.00007
 5.58932  1.14950  0.00000
********  0.20460  0.00000
********  0.20460  0.00000
********  0.20460  0.00000
********  0.20460  0.00000
 5.05509  3.68280  0.00000
 4.95795  3.62346  0.00002
 4.95795  3.62346  0.00005
 4.90939  3.62346  0.00000
********  0.71616  0.00000
********  0.71616  0.00000
********  0.71616  0.00000
********  0.71616  0.00000
93.12624 72.14801  0.00000
93.12624 72.14801  0.00000
93.12624 72.14801  0.00000
93.12624 72.14801  0.00000
 0.57220  0.46702  0.00000
 0.57220  0.46702  0.00013
 0.57220  0.46702  0.00026
 1.40194  0.33655  0.00000
 1.40194  0.33655  0.00009
 1.40194  0.33655  0.00018
 2.25535  0.28636  0.00000
 2.25535  0.28636  0.00008
 2.23192  0.28636  0.00017
 6.02759  0.21611  0.00000
 6.02759  0.21611  0.00006
 5.93046  0.21611  0.00012
********  0.03545  0.00000
********  0.03545  0.00000
********  0.03545  0.00000
 1.17191  0.94877  0.00000
 1.17191  0.94877  0.00006
 1.17191  0.94877  0.00013
 2.06785  0.86847  0.00000
 2.06785  0.86847  0.00006
 2.06785  0.86847  0.00012
 5.73619  0.66775  0.00000
 5.73619  0.66775  0.00004
 5.73619  0.66775  0.00008
********  0.12578  0.00000
********  0.12578  0.00000
********  0.12578  0.00000
 1.88035  1.46564  0.00000
 1.88035  1.46564  0.00005
 1.88035  1.46564  0.00011
 5.59050  1.15067  0.00000
 5.59050  1.15067  0.00004
 5.59050  1.15067  0.00008
********  0.20578  0.00000
********  0.20578  0.00000
********  0.20578  0.00000
 5.05626  3.68397  0.00000
 4.95913  3.62464  0.00003
 4.95913  3.62464  0.00005
********  0.71734  0.00000
********  0.71734  0.00000
********  0.71734  0.00000
93.12742 72.14918  0.00000
93.12742 72.14918  0.00000
93.12742 72.14918  0.00000
 0.56549  0.46853  0.00004
 0.56549  0.46853  0.00045
 0.56549  0.46853  0.00016
 1.40344  0.33805  0.00003
 1.40344  0.33805  0.00032
 1.40344  0.33805  0.00011
 2.23342  0.28787  0.00003
 2.23342  0.28787  0.00030
 2.23342  0.28787  0.00010
 6.02910  0.21762  0.00002
 5.93197  0.21762  0.00021
 5.93197  0.21762  0.00007
********  0.03696  0.00000
********  0.03696  0.00000
********  0.03696  0.00000
 1.17342  0.95027  0.00002
 1.17342  0.95027  0.00022
 1.17342  0.95027  0.00008
 2.06936  0.86998  0.00002
 2.06936  0.86998  0.00020
 2.06936  0.86998  0.00007
 5.73770  0.66925  0.00001
 5.73770  0.66925  0.00015
 5.73770  0.66925  0.00005
********  0.12729  0.00000
********  0.12729  0.00000
********  0.12729  0.00000
 1.88186  1.46715  0.00001
 1.88186  1.46715  0.00019
 1.88186  1.46715  0.00007
 5.59200  1.15218  0.00001
 5.59200  1.15218  0.00013
 5.59200  1.15218  0.00005
********  0.20729  0.00000
********  0.20729  0.00000
********  0.20729  0.00000
 5.05777  3.68548  0.00001
 4.91207  3.62615  0.00010
 4.91207  3.56681  0.00003
********  0.71885  0.00000
********  0.71885  0.00000
********  0.71885  0.00000
93.12892 72.15069  0.00000
93.12892 72.15069  0.00000
93.12892 72.15069  0.00000
 0.56742  0.47046  0.00000
 0.56742  0.47046  0.00000
 1.40537  0.33999  0.00000
 1.40537  0.33999  0.00000
 2.23535  0.28980  0.00000
 2.23535  0.28980  0.00000
 5.93390  0.21955  0.00000
 5.88533  0.20951  0.00000
********  0.03889  0.00000
********  0.03889  0.00000
 1.17535  0.95220  0.00000
 1.17535  0.95220  0.00000
 2.04785  0.87191  0.00000
 2.04785  0.87191  0.00000
 5.73963  0.67119  0.00000
 5.73963  0.67119  0.00000
********  0.12922  0.00000
********  0.12922  0.00000
 1.86035  1.46908  0.00000
 1.86035  1.46908  0.00000
 5.54537  1.15411  0.00000
 5.54537  1.15411  0.00000
********  0.20922  0.00000
********  0.20922  0.00000
 4.91400  3.56875  0.00000
 4.91400  3.56875  0.00000
********  0.72078  0.00000
********  0.72078  0.00000
93.13085 72.15262  0.00000
93.13085 72.15262  0.00000
 1.36530  0.35560  0.00001
 1.36530  0.35560  0.00001
 2.21413  0.31545  0.00001
 2.21413  0.31545  0.00001
 5.95955  0.24520  0.00001
 5.76528  0.23516  0.00000
********  0.06454  0.00000
********  0.06454  0.00000
 1.15170  0.95778  0.00001
 1.15170  0.95778  0.00000
 2.05006  0.87749  0.00001
 2.05006  0.87749  0.00000
 5.66815  0.69683  0.00000
 5.66815  0.67676  0.00000
********  0.15487  0.00000
********  0.15487  0.00000
 1.88600  1.49473  0.00001
 1.83913  1.46609  0.00000
 5.66815  1.20839  0.00000
 5.57102  1.15113  0.00000
********  0.23487  0.00000
********  0.23487  0.00000
 4.98822  3.71306  0.00000
 4.98822  3.71306  0.00000
********  0.74643  0.00000
********  0.74643  0.00000
92.02087 72.17827  0.00000
92.02087 72.17827  0.00000
 1.35342  0.36015  0.00000
 1.35342  0.36015  0.00018
 1.35342  0.36015  0.00148
 1.35342  0.36015  0.00078
 1.35342  0.36015  0.00003
 2.21868  0.32000  0.00000
 2.19524  0.32000  0.00016
 2.21868  0.32000  0.00132
 2.19524  0.32000  0.00069
 2.19524  0.32000  0.00002
 5.96410  0.24975  0.00000
 5.96410  0.24975  0.00011
 5.96410  0.24975  0.00093
 5.86697  0.24975  0.00049
 5.76983  0.23971  0.00002
********  0.06909  0.00000
********  0.06909  0.00000
********  0.06909  0.00001
********  0.06909  0.00001
********  0.06909  0.00000
 1.15626  0.96233  0.00000
 1.15626  0.96233  0.00013
 1.15626  0.96233  0.00100
 1.15626  0.96233  0.00053
 1.15626  0.94226  0.00002
 2.05462  0.88204  0.00000
 2.05462  0.88204  0.00011
 2.03118  0.88204  0.00089
 2.03118  0.88204  0.00047
 2.03118  0.88204  0.00002
 5.67270  0.70139  0.00000
 5.67270  0.70139  0.00007
 5.67270  0.70139  0.00063
 5.67270  0.70139  0.00033
 5.57557  0.70139  0.00001
********  0.15942  0.00000
********  0.15942  0.00000
********  0.15942  0.00001
********  0.15942  0.00000
********  0.15942  0.00000
 1.93743  1.49928  0.00000
 1.93743  1.49928  0.00010
 1.89055  1.49928  0.00079
 1.89055  1.49928  0.00041
 1.89055  1.49928  0.00001
 5.57557  1.15568  0.00000
 5.67270  1.21295  0.00007
 5.67270  1.21295  0.00056
 5.67270  1.21295  0.00029
 5.62413  1.18431  0.00001
********  0.23942  0.00000
********  0.23942  0.00000
********  0.23942  0.00001
********  0.23942  0.00000
********  0.23942  0.00000
 4.99277  3.71761  0.00000
 4.99277  3.71761  0.00005
 4.99277  3.71761  0.00039
 4.89564  3.71761  0.00020
 4.89564  3.71761  0.00001
********  0.75098  0.00000
********  0.75098  0.00000
********  0.75098  0.00001
********  0.75098  0.00000
********  0.75098  0.00000
92.02542 72.18282  0.00000
92.02542 72.18282  0.00000
92.02542 72.18282  0.00000
92.02542 72.18282  0.00000
92.02542 72.18282  0.00000
 1.34215  0.36530  0.00000
 1.34215  0.36530  0.00036
 1.34215  0.36530  0.00058
 1.34215  0.36530  0.00004
 1.34215  0.36530  0.00000
 2.20040  0.32516  0.00000
 2.22383  0.32516  0.00034
 2.22383  0.32516  0.00055
 2.22383  0.32516  0.00004
 2.20040  0.32516  0.00000
 5.77499  0.25490  0.00000
 5.77499  0.25490  0.00026
 5.77499  0.25490  0.00041
 5.77499  0.24487  0.00003
 5.77499  0.24487  0.00000
********  0.07425  0.00000
********  0.07425  0.00000
********  0.07425  0.00001
********  0.07425  0.00000
********  0.07425  0.00000
 1.16141  0.96749  0.00000
 1.16141  0.96749  0.00024
 1.16141  0.94741  0.00038
 1.16141  0.94741  0.00003
 1.16141  0.94741  0.00000
 2.05977  0.88720  0.00000
 2.05977  0.88720  0.00023
 2.05977  0.88720  0.00037
 2.05977  0.88720  0.00003
 2.01290  0.88720  0.00000
 5.67786  0.68647  0.00000
 5.72642  0.68647  0.00017
 5.67786  0.68647  0.00027
 5.67786  0.68647  0.00002
 5.58072  0.70654  0.00000
********  0.16458  0.00000
********  0.16458  0.00000
********  0.16458  0.00000
********  0.16458  0.00000
********  0.16458  0.00000
 1.91915  1.50443  0.00000
 1.91915  1.50443  0.00019
 1.91915  1.50443  0.00031
 1.87227  1.50443  0.00002
 1.87227  1.50443  0.00000
 5.58072  1.16083  0.00000
 5.67786  1.18947  0.00014
 5.67786  1.18947  0.00023
 5.62929  1.21810  0.00002
 5.48359  1.16083  0.00000
********  0.24457  0.00000
********  0.24457  0.00000
********  0.24457  0.00000
********  0.24457  0.00000
********  0.24457  0.00000
 4.99792  3.72277  0.00000
 4.99792  3.72277  0.00010
 4.99792  3.72277  0.00016
 4.90079  3.72277  0.00001
 4.90079  3.72277  0.00000
********  0.75613  0.00000
********  0.75613  0.00000
********  0.75613  0.00000
********  0.75613  0.00000
********  0.75613  0.00000
92.03057 72.18798  0.00000
92.03057 72.18798  0.00000
92.03057 72.18798  0.00000
92.03057 72.18798  0.00000
92.03057 72.18798  0.00000
 1.33155  0.37114  0.00000
 1.33155  0.37114  0.00000
 1.33155  0.37114  0.00010
 1.33155  0.37114  0.00010
 1.33155  0.36110  0.00000
 2.20623  0.33099  0.00000
 2.20623  0.33099  0.00000
 2.20623  0.33099  0.00009
 2.20623  0.33099  0.00009
 2.18280  0.33099  0.00000
 5.78083  0.26074  0.00000
 5.78083  0.26074  0.00000
 5.78083  0.26074  0.00007
 5.78083  0.26074  0.00006
 5.78083  0.26074  0.00000
********  0.08009  0.00000
********  0.08009  0.00000
********  0.08009  0.00000
********  0.08009  0.00000
********  0.08009  0.00000
 1.16725  0.95325  0.00000
 1.16725  0.95325  0.00000
 1.16725  0.95325  0.00006
 1.15082  0.95325  0.00006
 1.15082  0.95325  0.00000
 2.04217  0.89303  0.00000
 2.04217  0.89303  0.00000
 2.04217  0.89303  0.00006
 2.04217  0.89303  0.00006
 2.04217  0.89303  0.00000
 5.58656  0.71238  0.00000
 5.73226  0.69230  0.00000
 5.73226  0.69230  0.00004
 5.58656  0.71238  0.00004
 5.58656  0.69230  0.00000
********  0.17041  0.00000
********  0.17041  0.00000
********  0.17041  0.00000
********  0.17041  0.00000
********  0.17041  0.00000
 1.90154  1.51027  0.00000
 1.90154  1.51027  0.00000
 1.90154  1.51027  0.00005
 1.87811  1.48164  0.00005
 1.87811  1.48164  0.00000
 5.63513  1.22394  0.00000
 5.63513  1.19530  0.00000
 5.63513  1.19530  0.00004
 5.63513  1.19530  0.00004
 5.58656  1.19530  0.00000
********  0.25041  0.00000
********  0.25041  0.00000
********  0.25041  0.00000
********  0.25041  0.00000
********  0.25041  0.00000
 4.90663  3.72860  0.00000
 4.90663  3.72860  0.00000
 4.90663  3.72860  0.00003
 4.90663  3.72860  0.00003
 4.90663  3.72860  0.00000
********  0.76197  0.00000
********  0.76197  0.00000
********  0.76197  0.00000
********  0.76197  0.00000
********  0.76197  0.00000
92.03641 72.19381  0.00000
92.03641 72.19381  0.00000
92.03641 72.19381  0.00000
92.03641 72.19381  0.00000
92.03641 72.19381  0.00000
 1.32173  0.36771  0.00000
 1.32173  0.36771  0.00005
 1.32173  0.36771  0.00041
 1.32173  0.36771  0.00012
 2.21284  0.33760  0.00000
 2.21284  0.33760  0.00005
 2.21284  0.33760  0.00037
 2.18940  0.33760  0.00011
 5.78743  0.26735  0.00000
 5.78743  0.26735  0.00003
 5.78743  0.26735  0.00027
 5.78743  0.26735  0.00008
********  0.08669  0.00000
********  0.08669  0.00000
********  0.08669  0.00000
********  0.08669  0.00000
 1.15743  0.95986  0.00000
 1.15743  0.95986  0.00003
 1.15743  0.95986  0.00027
 1.15743  0.95986  0.00008
 2.02534  0.89964  0.00000
 2.02534  0.89964  0.00003
 2.02534  0.89964  0.00025
 2.02534  0.89964  0.00007
 5.59317  0.69891  0.00000
 5.69030  0.69891  0.00002
 5.69030  0.69891  0.00018
 5.69030  0.69891  0.00005
********  0.17702  0.00000
********  0.17702  0.00000
********  0.17702  0.00000
********  0.17702  0.00000
 1.90815  1.51688  0.00000
 1.88471  1.51688  0.00003
 1.88471  1.51688  0.00023
 1.88471  1.51688  0.00007
 5.64173  1.20191  0.00000
 5.64173  1.20191  0.00002
 5.64173  1.20191  0.00016
 5.64173  1.20191  0.00005
********  0.25702  0.00000
********  0.25702  0.00000
********  0.25702  0.00000
********  0.25702  0.00000
 4.91324  3.73521  0.00000
 4.91324  3.73521  0.00001
 4.91324  3.73521  0.00012
 4.91324  3.73521  0.00004
********  0.76858  0.00000
********  0.76858  0.00000
********  0.76858  0.00000
********  0.76858  0.00000
92.04302 72.20042  0.00000
92.04302 72.20042  0.00000
92.04302 72.20042  0.00000
92.04302 72.20042  0.00000
 1.31278  0.37519  0.00000
 1.31278  0.37519  0.00001
 1.31278  0.37519  0.00005
 1.31278  0.37519  0.00012
 1.31278  0.37519  0.00001
 2.19688  0.34508  0.00000
 2.19688  0.34508  0.00001
 2.19688  0.34508  0.00005
 2.19688  0.34508  0.00011
 2.19688  0.34508  0.00001
 5.79491  0.27483  0.00000
 5.79491  0.27483  0.00001
 5.79491  0.27483  0.00004
 5.79491  0.27483  0.00008
 5.79491  0.27483  0.00000
********  0.09417  0.00000
********  0.09417  0.00000
********  0.09417  0.00000
********  0.09417  0.00000
********  0.09417  0.00000
 1.19777  0.98741  0.00000
 1.19777  0.98741  0.00001
 1.14848  0.96734  0.00004
 1.14848  0.96734  0.00008
 1.14848  0.96734  0.00000
 2.03282  0.88705  0.00000
 2.03282  0.88705  0.00001
 2.03282  0.88705  0.00003
 2.00938  0.88705  0.00007
 2.00938  0.88705  0.00000
 5.69778  0.70639  0.00000
 5.69778  0.70639  0.00000
 5.69778  0.70639  0.00002
 5.64921  0.70639  0.00005
 5.64921  0.70639  0.00000
********  0.18450  0.00000
********  0.18450  0.00000
********  0.18450  0.00000
********  0.18450  0.00000
********  0.18450  0.00000
 1.89220  1.49573  0.00000
 1.89220  1.49573  0.00001
 1.89220  1.49573  0.00003
 1.89220  1.49573  0.00007
 1.89220  1.49573  0.00000
 5.79491  1.18076  0.00000
 5.60065  1.20939  0.00000
 5.60065  1.20939  0.00002
 5.60065  1.20939  0.00005
 5.55208  1.20939  0.00000
********  0.26450  0.00000
********  0.26450  0.00000
********  0.26450  0.00000
********  0.26450  0.00000
********  0.26450  0.00000
 4.92072  3.74269  0.00000
 4.92072  3.74269  0.00000
 4.92072  3.74269  0.00002
 4.92072  3.62403  0.00004
 4.92072  3.62403  0.00000
********  0.77606  0.00000
********  0.77606  0.00000
********  0.77606  0.00000
********  0.77606  0.00000
********  0.77606  0.00000
92.05050 72.20790  0.00000
92.05050 72.20790  0.00000
92.05050 72.20790  0.00000
92.05050 72.20790  0.00000
92.05050 72.20790  0.00000
 1.29798  0.38322  0.00000
 1.29798  0.38322  0.00025
 1.29798  0.38322  0.00095
 1.29798  0.38322  0.00035
 1.29798  0.38322  0.00000
 2.19151  0.35311  0.00000
 2.19151  0.35311  0.00023
 2.19151  0.35311  0.00089
 2.19151  0.35311  0.00033
 2.16807  0.35311  0.00000
 5.81298  0.28285  0.00000
 5.81298  0.28285  0.00017
 5.81298  0.28285  0.00066
 5.81298  0.28285  0.00024
 5.71584  0.29289  0.00000
********  0.11224  0.00000
********  0.11224  0.00000
********  0.11224  0.00001
********  0.11224  0.00000
********  0.11224  0.00000
 1.98057  0.90511  0.00000
 1.98057  0.90511  0.00016
 1.98057  0.90511  0.00062
 1.98057  0.90511  0.00023
 1.98057  0.90511  0.00000
 5.61871  0.72445  0.00000
 5.81298  0.72445  0.00012
 5.61871  0.72445  0.00046
 5.61871  0.72445  0.00017
 5.61871  0.70438  0.00000
********  0.20256  0.00000
********  0.20256  0.00000
********  0.20256  0.00001
********  0.20256  0.00000
********  0.20256  0.00000
 1.86338  1.51379  0.00000
 1.86338  1.51379  0.00015
 1.86338  1.51379  0.00057
 1.86338  1.51379  0.00021
 1.86338  1.51379  0.00000
 5.81298  1.19882  0.00000
 5.81298  1.17019  0.00011
 5.81298  1.17019  0.00042
 5.52158  1.22745  0.00015
 5.52158  1.19882  0.00000
********  0.28256  0.00000
********  0.28256  0.00000
********  0.28256  0.00001
********  0.28256  0.00000
********  0.28256  0.00000
 4.93878  3.64209  0.00000
 4.93878  3.64209  0.00008
 4.93878  3.64209  0.00030
 4.84165  3.64209  0.00011
 4.84165  3.64209  0.00000
********  0.79412  0.00000
********  0.79412  0.00000
********  0.79412  0.00000
********  0.79412  0.00000
********  0.79412  0.00000
92.06856 72.22596  0.00000
92.06856 72.22596  0.00000
92.06856 72.22596  0.00000
92.06856 72.22596  0.00000
92.06856 72.22596  0.00000
 1.27598  0.39408  0.00000
 1.27598  0.39408  0.00023
 1.27598  0.39408  0.00179
 1.27598  0.39408  0.00135
 1.27598  0.39408  0.00008
 2.17893  0.36397  0.00000
 2.17893  0.36397  0.00021
 2.17893  0.36397  0.00161
 2.17893  0.36397  0.00122
 2.15549  0.36397  0.00007
 5.72670  0.30375  0.00000
 5.82383  0.29371  0.00015
 5.72670  0.30375  0.00116
 5.72670  0.29371  0.00088
 5.72670  0.29371  0.00005
********  0.12309  0.00000
********  0.12309  0.00000
********  0.12309  0.00002
********  0.12309  0.00001
********  0.12309  0.00000
 1.99143  0.89590  0.00000
 1.99143  0.89590  0.00014
 1.96799  0.89590  0.00109
 1.96799  0.89590  0.00082
 1.96799  0.89590  0.00005
 5.62957  0.71524  0.00000
 5.77527  0.73531  0.00010
 5.77527  0.73531  0.00078
 5.62957  0.71524  0.00059
 5.62957  0.71524  0.00004
********  0.21342  0.00000
********  0.21342  0.00000
********  0.21342  0.00001
********  0.21342  0.00001
********  0.21342  0.00000
 1.89768  1.52465  0.00000
 1.89768  1.52465  0.00012
 1.85080  1.49601  0.00097
 1.85080  1.49601  0.00074
 1.85080  1.49601  0.00004
 5.62957  1.20968  0.00000
 5.62957  1.20968  0.00009
 5.62957  1.20968  0.00070
 5.62957  1.20968  0.00053
 5.48387  1.20968  0.00003
********  0.29342  0.00000
********  0.29342  0.00000
********  0.29342  0.00001
********  0.29342  0.00001
********  0.29342  0.00000
 4.85250  3.65295  0.00000
 4.85250  3.65295  0.00006
 4.85250  3.65295  0.00050
 4.85250  3.65295  0.00038
 4.85250  3.65295  0.00002
********  0.80498  0.00000
********  0.80498  0.00000
********  0.80498  0.00001
********  0.80498  0.00001
********  0.80498  0.00000
92.07942 72.23682  0.00000
92.07942 72.23682  0.00000
92.07942 72.23682  0.00000
92.07942 72.23682  0.00000
92.07942 72.23682  0.00000
 1.27184  0.39633  0.00000
 1.27184  0.39633  0.00003
 1.27184  0.39633  0.00022
 1.27184  0.39633  0.00006
 1.27184  0.39633  0.00000
 2.16779  0.37626  0.00000
 2.16779  0.37626  0.00003
 2.14435  0.37626  0.00021
 2.14435  0.37626  0.00006
 2.14435  0.37626  0.00000
 5.73900  0.30601  0.00000
 5.78756  0.30601  0.00002
 5.78756  0.30601  0.00016
 5.73900  0.30601  0.00005
 5.64186  0.30601  0.00000
********  0.13539  0.00000
********  0.13539  0.00000
********  0.13539  0.00000
********  0.13539  0.00000
********  0.13539  0.00000
 2.02716  0.92826  0.00000
 1.95685  0.90819  0.00002
 1.95685  0.90819  0.00015
 1.95685  0.90819  0.00004
 1.95685  0.90819  0.00000
 5.64186  0.72754  0.00000
 5.73900  0.74761  0.00001
 5.73900  0.74761  0.00011
 5.73900  0.74761  0.00003
 5.69043  0.74761  0.00000
********  0.22572  0.00000
********  0.22572  0.00000
********  0.22572  0.00000
********  0.22572  0.00000
********  0.22572  0.00000
 1.88654  1.50831  0.00000
 1.88654  1.50831  0.00002
 1.88654  1.50831  0.00013
 1.88654  1.50831  0.00004
 1.88654  1.50831  0.00000
 5.64186  1.22197  0.00000
 5.64186  1.22197  0.00001
 5.64186  1.22197  0.00010
 5.64186  1.19334  0.00003
 5.64186  1.19334  0.00000
********  0.30571  0.00000
********  0.30571  0.00000
********  0.30571  0.00000
********  0.30571  0.00000
********  0.30571  0.00000
 4.86480  3.66524  0.00000
 4.86480  3.66524  0.00001
 4.86480  3.66524  0.00007
 4.86480  3.66524  0.00002
 4.86480  3.66524  0.00000
********  0.81727  0.00000
********  0.81727  0.00000
********  0.81727  0.00000
********  0.81727  0.00000
********  0.81727  0.00000
92.09171 72.24912  0.00000
92.09171 72.24912  0.00000
92.09171 72.24912  0.00000
92.09171 72.24912  0.00000
92.09171 72.24912  0.00000
 1.25290  0.41025  0.00000
 1.25290  0.41025  0.00025
 1.25290  0.41025  0.00135
 1.25290  0.41025  0.00086
 1.25290  0.41025  0.00004
 2.13483  0.39018  0.00000
 2.13483  0.39018  0.00023
 2.13483  0.39018  0.00126
 2.13483  0.39018  0.00080
 2.13483  0.39018  0.00004
 5.75292  0.31993  0.00000
 5.75292  0.31993  0.00017
 5.75292  0.31993  0.00093
 5.75292  0.31993  0.00058
 5.70435  0.31993  0.00003
********  0.14931  0.00000
********  0.14931  0.00000
********  0.14931  0.00001
********  0.14931  0.00001
********  0.14931  0.00000
 2.04108  0.94218  0.00000
 2.04108  0.94218  0.00016
 1.99421  0.92211  0.00085
 1.99421  0.92211  0.00053
 1.94733  0.90204  0.00003
 5.70435  0.76153  0.00000
 5.70435  0.76153  0.00012
 5.70435  0.76153  0.00062
 5.70435  0.76153  0.00039
 5.65578  0.76153  0.00002
********  0.23964  0.00000
********  0.23964  0.00000
********  0.23964  0.00001
********  0.23964  0.00001
********  0.23964  0.00000
 1.90046  1.52223  0.00000
 1.85358  1.52223  0.00014
 1.85358  1.52223  0.00076
 1.85358  1.52223  0.00048
 1.85358  1.52223  0.00002
 5.65578  1.26453  0.00000
 5.65578  1.20726  0.00011
 5.65578  1.20726  0.00056
 5.65578  1.20726  0.00035
 5.65578  1.20726  0.00002
********  0.31963  0.00000
********  0.31963  0.00000
********  0.31963  0.00001
********  0.31963  0.00000
********  0.31963  0.00000
 4.92728  3.67916  0.00000
 4.87872  3.67916  0.00008
 4.78159  3.67916  0.00041
 4.78159  3.67916  0.00025
 4.78159  3.67916  0.00001
********  0.83119  0.00000
********  0.83119  0.00000
********  0.83119  0.00001
********  0.83119  0.00000
********  0.83119  0.00000
92.10563 72.26304  0.00000
92.10563 72.26304  0.00000
92.10563 72.26304  0.00000
92.10563 72.26304  0.00000
92.10563 72.26304  0.00000
 1.30152  0.42602  0.00000
 1.26866  0.42602  0.00004
 1.25223  0.42602  0.00047
 1.25223  0.42602  0.00050
 1.25223  0.42602  0.00004
 2.12715  0.39591  0.00000
 2.12715  0.39591  0.00003
 2.12715  0.39591  0.00045
 2.12715  0.39591  0.00047
 2.12715  0.39591  0.00003
 5.72011  0.33569  0.00000
 5.86581  0.33569  0.00002
 5.72011  0.33569  0.00033
 5.67154  0.33569  0.00035
 5.67154  0.33569  0.00002
********  0.16507  0.00000
********  0.16507  0.00000
********  0.16507  0.00000
********  0.16507  0.00000
********  0.16507  0.00000
 2.00997  0.93787  0.00000
 2.00997  0.93787  0.00002
 2.00997  0.93787  0.00031
 2.00997  0.93787  0.00033
 1.96309  0.93787  0.00002
 5.86581  0.75722  0.00000
 5.86581  0.75722  0.00002
 5.67154  0.75722  0.00023
 5.67154  0.75722  0.00024
 5.62298  0.75722  0.00002
********  0.25540  0.00000
********  0.25540  0.00000
********  0.25540  0.00000
********  0.25540  0.00000
********  0.25540  0.00000
 5.76868  1.28029  0.00000
 5.67154  1.19439  0.00002
 5.67154  1.19439  0.00021
 5.67154  1.19439  0.00022
 5.47728  1.22302  0.00002
********  0.33539  0.00000
********  0.33539  0.00000
********  0.33539  0.00000
********  0.33539  0.00000
********  0.33539  0.00000
 4.94305  3.63559  0.00000
 4.94305  3.63559  0.00001
 4.94305  3.63559  0.00015
 4.79735  3.63559  0.00016
 4.70021  3.69492  0.00001
********  0.84695  0.00000
********  0.84695  0.00000
********  0.84695  0.00000
********  0.84695  0.00000
********  0.84695  0.00000
92.12140 72.27880  0.00000
92.12140 72.27880  0.00000
92.12140 72.27880  0.00000
92.12140 72.27880  0.00000
92.12140 72.27880  0.00000
 1.30294  0.44386  0.00000
 1.30294  0.44386  0.00005
 1.28651  0.44386  0.00060
 1.28651  0.44386  0.00063
 1.28651  0.44386  0.00007
 2.09812  0.41375  0.00000
 2.09812  0.41375  0.00005
 2.07469  0.41375  0.00055
 2.07469  0.41375  0.00057
 2.07469  0.41375  0.00006
 5.68939  0.34350  0.00000
 5.88365  0.35353  0.00004
 5.83509  0.35353  0.00040
 5.83509  0.35353  0.00041
 5.68939  0.34350  0.00004
********  0.18291  0.00000
********  0.18291  0.00000
********  0.18291  0.00001
********  0.18291  0.00001
********  0.18291  0.00000
 1.98094  0.95571  0.00000
 1.98094  0.95571  0.00003
 1.98094  0.95571  0.00037
 1.98094  0.95571  0.00038
 1.98094  0.95571  0.00004
 5.88365  0.79513  0.00000
 5.88365  0.75499  0.00002
 5.88365  0.75499  0.00027
 5.59225  0.77506  0.00028
 5.59225  0.77506  0.00003
********  0.27324  0.00000
********  0.27324  0.00000
********  0.27324  0.00000
********  0.27324  0.00000
********  0.27324  0.00000
 5.78652  1.32677  0.00000
 5.49512  1.24087  0.00002
 5.49512  1.24087  0.00024
 5.49512  1.24087  0.00025
 5.49512  1.21223  0.00003
********  0.35324  0.00000
********  0.35324  0.00000
********  0.35324  0.00000
********  0.35324  0.00000
********  0.35324  0.00000
 4.86376  3.65343  0.00000
 4.86376  3.65343  0.00002
 4.86376  3.65343  0.00017
 4.71806  3.65343  0.00017
 4.71806  3.59410  0.00002
********  0.86480  0.00000
********  0.86480  0.00000
********  0.86480  0.00000
********  0.86480  0.00000
********  0.86480  0.00000
92.13924 72.29664  0.00000
92.13924 72.29664  0.00000
92.13924 72.29664  0.00000
92.13924 72.29664  0.00000
92.13924 72.29664  0.00000
 1.29028  0.46406  0.00000
 1.29028  0.46406  0.00004
 1.29028  0.45403  0.00072
 1.29028  0.45403  0.00094
 1.29028  0.45403  0.00010
 2.11833  0.43395  0.00000
 2.11833  0.43395  0.00004
 2.04801  0.42392  0.00065
 2.04801  0.42392  0.00086
 2.04801  0.42392  0.00009
 5.80672  0.37374  0.00000
 5.80672  0.37374  0.00003
 5.80672  0.37374  0.00047
 5.80672  0.37374  0.00062
 5.75816  0.37374  0.00007
********  0.20312  0.00000
********  0.20312  0.00000
********  0.20312  0.00001
********  0.20312  0.00001
********  0.20312  0.00000
 1.95426  0.95585  0.00000
 1.95426  0.95585  0.00003
 1.95426  0.95585  0.00045
 1.95426  0.95585  0.00059
 1.95426  0.95585  0.00006
 5.70959  0.77519  0.00000
 5.70959  0.77519  0.00002
 5.70959  0.77519  0.00032
 5.70959  0.77519  0.00043
 5.70959  0.77519  0.00005
********  0.29344  0.00000
********  0.29344  0.00000
********  0.29344  0.00000
********  0.29344  0.00001
********  0.29344  0.00000
 5.75816  1.31834  0.00000
 5.75816  1.31834  0.00002
 5.75816  1.31834  0.00029
 5.51533  1.23244  0.00039
 5.51533  1.23244  0.00004
********  0.37344  0.00000
********  0.37344  0.00000
********  0.37344  0.00000
********  0.37344  0.00001
********  0.37344  0.00000
 4.83539  3.61430  0.00000
 4.83539  3.61430  0.00001
 4.83539  3.61430  0.00021
 4.78683  3.61430  0.00027
 4.78683  3.61430  0.00003
********  0.82567  0.00000
********  0.82567  0.00000
********  0.82567  0.00000
********  0.82567  0.00000
********  0.82567  0.00000
92.15944 72.31685  0.00000
92.15944 72.31685  0.00000
92.15944 72.31685  0.00000
92.15944 72.31685  0.00000
92.15944 72.31685  0.00000
 2.11776  0.45683  0.00000
 2.11776  0.45683  0.00004
 2.11776  0.45683  0.00049
 2.07089  0.44679  0.00037
 5.92673  0.38657  0.00000
 5.92673  0.38657  0.00003
 5.92673  0.38657  0.00036
 5.73247  0.39661  0.00026
********  0.22599  0.00000
********  0.22599  0.00000
********  0.22599  0.00000
********  0.22599  0.00000
 2.00058  0.97872  0.00000
 1.95370  0.97872  0.00003
 1.95370  0.97872  0.00034
 1.95370  0.97872  0.00025
 5.82960  0.81814  0.00000
 5.73247  0.79807  0.00002
 5.73247  0.79807  0.00024
 5.73247  0.79807  0.00018
********  0.31632  0.00000
********  0.31632  0.00000
********  0.31632  0.00000
********  0.31632  0.00000
 5.68390  1.34121  0.00000
 5.68390  1.34121  0.00002
 5.68390  1.34121  0.00022
 5.34393  1.25531  0.00016
********  0.39632  0.00000
********  0.39632  0.00000
********  0.39632  0.00000
********  0.39632  0.00000
 4.95540  3.75584  0.00000
 4.80970  3.63718  0.00001
 4.80970  3.63718  0.00016
 4.76114  3.63718  0.00012
********  0.84854  0.00000
********  0.84854  0.00000
********  0.84854  0.00000
********  0.84854  0.00000
92.18232 72.33972  0.00000
92.18232 72.33972  0.00000
92.18232 72.33972  0.00000
92.18232 72.33972  0.00000
 2.07335  0.47269  0.00000
 2.07335  0.47269  0.00026
 2.07335  0.47269  0.00173
 2.07335  0.47269  0.00160
 2.07335  0.47269  0.00021
 5.75837  0.41247  0.00000
 5.75837  0.41247  0.00019
 5.75837  0.41247  0.00123
 5.75837  0.41247  0.00113
 5.75837  0.41247  0.00015
********  0.25189  0.00000
********  0.25189  0.00000
********  0.25189  0.00002
********  0.25189  0.00002
********  0.25189  0.00000
 2.00304  1.00462  0.00000
 2.00304  1.00462  0.00016
 1.97960  0.98455  0.00110
 1.97960  0.98455  0.00103
 1.93273  0.98455  0.00014
 5.90407  0.86411  0.00000
 5.56410  0.82397  0.00012
 5.56410  0.82397  0.00078
 5.56410  0.82397  0.00073
 5.56410  0.80389  0.00010
********  0.34222  0.00000
********  0.34222  0.00000
********  0.34222  0.00001
********  0.34222  0.00001
********  0.34222  0.00000
 5.61267  1.33848  0.00000
 5.61267  1.33848  0.00010
 5.61267  1.33848  0.00067
 5.61267  1.33848  0.00063
 5.56410  1.33848  0.00009
********  0.42221  0.00000
********  0.42221  0.00000
********  0.42221  0.00001
********  0.42221  0.00001
********  0.42221  0.00000
 4.78704  3.78174  0.00000
 4.78704  3.78174  0.00007
 4.73847  3.66308  0.00048
 4.68990  3.66308  0.00045
 4.68990  3.66308  0.00006
********  0.87444  0.00000
********  0.87444  0.00000
********  0.87444  0.00001
********  0.87444  0.00001
********  0.87444  0.00000
92.20822 72.36562  0.00000
92.20822 72.36562  0.00000
92.20822 72.36562  0.00000
92.20822 72.36562  0.00000
92.20822 72.36562  0.00000
 2.07924  0.50202  0.00000
 2.07924  0.50202  0.00002
 2.07924  0.50202  0.00029
 2.07924  0.50202  0.00043
 2.05580  0.50202  0.00006
 6.03052  0.45183  0.00000
 5.78769  0.44180  0.00002
 5.78769  0.43176  0.00020
 5.78769  0.43176  0.00031
 5.78769  0.43176  0.00004
********  0.28122  0.00000
********  0.28122  0.00000
********  0.28122  0.00000
********  0.28122  0.00000
********  0.28122  0.00000
 5.78769  0.89343  0.00000
 5.78769  0.89343  0.00001
 5.78769  0.89343  0.00013
 5.39916  0.83322  0.00020
 5.39916  0.83322  0.00003
********  0.35147  0.00000
********  0.35147  0.00000
********  0.35147  0.00000
********  0.35147  0.00000
********  0.35147  0.00000
 5.54486  1.36780  0.00000
 5.54486  1.36780  0.00001
 5.54486  1.36780  0.00012
 5.54486  1.36780  0.00018
 5.49629  1.36780  0.00002
********  0.45154  0.00000
********  0.45154  0.00000
********  0.45154  0.00000
********  0.45154  0.00000
********  0.45154  0.00000
 4.81636  3.75174  0.00000
 4.81636  3.75174  0.00001
 4.81636  3.75174  0.00009
 4.81636  3.75174  0.00014
 4.81636  3.75174  0.00002
********  0.96310  0.00000
********  0.96310  0.00000
********  0.96310  0.00000
********  0.96310  0.00000
********  0.96310  0.00000
92.23754 71.00756  0.00000
92.23754 71.00756  0.00000
92.23754 71.00756  0.00000
92.23754 71.00756  0.00000
92.23754 71.00756  0.00000
 2.11244  0.53522  0.00000
 2.11244  0.53522  0.00005
 2.06556  0.52518  0.00076
 2.06556  0.52518  0.00127
 2.01869  0.52518  0.00026
 5.91802  0.48503  0.00000
 5.91802  0.48503  0.00003
 5.62662  0.46496  0.00054
 5.62662  0.46496  0.00090
 5.62662  0.46496  0.00019
********  0.31442  0.00000
********  0.31442  0.00000
********  0.31442  0.00001
********  0.31442  0.00001
********  0.31442  0.00000
 5.72376  0.90656  0.00000
 5.72376  0.90656  0.00002
 5.72376  0.90656  0.00035
 5.67519  0.90656  0.00059
 5.67519  0.90656  0.00012
********  0.38467  0.00000
********  0.38467  0.00000
********  0.38467  0.00000
********  0.38467  0.00001
********  0.38467  0.00000
 5.43236  1.37237  0.00000
 5.43236  1.37237  0.00002
 5.43236  1.37237  0.00031
 5.43236  1.37237  0.00053
 5.43236  1.37237  0.00011
********  0.48474  0.00000
********  0.48474  0.00000
********  0.48474  0.00000
********  0.48474  0.00001
********  0.48474  0.00000
 4.84956  3.72560  0.00000
 4.84956  3.72560  0.00001
 4.84956  3.72560  0.00022
 4.84956  3.66627  0.00038
 4.84956  3.66627  0.00008
********  0.99630  0.00000
********  0.99630  0.00000
********  0.99630  0.00000
********  0.99630  0.00001
********  0.99630  0.00000
92.27074 71.04076  0.00000
92.27074 71.04076  0.00000
92.27074 71.04076  0.00000
92.27074 71.04076  0.00000
92.27074 71.04076  0.00000
 5.70678  0.55515  0.00000
 5.70678  0.55515  0.00002
 5.70678  0.55515  0.00042
 5.70678  0.55515  0.00098
 5.65821  0.55515  0.00028
********  0.39457  0.00000
********  0.39457  0.00000
********  0.39457  0.00001
********  0.39457  0.00001
********  0.39457  0.00000
 5.46394  0.96664  0.00000
 5.46394  0.96664  0.00001
 5.46394  0.96664  0.00027
 5.46394  0.96664  0.00063
 5.41538  0.96664  0.00018
********  0.48490  0.00000
********  0.48490  0.00000
********  0.48490  0.00000
********  0.48490  0.00001
********  0.48490  0.00000
 5.31824  1.45252  0.00000
 5.31824  1.45252  0.00001
 5.31824  1.45252  0.00024
 5.31824  1.45252  0.00056
 5.31824  1.45252  0.00016
********  0.56489  0.00000
********  0.56489  0.00000
********  0.56489  0.00000
********  0.56489  0.00001
********  0.56489  0.00000
 4.73545  3.68709  0.00000
 4.73545  3.68709  0.00001
 4.73545  3.68709  0.00017
 4.73545  3.68709  0.00041
 4.54118  3.68709  0.00012
********  1.07645  0.00000
********  1.07645  0.00000
********  1.07645  0.00000
********  1.07645  0.00001
********  1.07645  0.00000
91.21526 71.12092  0.00000
91.21526 71.12092  0.00000
91.21526 71.12092  0.00000
91.21526 71.12092  0.00000
91.21526 71.12092  0.00000
 5.56070  0.60334  0.00000
 5.56070  0.60334  0.00060
 5.56070  0.60334  0.00107
 5.51213  0.60334  0.00021
********  0.44276  0.00000
********  0.44276  0.00001
********  0.44276  0.00002
********  0.44276  0.00000
 5.46357  1.03490  0.00000
 5.36643  0.99476  0.00040
 5.36643  0.99476  0.00072
 5.31787  0.99476  0.00014
********  0.53308  0.00000
********  0.53308  0.00001
********  0.53308  0.00001
********  0.53308  0.00000
 5.26930  1.50071  0.00000
 5.26930  1.50071  0.00036
 5.26930  1.50071  0.00064
 5.17217  1.50071  0.00012
********  0.61308  0.00000
********  0.61308  0.00001
********  0.61308  0.00001
********  0.61308  0.00000
 4.58937  3.67595  0.00000
 4.58937  3.67595  0.00025
 4.58937  3.67595  0.00045
 4.58937  3.61661  0.00009
********  1.12464  0.00000
********  1.12464  0.00000
********  1.12464  0.00001
********  1.12464  0.00000
91.26345 71.16910  0.00000
91.26345 71.16910  0.00000
91.26345 71.16910  0.00000
91.26345 71.16910  0.00000
 5.51813  0.65790  0.00000
 5.51813  0.65790  0.00039
 5.51813  0.65790  0.00104
 5.37243  0.64786  0.00029
********  0.50735  0.00000
********  0.50735  0.00001
********  0.50735  0.00001
********  0.50735  0.00000
 5.32386  1.06939  0.00000
 5.32386  1.06939  0.00026
 5.32386  1.06939  0.00069
 5.32386  1.06939  0.00019
********  0.58764  0.00000
********  0.58764  0.00000
********  0.58764  0.00001
********  0.58764  0.00000
 5.12959  1.49800  0.00000
 5.12959  1.49800  0.00024
 5.12959  1.49800  0.00063
 5.12959  1.49800  0.00017
********  0.66764  0.00000
********  0.66764  0.00000
********  0.66764  0.00001
********  0.66764  0.00000
 4.64393  3.78984  0.00000
 4.64393  3.78984  0.00017
 4.64393  3.78984  0.00045
 4.54679  3.61184  0.00012
********  1.17920  0.00000
********  1.17920  0.00000
********  1.17920  0.00001
********  1.17920  0.00000
91.31801 71.22366  0.00000
91.31801 71.22366  0.00000
91.31801 71.22366  0.00000
91.31801 71.22366  0.00000
 5.38563  0.71967  0.00000
 5.38563  0.71967  0.00014
 5.38563  0.71967  0.00109
 5.28850  0.71967  0.00076
********  0.56913  0.00000
********  0.56913  0.00000
********  0.56913  0.00002
********  0.56913  0.00001
 5.19137  1.11109  0.00000
 5.19137  1.11109  0.00009
 5.19137  1.11109  0.00072
 5.09423  1.11109  0.00050
********  0.64942  0.00000
********  0.64942  0.00000
********  0.64942  0.00001
********  0.64942  0.00001
 1.95867  1.73158  0.00000
 1.95867  1.73158  0.00011
 1.95867  1.73158  0.00089
 5.28850  1.58841  0.00000
 5.09423  1.53114  0.00008
 5.09423  1.55978  0.00064
 5.09423  1.53114  0.00045
********  0.72941  0.00000
********  0.72941  0.00000
********  0.72941  0.00001
********  0.72941  0.00001
 4.60857  3.73295  0.00000
 4.60857  3.73295  0.00006
 4.60857  3.73295  0.00046
 4.51144  3.73295  0.00032
********  1.24097  0.00000
********  1.24097  0.00000
********  1.24097  0.00001
********  1.24097  0.00000
91.37978 71.28544  0.00000
91.37978 71.28544  0.00000
91.37978 71.28544  0.00000
91.37978 71.28544  0.00000
 2.07549  0.80969  0.00002
 5.30987  0.77958  0.00001
 5.30987  0.77958  0.00039
 5.30987  0.76954  0.00022
********  0.63907  0.00000
********  0.63907  0.00001
********  0.63907  0.00000
 2.02861  1.26132  0.00001
 2.02861  1.26132  0.00035
 2.02861  1.26132  0.00020
 5.16417  1.16096  0.00001
 5.16417  1.16096  0.00025
 5.11561  1.16096  0.00014
********  0.71936  0.00000
********  0.71936  0.00000
********  0.71936  0.00000
 1.98174  1.80152  0.00001
 1.98174  1.80152  0.00031
 1.98174  1.77288  0.00017
 4.96991  1.62972  0.00001
 4.96991  1.62972  0.00022
 4.96991  1.62972  0.00012
********  0.79935  0.00000
********  0.79935  0.00000
********  0.79935  0.00000
 4.58138  3.80289  0.00001
 4.58138  3.80289  0.00016
 4.38711  3.74356  0.00009
********  1.31091  0.00000
********  1.31091  0.00000
********  1.31091  0.00000
90.31409 71.35538  0.00000
90.31409 71.35538  0.00000
90.31409 71.35538  0.00000
 2.13124  0.87884  0.00000
 2.13124  0.87884  0.00013
 2.13124  0.87884  0.00068
 2.13124  0.87884  0.00069
 5.24336  0.85877  0.00000
 5.24336  0.85877  0.00010
 5.24336  0.85877  0.00050
 5.24336  0.85877  0.00050
********  0.70822  0.00000
********  0.70822  0.00000
********  0.70822  0.00001
********  0.70822  0.00001
 2.03749  1.30037  0.00000
 2.06093  1.32044  0.00008
 2.06093  1.32044  0.00044
 2.06093  1.32044  0.00045
 5.04910  1.24015  0.00000
 5.04910  1.24015  0.00006
 5.04910  1.24015  0.00032
 5.04910  1.24015  0.00032
********  0.79855  0.00000
********  0.79855  0.00000
********  0.79855  0.00000
********  0.79855  0.00000
 4.85483  1.68027  0.00000
 4.85483  1.68027  0.00005
 4.85483  1.68027  0.00028
 4.85483  1.65164  0.00029
********  0.87854  0.00000
********  0.87854  0.00000
********  0.87854  0.00000
********  0.87854  0.00000
 4.46630  3.76341  0.00000
 4.46630  3.76341  0.00004
 4.46630  3.76341  0.00020
 4.41773  3.76341  0.00021
********  1.39010  0.00000
********  1.39010  0.00000
********  1.39010  0.00000
********  1.39010  0.00000
90.39328 71.43457  0.00000
90.39328 71.43457  0.00000
90.39328 71.43457  0.00000
90.39328 71.43457  0.00000
 2.22090  0.95846  0.00000
 2.22090  0.96850  0.00000
 2.22090  0.96850  0.00001
 2.22090  0.95846  0.00019
 2.10371  0.96850  0.00029
 4.94449  0.93839  0.00000
 4.94449  0.93839  0.00000
 4.94449  0.93839  0.00001
 4.94449  0.93839  0.00014
 4.94449  0.93839  0.00021
********  0.79788  0.00000
********  0.79788  0.00000
********  0.79788  0.00000
********  0.79788  0.00000
********  0.79788  0.00000
 2.12715  1.41010  0.00000
 2.12715  1.41010  0.00000
 2.03340  1.36995  0.00001
 2.03340  1.36995  0.00012
 2.03340  1.36995  0.00019
 5.04162  1.28966  0.00000
 4.94449  1.30973  0.00000
 4.94449  1.30973  0.00000
 4.94449  1.30973  0.00009
 4.94449  1.28966  0.00014
********  0.88821  0.00000
********  0.88821  0.00000
********  0.88821  0.00000
********  0.88821  0.00000
********  0.88821  0.00000
 4.94449  1.74130  0.00000
 4.94449  1.74130  0.00000
 4.94449  1.74130  0.00000
 4.94449  1.74130  0.00008
 4.75022  1.71267  0.00012
********  0.96820  0.00000
********  0.96820  0.00000
********  0.96820  0.00000
********  0.96820  0.00000
********  0.96820  0.00000
 4.55596  3.79374  0.00000
 4.55596  3.79374  0.00000
 4.55596  3.79374  0.00000
 4.55596  3.79374  0.00006
 4.55596  3.79374  0.00009
********  1.47976  0.00000
********  1.47976  0.00000
********  1.47976  0.00000
********  1.47976  0.00000
********  1.47976  0.00000
89.34730 71.52423  0.00000
89.34730 71.52423  0.00000
89.34730 71.52423  0.00000
89.34730 71.52423  0.00000
89.34730 71.52423  0.00000
 5.14314  1.03990  0.00000
 5.14314  1.03990  0.00000
 5.14314  1.03990  0.00000
 5.04600  1.03990  0.00013
 4.85174  1.02987  0.00041
********  0.89939  0.00000
********  0.89939  0.00000
********  0.89939  0.00000
********  0.89939  0.00000
********  0.89939  0.00001
 4.94887  1.41125  0.00000
 4.94887  1.41125  0.00000
 4.94887  1.41125  0.00000
 4.94887  1.41125  0.00009
 4.94887  1.39118  0.00027
********  0.98972  0.00000
********  0.98972  0.00000
********  0.98972  0.00000
********  0.98972  0.00000
********  0.98972  0.00000
 4.94887  1.84281  0.00000
 4.75460  1.81418  0.00000
 4.75460  1.81418  0.00000
 4.75460  1.81418  0.00008
 4.75460  1.81418  0.00024
********  1.06972  0.00000
********  1.06972  0.00000
********  1.06972  0.00000
********  1.06972  0.00000
********  1.06972  0.00000
********  1.58128  0.00000
********  1.58128  0.00000
********  1.58128  0.00000
********  1.58128  0.00000
********  1.58128  0.00000
89.44881 70.23836  0.00000
89.44881 70.23836  0.00000
89.44881 70.23836  0.00000
89.44881 70.23836  0.00000
89.44881 70.23836  0.00000
 5.06381  1.14480  0.00000
 5.06381  1.14480  0.00000
 5.06381  1.14480  0.00000
 5.06381  1.14480  0.00001
 4.86954  1.14480  0.00013
********  1.01433  0.00000
********  1.01433  0.00000
********  1.01433  0.00000
********  1.01433  0.00000
********  1.01433  0.00000
 4.96667  1.48604  0.00000
 4.96667  1.48604  0.00000
 4.96667  1.48604  0.00000
 4.96667  1.48604  0.00001
 4.67528  1.48604  0.00009
********  1.10466  0.00000
********  1.10466  0.00000
********  1.10466  0.00000
********  1.10466  0.00000
********  1.10466  0.00000
 4.77241  1.90048  0.00000
 4.77241  1.90048  0.00000
 4.77241  1.90048  0.00000
 4.77241  1.90048  0.00001
 4.72384  1.90048  0.00008
********  1.18465  0.00000
********  1.18465  0.00000
********  1.18465  0.00000
********  1.18465  0.00000
********  1.18465  0.00000
********  1.63688  0.00000
********  1.63688  0.00000
********  1.63688  0.00000
********  1.63688  0.00000
********  1.63688  0.00000
89.56375 70.35329  0.00000
89.56375 70.35329  0.00000
89.56375 70.35329  0.00000
89.56375 70.35329  0.00000
89.56375 70.35329  0.00000
 4.90254  1.27493  0.00000
 4.90254  1.27493  0.00000
 4.90254  1.27493  0.00000
 4.90254  1.27493  0.00000
 4.90254  1.27493  0.00001
********  1.14446  0.00000
********  1.14446  0.00000
********  1.14446  0.00000
********  1.14446  0.00000
********  1.14446  0.00000
 4.90254  1.61617  0.00000
 4.90254  1.61617  0.00000
 4.90254  1.61617  0.00000
 4.90254  1.61617  0.00000
 4.90254  1.59610  0.00001
********  1.23479  0.00000
********  1.23479  0.00000
********  1.23479  0.00000
********  1.23479  0.00000
********  1.23479  0.00000
********  1.31478  0.00000
********  1.31478  0.00000
********  1.31478  0.00000
********  1.31478  0.00000
********  1.31478  0.00000
********  1.76701  0.00000
********  1.76701  0.00000
********  1.76701  0.00000
********  1.76701  0.00000
********  1.76701  0.00000
88.55825 70.48343  0.00000
88.55825 70.48343  0.00000
88.55825 70.48343  0.00000
88.55825 70.48343  0.00000
88.55825 70.48343  0.00000
********  1.29180  0.00000
********  1.29180  0.00000
********  1.29180  0.00000
********  1.29180  0.00000
********  1.36205  0.00000
********  1.36205  0.00000
********  1.36205  0.00000
********  1.36205  0.00000
********  1.46212  0.00000
********  1.46212  0.00000
********  1.46212  0.00000
********  1.46212  0.00000
********  1.91435  0.00000
********  1.91435  0.00000
********  1.91435  0.00000
********  1.91435  0.00000
88.70559 70.63077  0.00000
88.70559 70.63077  0.00000
88.70559 70.63077  0.00000
88.70559 70.63077  0.00001
********  1.45862  0.00000
********  1.45862  0.00000
********  1.45862  0.00000
********  1.45862  0.00000
********  1.52887  0.00000
********  1.52887  0.00000
********  1.52887  0.00000
********  1.52887  0.00000
********  1.62894  0.00000
********  1.62894  0.00000
********  1.62894  0.00000
********  1.62894  0.00000
********  2.08117  0.00000
********  2.08117  0.00000
********  2.08117  0.00000
********  2.08117  0.00000
96.82185 74.95973  0.00000
96.82185 74.95973  0.00000
96.82185 74.95973  0.00000
96.82185 74.95973  0.00000
********  1.64750  0.00000
********  1.64750  0.00000
********  1.64750  0.00000
********  1.64750  0.00000
********  1.64750  0.00000
********  1.71775  0.00000
********  1.71775  0.00000
********  1.71775  0.00000
********  1.71775  0.00000
********  1.71775  0.00000
********  1.81782  0.00000
********  1.81782  0.00000
********  1.81782  0.00000
********  1.81782  0.00000
********  1.81782  0.00000
********  2.27005  0.00000
********  2.27005  0.00000
********  2.27005  0.00000
********  2.27005  0.00000
********  2.27005  0.00000
95.87509 73.76122  0.00000
95.87509 73.76122  0.00000
95.87509 73.76122  0.00000
95.87509 73.76122  0.00000
95.87509 73.76122  0.00000
********  1.86134  0.00000
********  1.86134  0.00000
********  1.86134  0.00000
********  1.86134  0.00000
********  1.95167  0.00000
********  1.95167  0.00000
********  1.95167  0.00000
********  1.95167  0.00000
********  2.03167  0.00000
********  2.03167  0.00000
********  2.03167  0.00000
********  2.03167  0.00000
********  2.54323  0.00000
********  2.54323  0.00000
********  2.54323  0.00000
********  2.54323  0.00000
94.95330 73.97507  0.00000
94.95330 73.97507  0.00000
94.95330 73.97507  0.00000
94.95330 73.97507  0.00000
********  2.10347  0.00000
********  2.10347  0.00000
********  2.10347  0.00000
********  2.17372  0.00000
********  2.17372  0.00000
********  2.17372  0.00000
********  2.27379  0.00000
********  2.27379  0.00000
********  2.27379  0.00000
********  2.72602  0.00000
********  2.72602  0.00000
********  2.72602  0.00000
94.05979 74.21720  0.00000
94.05979 74.21720  0.00000
94.05979 74.21720  0.00000
********  2.37760  0.00000
********  2.37760  0.00000
********  2.37760  0.00000
********  2.37760  0.00000
********  2.37760  0.00000
********  2.44786  0.00000
********  2.44786  0.00000
********  2.44786  0.00000
********  2.44786  0.00000
********  2.44786  0.00000
********  2.54793  0.00000
********  2.54793  0.00000
********  2.54793  0.00000
********  2.54793  0.00000
********  2.54793  0.00000
********  3.00015  0.00000
********  3.00015  0.00000
********  3.00015  0.00000
********  3.00015  0.00000
********  3.00015  0.00000
95.46957 74.49133  0.00000
95.46957 74.49133  0.00000
95.46957 74.49133  0.00000
95.46957 74.49133  0.00000
95.46957 74.49133  0.00000
********  2.68799  0.00000
********  2.68799  0.00000
********  2.68799  0.00000
********  2.68799  0.00000
********  2.75824  0.00000
********  2.75824  0.00000
********  2.75824  0.00000
********  2.75824  0.00000
********  2.85831  0.00000
********  2.85831  0.00000
********  2.85831  0.00000
********  2.85831  0.00000
********  3.31054  0.00000
********  3.31054  0.00000
********  3.31054  0.00000
********  3.31054  0.00000
93.50868 74.80172  0.00000
93.50868 74.80172  0.00000
93.50868 74.80172  0.00000
93.50868 74.80172  0.00000
********  3.03941  0.00000
********  3.03941  0.00000
********  3.03941  0.00000
********  3.03941  0.00000
********  3.10966  0.00000
********  3.10966  0.00000
********  3.10966  0.00000
********  3.10966  0.00000
********  3.20973  0.00000
********  3.20973  0.00000
********  3.20973  0.00000
********  3.20973  0.00000
********  3.66196  0.00000
********  3.66196  0.00000
********  3.66196  0.00000
********  3.66196  0.00000
92.72447 73.76576  0.00000
92.72447 73.76576  0.00000
92.72447 73.76576  0.00000
92.72447 73.76576  0.00000
********  3.43729  0.00000
********  3.43729  0.00000
********  3.43729  0.00000
********  3.50755  0.00000
********  3.50755  0.00000
********  3.50755  0.00000
********  3.57898  0.00000
********  3.57898  0.00000
********  3.57898  0.00000
********  4.05985  0.00000
********  4.05985  0.00000
********  4.05985  0.00000
91.98672 72.77626  0.00000
91.98672 72.77626  0.00000
91.98672 72.77626  0.00000
********  3.88779  0.00000
********  3.88779  0.00000
********  3.88779  0.00000
********  3.95805  0.00000
********  3.95805  0.00000
********  3.95805  0.00000
********  4.05811  0.00000
********  4.05811  0.00000
********  4.05811  0.00000
********  4.51034  0.00000
********  4.51034  0.00000
********  4.51034  0.00000
 5.82473  4.45807  0.00000
 5.82473  4.45807  0.00000
********  4.39785  0.00000
********  4.39785  0.00000
 5.82473  4.72905  0.00000
 5.82473  4.72905  0.00000
********  4.46810  0.00000
********  4.46810  0.00000
 5.82473  4.88314  0.00000
 5.82473  4.88314  0.00000
********  4.53954  0.00000
********  4.53954  0.00000
********  5.02040  0.00000
********  5.02040  0.00000
********  4.97535  0.00000
********  4.97535  0.00046
********  5.04560  0.00000
********  5.04560  0.00031
********  5.11704  0.00000
********  5.11704  0.00027
********  5.53857  0.00000
********  5.53857  0.00020
********  5.62920  0.00000
********  5.62920  0.00000
********  5.69945  0.00000
********  5.69945  0.00000
********  5.77089  0.00000
********  5.77089  0.00000
********  6.19242  0.00000
********  6.19242  0.00000
********  6.36951  0.00039
********  6.43976  0.00026
********  6.51120  0.00023
********  6.93273  0.00017
********  7.20769  0.00062
********  7.27795  0.00042
********  7.34938  0.00037
********  7.77091  0.00026
 0.56859  0.47081  0.00006
 0.56859  0.47081  0.00577
 0.56859  0.47081  0.01469
 0.56859  0.47081  0.00384
 0.56859  0.47081  0.00014
 1.39710  0.34058  0.00004
 1.39710  0.34058  0.00390
 1.39710  0.34058  0.00999
 1.39710  0.34058  0.00261
 1.39710  0.34058  0.00010
 2.29418  0.30052  0.00004
 2.29418  0.29050  0.00337
 2.29418  0.29050  0.00873
 2.29418  0.29050  0.00227
 2.29418  0.29050  0.00009
 6.05045  0.22038  0.00002
 6.05045  0.22038  0.00232
 6.05045  0.22038  0.00605
 6.05045  0.22038  0.00157
 5.95441  0.22038  0.00006
********  0.04007  0.00000
********  0.04007  0.00003
********  0.04007  0.00009
********  0.04007  0.00002
********  0.04007  0.00000
 1.21840  0.98168  0.00003
 1.20216  0.98168  0.00263
 1.20216  0.98168  0.00677
 1.18591  0.96165  0.00177
 1.18591  0.96165  0.00007
 2.22466  0.92158  0.00002
 2.17831  0.90155  0.00228
 2.17831  0.90155  0.00592
 2.10879  0.88151  0.00154
 2.03927  0.86148  0.00006
 6.05045  0.68117  0.00002
 6.05045  0.68117  0.00157
 5.81035  0.68117  0.00410
 5.66629  0.68117  0.00107
 5.66629  0.68117  0.00004
********  0.12021  0.00000
********  0.12021  0.00002
********  0.12021  0.00006
********  0.12021  0.00002
********  0.12021  0.00000
 1.99293  1.54323  0.00002
 1.99293  1.54323  0.00201
 1.99293  1.54323  0.00527
 1.94658  1.51466  0.00137
 1.94658  1.51466  0.00005
 5.85837  1.25745  0.00001
 5.85837  1.25745  0.00138
 5.66629  1.20029  0.00365
 5.57025  1.17171  0.00095
 5.47422  1.17171  0.00004
********  0.20005  0.00000
********  0.20005  0.00002
********  0.20005  0.00005
********  0.20005  0.00001
********  0.20005  0.00000
 4.99402  3.79003  0.00001
 4.99402  3.79003  0.00097
 4.99402  3.79003  0.00257
 4.99402  3.79003  0.00066
 4.99402  3.67159  0.00002
********  0.71063  0.00000
********  0.71063  0.00001
********  0.71063  0.00004
********  0.71063  0.00001
********  0.71063  0.00000
92.07309 72.00578  0.00000
92.07309 72.00578  0.00000
92.07309 72.00578  0.00000
92.07309 72.00578  0.00000
92.07309 72.00578  0.00000
 0.56890  0.47111  0.00000
 0.56890  0.47111  0.00000
 1.39741  0.34089  0.00000
 1.39741  0.34089  0.00000
 2.29449  0.29081  0.00000
 2.29449  0.29081  0.00000
 6.05076  0.22069  0.00000
 6.05076  0.22069  0.00000
********  0.04038  0.00000
********  0.04038  0.00000
 1.21871  0.98199  0.00000
 1.20247  0.98199  0.00000
 2.22497  0.92189  0.00000
 2.17862  0.90185  0.00000
 6.05076  0.68147  0.00000
 6.05076  0.68147  0.00000
********  0.12051  0.00000
********  0.12051  0.00000
 1.99323  1.54354  0.00000
 1.99323  1.54354  0.00000
 5.85868  1.25776  0.00000
 5.85868  1.25776  0.00000
********  0.20036  0.00000
********  0.20036  0.00000
 4.99433  3.79033  0.00000
 4.99433  3.79033  0.00000
********  0.71094  0.00000
********  0.71094  0.00000
92.07339 72.00608  0.00000
92.07339 72.00608  0.00000
 0.56965  0.47187  0.00000
 0.56965  0.47187  0.00004
 0.56965  0.47187  0.00001
 1.39817  0.34165  0.00000
 1.39817  0.34165  0.00003
 1.39817  0.34165  0.00000
 2.29525  0.29156  0.00000
 2.29525  0.29156  0.00003
 2.29525  0.29156  0.00000
 6.05151  0.22144  0.00000
 6.05151  0.22144  0.00002
 6.05151  0.22144  0.00000
********  0.04113  0.00000
********  0.04113  0.00000
********  0.04113  0.00000
 1.21947  0.98275  0.00000
 1.20322  0.98275  0.00002
 1.20322  0.98275  0.00000
 2.22573  0.92264  0.00000
 2.17938  0.90261  0.00002
 2.17938  0.90261  0.00000
 5.81142  0.68223  0.00000
 5.81142  0.68223  0.00001
 5.81142  0.68223  0.00000
********  0.12127  0.00000
********  0.12127  0.00000
********  0.12127  0.00000
 1.99399  1.54430  0.00000
 1.99399  1.54430  0.00002
 1.99399  1.54430  0.00000
 5.85944  1.25851  0.00000
 5.85944  1.25851  0.00001
 5.66736  1.20136  0.00000
********  0.20111  0.00000
********  0.20111  0.00000
********  0.20111  0.00000
 4.99509  3.79109  0.00000
 4.99509  3.79109  0.00001
 4.99509  3.79109  0.00000
********  0.71169  0.00000
********  0.71169  0.00000
********  0.71169  0.00000
92.07415 72.00684  0.00000
92.07415 72.00684  0.00000
92.07415 72.00684  0.00000
 0.56245  0.47279  0.00000
 0.56245  0.47279  0.00000
 1.39908  0.34256  0.00000
 1.39908  0.34256  0.00000
 2.29616  0.29248  0.00000
 2.29616  0.29248  0.00000
 6.05243  0.22236  0.00000
 6.05243  0.22236  0.00000
********  0.04205  0.00000
********  0.04205  0.00000
 1.22038  0.98366  0.00000
 1.20414  0.98366  0.00000
 2.20347  0.92356  0.00000
 2.18029  0.90352  0.00000
 5.86035  0.70318  0.00000
 5.81233  0.68315  0.00000
********  0.12219  0.00000
********  0.12219  0.00000
 1.99491  1.54521  0.00000
 1.99491  1.54521  0.00000
 5.86035  1.25943  0.00000
 5.86035  1.25943  0.00000
********  0.20203  0.00000
********  0.20203  0.00000
 4.99600  3.79201  0.00000
 4.99600  3.79201  0.00000
********  0.71261  0.00000
********  0.71261  0.00000
92.07507 72.00776  0.00000
92.07507 72.00776  0.00000
 0.56581  0.46614  0.00015
 0.56581  0.46614  0.00034
 0.56581  0.46614  0.00001
 1.38620  0.34593  0.00010
 1.38620  0.34593  0.00024
 1.38620  0.34593  0.00000
 2.27635  0.29584  0.00009
 2.27635  0.29584  0.00022
 2.27635  0.29584  0.00000
 5.95976  0.22572  0.00006
 5.95976  0.22572  0.00015
 5.95976  0.21571  0.00000
********  0.04541  0.00000
********  0.04541  0.00000
********  0.04541  0.00000
 1.19126  0.98703  0.00007
 1.19126  0.96699  0.00016
 1.17501  0.96699  0.00000
 2.16049  0.90689  0.00006
 2.09097  0.88686  0.00015
 2.02145  0.86682  0.00000
 5.81570  0.68651  0.00004
 5.76768  0.66648  0.00010
 5.67164  0.66648  0.00000
********  0.12555  0.00000
********  0.12555  0.00000
********  0.12555  0.00000
 1.97510  1.54858  0.00005
 1.95192  1.52000  0.00013
 1.95192  1.52000  0.00000
 5.86372  1.23422  0.00004
 5.52758  1.17706  0.00009
 5.47956  1.14848  0.00000
********  0.20539  0.00000
********  0.20539  0.00000
********  0.20539  0.00000
 4.99937  3.79537  0.00003
 4.99937  3.79537  0.00006
 4.99937  3.67693  0.00000
********  0.71598  0.00000
********  0.71598  0.00000
********  0.71598  0.00000
90.95559 72.01112  0.00000
90.95559 72.01112  0.00000
90.95559 72.01112  0.00000
 0.56652  0.46684  0.00000
 0.56652  0.46684  0.00054
 0.56652  0.46684  0.00047
 1.38691  0.34664  0.00000
 1.38691  0.34664  0.00038
 1.38691  0.34664  0.00033
 2.27706  0.29655  0.00000
 2.27706  0.29655  0.00035
 2.27706  0.29655  0.00030
 6.05650  0.22643  0.00000
 5.96046  0.22643  0.00024
 5.96046  0.22643  0.00021
********  0.04612  0.00000
********  0.04612  0.00000
********  0.04612  0.00000
 1.20821  0.98774  0.00000
 1.20821  0.98774  0.00026
 1.19197  0.98774  0.00022
 2.20754  0.92763  0.00000
 2.16119  0.90760  0.00024
 2.16119  0.90760  0.00020
 5.86442  0.70725  0.00000
 5.81640  0.68722  0.00017
 5.81640  0.68722  0.00014
********  0.12626  0.00000
********  0.12626  0.00000
********  0.12626  0.00000
 1.97581  1.54929  0.00000
 1.97581  1.54929  0.00022
 1.97581  1.54929  0.00018
 5.86442  1.23492  0.00000
 5.86442  1.23492  0.00016
 5.86442  1.23492  0.00012
********  0.20610  0.00000
********  0.20610  0.00000
********  0.20610  0.00000
 5.00007  3.79608  0.00000
 5.00007  3.79608  0.00011
 5.00007  3.79608  0.00009
********  0.71668  0.00000
********  0.71668  0.00000
********  0.71668  0.00000
90.95630 72.01183  0.00000
90.95630 72.01183  0.00000
90.95630 72.01183  0.00000
 0.55697  0.47354  0.00001
 0.55697  0.47354  0.00003
 1.37736  0.34332  0.00001
 1.37736  0.34332  0.00002
 2.26059  0.30325  0.00001
 2.26059  0.30325  0.00002
 5.96716  0.23313  0.00000
 5.96716  0.23313  0.00001
********  0.05282  0.00000
********  0.05282  0.00000
 1.23115  0.99443  0.00000
 1.19866  0.97440  0.00001
 2.19107  0.91430  0.00000
 2.07520  0.89426  0.00001
 5.77508  0.69392  0.00000
 5.67904  0.69392  0.00001
********  0.13296  0.00000
********  0.13296  0.00000
 1.98250  1.55598  0.00000
 1.95933  1.55598  0.00001
 5.87112  1.24162  0.00000
 5.53499  1.15589  0.00001
********  0.21280  0.00000
********  0.21280  0.00000
 5.00677  3.68434  0.00000
 5.00677  3.68434  0.00001
********  0.72338  0.00000
********  0.72338  0.00000
90.96299 72.01853  0.00000
90.96299 72.01853  0.00000
 0.55866  0.46521  0.00005
 0.55866  0.46521  0.00014
 1.37905  0.34500  0.00004
 1.37905  0.34500  0.00010
 2.26227  0.30493  0.00003
 2.26227  0.30493  0.00008
 5.96885  0.23481  0.00002
 5.96885  0.23481  0.00006
********  0.05451  0.00000
********  0.05451  0.00000
 1.23284  0.99612  0.00003
 1.18410  0.97608  0.00007
 2.19275  0.91598  0.00002
 2.07688  0.89595  0.00006
 5.77677  0.67557  0.00002
 5.68073  0.69560  0.00004
********  0.13464  0.00000
********  0.13464  0.00000
 1.96102  1.55767  0.00002
 1.96102  1.55767  0.00005
 5.87281  1.24331  0.00001
 5.53667  1.15757  0.00004
********  0.21449  0.00000
********  0.21449  0.00000
 5.00846  3.68602  0.00001
 5.00846  3.68602  0.00003
********  0.72507  0.00000
********  0.72507  0.00000
90.96468 72.02021  0.00000
90.96468 72.02021  0.00000
 1.36253  0.36098  0.00000
 1.34629  0.36098  0.00002
 1.34629  0.36098  0.00012
 1.34629  0.36098  0.00000
 1.34629  0.36098  0.00000
 2.34777  0.33093  0.00000
 2.23190  0.32091  0.00002
 2.23190  0.32091  0.00011
 2.23190  0.32091  0.00000
 2.23190  0.31089  0.00000
 5.98482  0.24077  0.00000
 5.98482  0.24077  0.00001
 5.88878  0.24077  0.00008
 5.88878  0.24077  0.00000
 5.69671  0.24077  0.00000
********  0.07048  0.00000
********  0.07048  0.00000
********  0.07048  0.00000
********  0.07048  0.00000
********  0.07048  0.00000
 1.26506  1.01209  0.00000
 1.24882  1.01209  0.00002
 1.23257  1.01209  0.00009
 1.21632  0.99206  0.00000
 1.21632  0.99206  0.00000
 2.20873  0.93196  0.00000
 2.16238  0.93196  0.00001
 2.16238  0.93196  0.00008
 2.16238  0.93196  0.00000
 2.04651  0.89189  0.00000
 5.88878  0.71158  0.00000
 5.88878  0.71158  0.00001
 5.88878  0.71158  0.00005
 5.74472  0.69154  0.00000
 5.60067  0.69154  0.00000
********  0.15062  0.00000
********  0.15062  0.00000
********  0.15062  0.00000
********  0.15062  0.00000
********  0.15062  0.00000
 1.95382  1.54507  0.00000
 1.95382  1.54507  0.00001
 1.95382  1.54507  0.00007
 1.93064  1.54507  0.00000
 2.00016  1.57365  0.00000
 5.98482  1.23070  0.00000
 5.88878  1.23070  0.00001
 5.88878  1.23070  0.00005
 5.88878  1.23070  0.00000
 5.50463  1.14497  0.00000
********  0.23046  0.00000
********  0.23046  0.00000
********  0.23046  0.00000
********  0.23046  0.00000
********  0.23046  0.00000
 4.92839  3.70200  0.00000
 4.92839  3.70200  0.00001
 4.92839  3.70200  0.00004
 4.92839  3.70200  0.00000
 4.92839  3.70200  0.00000
********  0.74104  0.00000
********  0.74104  0.00000
********  0.74104  0.00000
********  0.74104  0.00000
********  0.74104  0.00000
90.98066 72.03619  0.00000
90.98066 72.03619  0.00000
90.98066 72.03619  0.00000
90.98066 72.03619  0.00000
90.98066 72.03619  0.00000
 1.36655  0.36500  0.00000
 1.35031  0.35498  0.00001
 1.35031  0.35498  0.00000
 1.35031  0.35498  0.00000
 1.35031  0.35498  0.00001
 2.35179  0.32493  0.00000
 2.23592  0.31491  0.00001
 2.23592  0.31491  0.00000
 2.23592  0.31491  0.00000
 2.21275  0.31491  0.00001
 5.98884  0.24479  0.00000
 5.98884  0.24479  0.00001
 5.98884  0.24479  0.00000
 5.89280  0.24479  0.00000
 5.70073  0.25481  0.00000
********  0.07450  0.00000
********  0.07450  0.00000
********  0.07450  0.00000
********  0.07450  0.00000
********  0.07450  0.00000
 1.25284  1.01612  0.00000
 1.23659  1.01612  0.00001
 1.22035  1.01612  0.00000
 1.22035  0.99608  0.00000
 1.22035  0.99608  0.00000
 2.21275  0.93598  0.00000
 2.14323  0.93598  0.00001
 2.14323  0.93598  0.00000
 2.14323  0.93598  0.00000
 2.05053  0.89591  0.00000
 5.89280  0.71560  0.00000
 5.89280  0.71560  0.00001
 5.89280  0.71560  0.00000
 5.74875  0.69557  0.00000
 5.60469  0.69557  0.00000
********  0.15464  0.00000
********  0.15464  0.00000
********  0.15464  0.00000
********  0.15464  0.00000
********  0.15464  0.00000
 1.93466  1.54909  0.00000
 1.93466  1.54909  0.00001
 1.93466  1.54909  0.00000
 1.93466  1.54909  0.00000
 1.98101  1.57767  0.00000
 5.98884  1.23473  0.00000
 5.84478  1.23473  0.00001
 5.84478  1.23473  0.00000
 5.84478  1.23473  0.00000
 5.50865  1.14899  0.00000
********  0.23448  0.00000
********  0.23448  0.00000
********  0.23448  0.00000
********  0.23448  0.00000
********  0.23448  0.00000
 4.93242  3.70602  0.00000
 4.93242  3.70602  0.00000
 4.93242  3.70602  0.00000
 4.93242  3.70602  0.00000
 4.93242  3.70602  0.00000
********  0.74506  0.00000
********  0.74506  0.00000
********  0.74506  0.00000
********  0.74506  0.00000
********  0.74506  0.00000
90.98468 72.04021  0.00000
90.98468 72.04021  0.00000
90.98468 72.04021  0.00000
90.98468 72.04021  0.00000
90.98468 72.04021  0.00000
 1.37111  0.36955  0.00000
 1.33862  0.35953  0.00017
 1.33862  0.35953  0.00056
 1.33862  0.35953  0.00016
 2.37951  0.33950  0.00000
 2.21730  0.31947  0.00015
 2.21730  0.31947  0.00051
 2.21730  0.31947  0.00014
 6.08943  0.25936  0.00000
 5.99340  0.24935  0.00011
 5.99340  0.24935  0.00036
 5.89736  0.24935  0.00010
********  0.07905  0.00000
********  0.07905  0.00000
********  0.07905  0.00000
********  0.07905  0.00000
 1.24114  1.02067  0.00000
 1.24114  1.02067  0.00012
 1.22490  1.00063  0.00038
 1.22490  1.00063  0.00011
 2.19413  0.94053  0.00000
 2.14778  0.92050  0.00010
 2.14778  0.92050  0.00035
 2.14778  0.92050  0.00010
 5.99340  0.74019  0.00000
 5.89736  0.70012  0.00007
 5.89736  0.70012  0.00024
 5.70528  0.70012  0.00007
********  0.15919  0.00000
********  0.15919  0.00000
********  0.15919  0.00000
********  0.15919  0.00000
 2.03191  1.58222  0.00000
 1.93922  1.55364  0.00009
 1.93922  1.52506  0.00031
 1.93922  1.52506  0.00009
 5.99340  1.23928  0.00000
 5.99340  1.23928  0.00007
 5.84934  1.23928  0.00022
 5.84934  1.23928  0.00006
********  0.23903  0.00000
********  0.23903  0.00000
********  0.23903  0.00000
********  0.23903  0.00000
 4.93697  3.71057  0.00000
 4.93697  3.71057  0.00005
 4.93697  3.71057  0.00016
 4.93697  3.71057  0.00005
********  0.74962  0.00000
********  0.74962  0.00000
********  0.74962  0.00000
********  0.74962  0.00000
90.98923 72.04476  0.00000
90.98923 72.04476  0.00000
90.98923 72.04476  0.00000
90.98923 72.04476  0.00000
 1.36002  0.37471  0.00000
 1.34377  0.36469  0.00000
 1.32753  0.36469  0.00009
 1.32753  0.36469  0.00022
 1.32753  0.36469  0.00003
 2.36150  0.34466  0.00000
 2.36150  0.34466  0.00000
 2.19928  0.32462  0.00008
 2.19928  0.32462  0.00019
 2.19928  0.32462  0.00003
 6.09459  0.26452  0.00000
 5.95053  0.25450  0.00000
 5.95053  0.25450  0.00006
 5.90251  0.25450  0.00013
 5.71043  0.25450  0.00002
********  0.08421  0.00000
********  0.08421  0.00000
********  0.08421  0.00000
********  0.08421  0.00000
********  0.08421  0.00000
 1.24630  1.02582  0.00000
 1.24630  1.02582  0.00000
 1.23005  1.00579  0.00006
 1.21381  1.00579  0.00015
 1.19756  1.00579  0.00002
 2.17611  0.94569  0.00000
 2.12976  0.92565  0.00000
 2.12976  0.92565  0.00005
 2.12976  0.92565  0.00013
 2.03707  0.90562  0.00002
 5.99855  0.74534  0.00000
 5.90251  0.70527  0.00000
 5.90251  0.70527  0.00004
 5.71043  0.68524  0.00009
 5.51836  0.70527  0.00001
********  0.16435  0.00000
********  0.16435  0.00000
********  0.16435  0.00000
********  0.16435  0.00000
********  0.16435  0.00000
 2.03707  1.58737  0.00000
 1.94437  1.53022  0.00000
 1.94437  1.53022  0.00005
 1.92120  1.53022  0.00011
 1.96755  1.55880  0.00002
 5.99855  1.24443  0.00000
 5.99855  1.24443  0.00000
 5.85449  1.24443  0.00003
 5.85449  1.24443  0.00008
 5.51836  1.15870  0.00001
********  0.24419  0.00000
********  0.24419  0.00000
********  0.24419  0.00000
********  0.24419  0.00000
********  0.24419  0.00000
 4.94212  3.71573  0.00000
 4.94212  3.71573  0.00000
 4.94212  3.71573  0.00002
 4.94212  3.71573  0.00006
 4.84608  3.71573  0.00001
********  0.75477  0.00000
********  0.75477  0.00000
********  0.75477  0.00000
********  0.75477  0.00000
********  0.75477  0.00000
90.99438 72.04992  0.00000
90.99438 72.04992  0.00000
90.99438 72.04992  0.00000
90.99438 72.04992  0.00000
90.99438 72.04992  0.00000
 1.34961  0.37053  0.00006
 1.33336  0.37053  0.00062
 1.31712  0.37053  0.00047
 2.34416  0.34047  0.00005
 2.18194  0.33046  0.00054
 2.18194  0.33046  0.00043
 6.10042  0.27035  0.00004
 5.95637  0.26034  0.00038
 5.71627  0.27035  0.00031
********  0.09004  0.00000
********  0.09004  0.00001
********  0.09004  0.00000
 1.23589  1.01162  0.00004
 1.21964  1.01162  0.00042
 1.20340  1.01162  0.00032
 2.15877  0.95152  0.00004
 2.13560  0.93149  0.00037
 2.11242  0.93149  0.00029
 5.71627  0.73114  0.00002
 5.71627  0.73114  0.00025
 5.66825  0.69108  0.00021
********  0.17018  0.00000
********  0.17018  0.00000
********  0.17018  0.00000
 1.95021  1.53605  0.00003
 1.92703  1.53605  0.00033
 1.90386  1.53605  0.00025
 6.00439  1.25027  0.00002
 5.81231  1.25027  0.00023
 5.81231  1.25027  0.00018
********  0.25002  0.00000
********  0.25002  0.00000
********  0.25002  0.00000
 4.94796  3.72156  0.00001
 4.94796  3.72156  0.00016
 4.94796  3.72156  0.00013
********  0.76061  0.00000
********  0.76061  0.00000
********  0.76061  0.00000
91.00022 72.05575  0.00000
91.00022 72.05575  0.00000
91.00022 72.05575  0.00000
 1.35621  0.37713  0.00000
 1.33997  0.37713  0.00000
 1.33997  0.37713  0.00084
 1.32372  0.36712  0.00009
 1.30748  0.36712  0.00001
 2.32759  0.34708  0.00000
 2.32759  0.34708  0.00000
 2.16538  0.33706  0.00080
 2.16538  0.33706  0.00009
 2.16538  0.33706  0.00001
 6.10703  0.26694  0.00000
 6.10703  0.26694  0.00000
 5.91495  0.27696  0.00060
 5.72288  0.26694  0.00006
 5.72288  0.26694  0.00001
********  0.09665  0.00000
********  0.09665  0.00000
********  0.09665  0.00001
********  0.09665  0.00000
********  0.09665  0.00000
 1.22625  1.01823  0.00000
 1.22625  1.01823  0.00000
 1.22625  1.01823  0.00056
 1.21001  1.01823  0.00006
 1.22625  1.01823  0.00001
 2.14220  0.93809  0.00000
 2.14220  0.93809  0.00000
 2.11903  0.93809  0.00053
 2.11903  0.91806  0.00006
 2.11903  0.91806  0.00001
 5.91495  0.75779  0.00000
 5.86694  0.71772  0.00000
 5.72288  0.73775  0.00040
 5.67486  0.69768  0.00004
 5.53080  0.69768  0.00001
********  0.17679  0.00000
********  0.17679  0.00000
********  0.17679  0.00001
********  0.17679  0.00000
********  0.17679  0.00000
 2.04951  1.62840  0.00000
 1.91047  1.54266  0.00000
 1.91047  1.54266  0.00045
 1.91047  1.54266  0.00005
 1.95682  1.54266  0.00001
 5.91495  1.25688  0.00000
 5.91495  1.25688  0.00000
 5.91495  1.25688  0.00033
 5.77090  1.25688  0.00004
 5.72288  1.25688  0.00001
********  0.25663  0.00000
********  0.25663  0.00000
********  0.25663  0.00000
********  0.25663  0.00000
********  0.25663  0.00000
 5.00259  3.72817  0.00000
 4.85853  3.72817  0.00000
 4.85853  3.72817  0.00023
 4.85853  3.72817  0.00002
 4.85853  3.72817  0.00000
********  0.76721  0.00000
********  0.76721  0.00000
********  0.76721  0.00000
********  0.76721  0.00000
********  0.76721  0.00000
91.00683 72.06236  0.00000
91.00683 72.06236  0.00000
91.00683 72.06236  0.00000
91.00683 72.06236  0.00000
91.00683 72.06236  0.00000
 1.33302  0.39266  0.00000
 1.33302  0.39266  0.00054
 1.31678  0.39266  0.00126
 1.30053  0.39266  0.00084
 1.30053  0.39266  0.00004
 2.32996  0.37262  0.00000
 2.28361  0.36261  0.00050
 2.28361  0.36261  0.00114
 2.32996  0.37262  0.00076
 2.19092  0.36261  0.00003
 5.94050  0.29249  0.00000
 5.94050  0.29249  0.00037
 5.94050  0.29249  0.00082
 5.84446  0.28247  0.00055
 5.65238  0.29249  0.00002
********  0.12220  0.00000
********  0.12220  0.00000
********  0.12220  0.00001
********  0.12220  0.00001
********  0.12220  0.00000
 2.12140  0.94360  0.00000
 2.12140  0.94360  0.00034
 2.12140  0.94360  0.00078
 2.07505  0.92357  0.00052
 2.07505  0.92357  0.00002
 5.94050  0.76329  0.00000
 5.94050  0.76329  0.00025
 5.94050  0.76329  0.00056
 5.60436  0.72323  0.00037
 5.55634  0.70319  0.00002
********  0.20233  0.00000
********  0.20233  0.00000
********  0.20233  0.00001
********  0.20233  0.00001
********  0.20233  0.00000
 2.02871  1.59678  0.00000
 2.02871  1.59678  0.00029
 1.98236  1.56820  0.00070
 1.88966  1.51105  0.00047
 1.93601  1.53962  0.00002
 5.98852  1.28242  0.00000
 5.84446  1.25384  0.00021
 5.84446  1.25384  0.00050
 5.84446  1.25384  0.00034
 5.65238  1.25384  0.00001
********  0.28218  0.00000
********  0.28218  0.00000
********  0.28218  0.00001
********  0.28218  0.00000
********  0.28218  0.00000
 4.93209  3.75371  0.00000
 4.88407  3.75371  0.00015
 4.78803  3.75371  0.00035
 4.78803  3.75371  0.00024
 4.78803  3.63528  0.00001
********  0.79276  0.00000
********  0.79276  0.00000
********  0.79276  0.00000
********  0.79276  0.00000
********  0.79276  0.00000
91.03237 72.08790  0.00000
91.03237 72.08790  0.00000
91.03237 72.08790  0.00000
91.03237 72.08790  0.00000
91.03237 72.08790  0.00000
 1.32763  0.40352  0.00000
 1.32763  0.40352  0.00019
 1.34388  0.40352  0.00064
 1.34388  0.40352  0.00010
 1.29514  0.39350  0.00001
 2.29447  0.38348  0.00000
 2.29447  0.38348  0.00018
 2.29447  0.38348  0.00061
 2.29447  0.38348  0.00009
 2.17861  0.36345  0.00001
 5.95136  0.30335  0.00000
 5.95136  0.30335  0.00014
 5.95136  0.30335  0.00046
 5.80730  0.29333  0.00007
 5.66324  0.29333  0.00001
********  0.13305  0.00000
********  0.13305  0.00000
********  0.13305  0.00001
********  0.13305  0.00000
********  0.13305  0.00000
 2.08591  0.95446  0.00000
 2.08591  0.95446  0.00013
 2.08591  0.95446  0.00043
 2.08591  0.95446  0.00006
 2.06274  0.93443  0.00001
 6.04740  0.77415  0.00000
 5.95136  0.77415  0.00010
 5.95136  0.77415  0.00032
 5.95136  0.77415  0.00005
 5.56720  0.71405  0.00001
********  0.21319  0.00000
********  0.21319  0.00000
********  0.21319  0.00000
********  0.21319  0.00000
********  0.21319  0.00000
 2.01639  1.60764  0.00000
 2.01639  1.60764  0.00012
 2.01639  1.60764  0.00040
 1.90052  1.52191  0.00006
 1.90052  1.55048  0.00001
 5.95136  1.29328  0.00000
 5.95136  1.29328  0.00009
 5.85532  1.23612  0.00030
 5.85532  1.23612  0.00004
 5.61522  1.26470  0.00001
********  0.29303  0.00000
********  0.29303  0.00000
********  0.29303  0.00000
********  0.29303  0.00000
********  0.29303  0.00000
 4.89493  3.76457  0.00000
 4.89493  3.76457  0.00006
 4.79889  3.76457  0.00021
 4.79889  3.76457  0.00003
 4.79889  3.64613  0.00000
********  0.80362  0.00000
********  0.80362  0.00000
********  0.80362  0.00000
********  0.80362  0.00000
********  0.80362  0.00000
91.04323 72.09876  0.00000
91.04323 72.09876  0.00000
91.04323 72.09876  0.00000
91.04323 72.09876  0.00000
91.04323 72.09876  0.00000
 1.38866  0.42583  0.00000
 1.35617  0.41581  0.00011
 1.33993  0.41581  0.00076
 1.33993  0.41581  0.00085
 1.32368  0.41581  0.00009
 2.32994  0.39578  0.00000
 2.28359  0.38576  0.00010
 2.28359  0.38576  0.00068
 2.28359  0.38576  0.00077
 2.16773  0.37574  0.00008
 6.05969  0.32566  0.00000
 5.96365  0.31564  0.00007
 5.96365  0.31564  0.00049
 5.77157  0.30562  0.00055
 5.57950  0.30562  0.00006
********  0.14535  0.00000
********  0.14535  0.00000
********  0.14535  0.00001
********  0.14535  0.00001
********  0.14535  0.00000
 2.07503  0.94672  0.00000
 2.07503  0.94672  0.00007
 2.07503  0.94672  0.00046
 2.05186  0.94672  0.00052
 2.02869  0.94672  0.00005
 6.05969  0.76641  0.00000
 6.05969  0.76641  0.00005
 5.96365  0.76641  0.00033
 5.96365  0.76641  0.00037
 5.57950  0.72634  0.00004
********  0.22549  0.00000
********  0.22549  0.00000
********  0.22549  0.00000
********  0.22549  0.00001
********  0.22549  0.00000
 2.00551  1.59136  0.00000
 2.00551  1.59136  0.00006
 2.00551  1.59136  0.00041
 1.95916  1.56278  0.00046
 1.93599  1.56278  0.00005
 5.91563  1.30557  0.00000
 5.91563  1.30557  0.00004
 5.77157  1.24842  0.00029
 5.77157  1.24842  0.00033
 5.77157  1.24842  0.00003
********  0.30533  0.00000
********  0.30533  0.00000
********  0.30533  0.00000
********  0.30533  0.00000
********  0.30533  0.00000
 4.90722  3.77687  0.00000
 4.90722  3.77687  0.00003
 4.85920  3.77687  0.00020
 4.81118  3.65843  0.00023
 4.81118  3.65843  0.00002
********  0.81591  0.00000
********  0.81591  0.00000
********  0.81591  0.00000
********  0.81591  0.00000
********  0.81591  0.00000
91.05552 72.11106  0.00000
91.05552 72.11106  0.00000
91.05552 72.11106  0.00000
91.05552 72.11106  0.00000
91.05552 72.11106  0.00000
 1.37009  0.42973  0.00000
 1.37009  0.42973  0.00037
 1.33760  0.42973  0.00199
 1.33760  0.42973  0.00106
 1.32136  0.41971  0.00007
 2.29751  0.39968  0.00000
 2.29751  0.39968  0.00034
 2.25117  0.39968  0.00186
 2.25117  0.39968  0.00098
 2.22799  0.39968  0.00007
 5.97757  0.33958  0.00000
 5.97757  0.33958  0.00025
 5.78549  0.32956  0.00137
 5.73747  0.31954  0.00072
 5.64143  0.31954  0.00005
********  0.15927  0.00000
********  0.15927  0.00000
********  0.15927  0.00002
********  0.15927  0.00001
********  0.15927  0.00000
 2.06578  0.96064  0.00000
 2.06578  0.96064  0.00023
 2.04261  0.96064  0.00126
 2.04261  0.96064  0.00066
 2.01943  0.94061  0.00004
 6.07361  0.76030  0.00000
 6.07361  0.76030  0.00017
 6.07361  0.76030  0.00092
 5.88153  0.78033  0.00049
 5.83351  0.78033  0.00003
********  0.23941  0.00000
********  0.23941  0.00000
********  0.23941  0.00001
********  0.23941  0.00001
********  0.23941  0.00000
 2.01943  1.63385  0.00000
 1.97308  1.60528  0.00021
 1.97308  1.60528  0.00114
 1.97308  1.60528  0.00060
 1.92674  1.57670  0.00004
 5.88153  1.31949  0.00000
 5.88153  1.31949  0.00016
 5.88153  1.31949  0.00084
 5.78549  1.26234  0.00044
 5.68945  1.26234  0.00003
********  0.31925  0.00000
********  0.31925  0.00000
********  0.31925  0.00001
********  0.31925  0.00001
********  0.31925  0.00000
 4.87312  3.79079  0.00000
 4.87312  3.79079  0.00011
 4.82510  3.79079  0.00061
 4.82510  3.79079  0.00032
 4.72907  3.67235  0.00002
********  0.82983  0.00000
********  0.82983  0.00000
********  0.82983  0.00001
********  0.82983  0.00000
********  0.82983  0.00000
91.06944 72.12498  0.00000
91.06944 72.12498  0.00000
91.06944 72.12498  0.00000
91.06944 72.12498  0.00000
91.06944 72.12498  0.00000
 1.33712  0.43548  0.00003
 1.32087  0.43548  0.00002
 2.22058  0.40542  0.00003
 2.19741  0.40542  0.00002
 5.80125  0.34532  0.00002
 5.60918  0.33530  0.00001
********  0.17503  0.00000
********  0.17503  0.00000
 2.03519  0.95637  0.00002
 2.08154  0.97640  0.00001
 5.99333  0.77606  0.00001
 5.80125  0.77606  0.00001
********  0.25517  0.00000
********  0.25517  0.00000
 5.70521  1.27810  0.00001
 5.70521  1.27810  0.00001
********  0.33501  0.00000
********  0.33501  0.00000
 4.84086  3.68811  0.00001
 4.84086  3.62889  0.00000
********  0.84559  0.00000
********  0.84559  0.00000
91.08520 72.14074  0.00000
91.08520 72.14074  0.00000
 1.32247  0.45332  0.00000
 1.32247  0.45332  0.00008
 1.32247  0.45332  0.00068
 1.32247  0.45332  0.00061
 1.32247  0.45332  0.00007
 2.23842  0.42327  0.00000
 2.21525  0.42327  0.00007
 2.21525  0.42327  0.00062
 2.21525  0.42327  0.00055
 2.16890  0.42327  0.00007
 6.10721  0.36317  0.00000
 6.01118  0.36317  0.00005
 6.01118  0.36317  0.00044
 6.01118  0.36317  0.00039
 5.62702  0.34313  0.00005
********  0.19287  0.00000
********  0.19287  0.00000
********  0.19287  0.00001
********  0.19287  0.00001
********  0.19287  0.00000
 2.16890  1.01428  0.00000
 2.14573  0.99425  0.00005
 2.05304  0.95418  0.00042
 2.00669  0.95418  0.00038
 2.05304  0.97421  0.00005
 6.05919  0.81394  0.00000
 5.91514  0.79390  0.00004
 5.91514  0.79390  0.00030
 5.91514  0.79390  0.00027
 5.91514  0.79390  0.00003
********  0.27301  0.00000
********  0.27301  0.00000
********  0.27301  0.00000
********  0.27301  0.00000
********  0.27301  0.00000
 5.77108  1.32452  0.00000
 5.77108  1.32452  0.00003
 5.77108  1.32452  0.00027
 5.77108  1.32452  0.00024
 5.62702  1.26736  0.00003
********  0.35285  0.00000
********  0.35285  0.00000
********  0.35285  0.00000
********  0.35285  0.00000
********  0.35285  0.00000
 5.05079  3.82439  0.00000
 4.85871  3.64673  0.00002
 4.85871  3.64673  0.00019
 4.85871  3.64673  0.00017
 4.76267  3.64673  0.00002
********  0.86343  0.00000
********  0.86343  0.00000
********  0.86343  0.00000
********  0.86343  0.00000
********  0.86343  0.00000
91.10305 72.15858  0.00000
91.10305 72.15858  0.00000
91.10305 72.15858  0.00000
91.10305 72.15858  0.00000
91.10305 72.15858  0.00000
 1.37517  0.48354  0.00000
 1.31018  0.46351  0.00006
 1.31018  0.46351  0.00048
 1.29394  0.46351  0.00076
 1.29394  0.46351  0.00009
 2.18911  0.44347  0.00000
 2.18911  0.44347  0.00006
 2.16593  0.44347  0.00043
 2.16593  0.44347  0.00071
 2.14276  0.43345  0.00008
 6.12742  0.37335  0.00000
 6.12742  0.37335  0.00004
 6.12742  0.37335  0.00031
 5.98336  0.38337  0.00052
 5.93534  0.37335  0.00006
********  0.21308  0.00000
********  0.21308  0.00000
********  0.21308  0.00000
********  0.21308  0.00001
********  0.21308  0.00000
 2.14276  1.01445  0.00000
 2.14276  1.01445  0.00004
 2.11959  1.01445  0.00029
 1.98055  0.97438  0.00047
 2.02689  0.97438  0.00006
 5.98336  0.83414  0.00000
 5.98336  0.83414  0.00003
 5.98336  0.83414  0.00021
 5.93534  0.79407  0.00035
 5.83930  0.79407  0.00004
********  0.29321  0.00000
********  0.29321  0.00000
********  0.29321  0.00000
********  0.29321  0.00000
********  0.29321  0.00000
 5.69524  1.34472  0.00000
 5.69524  1.34472  0.00003
 5.69524  1.34472  0.00019
 5.69524  1.34472  0.00031
 5.64722  1.31614  0.00003
********  0.37306  0.00000
********  0.37306  0.00000
********  0.37306  0.00000
********  0.37306  0.00000
********  0.37306  0.00000
 4.87891  3.84460  0.00000
 4.78287  3.66694  0.00002
 4.78287  3.66694  0.00014
 4.78287  3.66694  0.00022
 4.78287  3.60772  0.00002
********  0.88364  0.00000
********  0.88364  0.00000
********  0.88364  0.00000
********  0.88364  0.00000
********  0.88364  0.00000
91.12325 72.17878  0.00000
91.12325 72.17878  0.00000
91.12325 72.17878  0.00000
91.12325 72.17878  0.00000
91.12325 72.17878  0.00000
 2.28150  0.46635  0.00000
 2.14246  0.45633  0.00014
 2.14246  0.45633  0.00115
 2.14246  0.45633  0.00093
 2.09611  0.45633  0.00010
 6.19831  0.40624  0.00000
 6.05425  0.39623  0.00010
 6.05425  0.39623  0.00084
 6.05425  0.39623  0.00067
 6.05425  0.39623  0.00007
********  0.23595  0.00000
********  0.23595  0.00000
********  0.23595  0.00001
********  0.23595  0.00001
********  0.23595  0.00000
 2.14246  1.03733  0.00000
 2.09611  1.01729  0.00010
 2.09611  1.01729  0.00079
 2.09611  1.01729  0.00064
 2.04977  0.99726  0.00007
 5.91020  0.85702  0.00000
 5.91020  0.85702  0.00007
 5.91020  0.85702  0.00057
 5.91020  0.85702  0.00046
 5.76614  0.81695  0.00005
********  0.31609  0.00000
********  0.31609  0.00000
********  0.31609  0.00001
********  0.31609  0.00001
********  0.31609  0.00000
 5.67010  1.33902  0.00000
 5.67010  1.33902  0.00006
 5.67010  1.33902  0.00052
 5.62208  1.33902  0.00042
 5.57406  1.33902  0.00005
********  0.39593  0.00000
********  0.39593  0.00000
********  0.39593  0.00001
********  0.39593  0.00001
********  0.39593  0.00000
 4.90179  3.80825  0.00000
 4.90179  3.80825  0.00004
 4.75773  3.63059  0.00037
 4.75773  3.63059  0.00030
 4.70971  3.63059  0.00003
********  0.90651  0.00000
********  0.90651  0.00000
********  0.90651  0.00000
********  0.90651  0.00000
********  0.90651  0.00000
91.14613 72.20166  0.00000
91.14613 72.20166  0.00000
91.14613 72.20166  0.00000
91.14613 72.20166  0.00000
91.14613 72.20166  0.00000
 2.12201  0.47221  0.00006
 2.12201  0.47221  0.00032
 2.14519  0.48223  0.00015
 6.08015  0.43214  0.00005
 5.98411  0.42213  0.00023
 5.98411  0.41211  0.00011
********  0.26185  0.00000
********  0.26185  0.00000
********  0.26185  0.00000
 2.05249  1.02316  0.00004
 2.05249  1.02316  0.00021
 2.00615  1.00312  0.00010
 5.84006  0.86288  0.00003
 5.84006  0.86288  0.00015
 5.69600  0.82281  0.00007
********  0.34199  0.00000
********  0.34199  0.00000
********  0.34199  0.00000
 5.55194  1.36492  0.00003
 5.55194  1.36492  0.00013
 5.50392  1.36492  0.00006
********  0.42183  0.00000
********  0.42183  0.00000
********  0.42183  0.00000
 4.73561  3.83415  0.00002
 4.68759  3.65649  0.00009
 4.63957  3.65649  0.00004
********  0.93241  0.00000
********  0.93241  0.00000
********  0.93241  0.00000
90.04918 72.22756  0.00000
90.04918 72.22756  0.00000
90.04918 72.22756  0.00000
 2.22086  0.51155  0.00000
 2.22086  0.51155  0.00022
 2.22086  0.51155  0.00118
 2.15134  0.51155  0.00089
 2.15134  0.51155  0.00007
 6.01344  0.45145  0.00000
 6.01344  0.45145  0.00016
 6.01344  0.45145  0.00085
 6.01344  0.45145  0.00064
 5.82136  0.44143  0.00005
********  0.29118  0.00000
********  0.29118  0.00000
********  0.29118  0.00001
********  0.29118  0.00001
********  0.29118  0.00000
 2.15134  1.07251  0.00000
 2.15134  1.07251  0.00014
 2.01230  1.03245  0.00077
 5.77334  0.89221  0.00000
 5.77334  0.89221  0.00010
 5.77334  0.89221  0.00055
 5.77334  0.89221  0.00042
 5.67730  0.89221  0.00003
********  0.37131  0.00000
********  0.37131  0.00000
********  0.37131  0.00001
********  0.37131  0.00001
********  0.37131  0.00000
 5.48522  1.36566  0.00000
 5.48522  1.36566  0.00009
 5.48522  1.36566  0.00048
 5.48522  1.36566  0.00037
 5.43721  1.36566  0.00003
********  0.45116  0.00000
********  0.45116  0.00000
********  0.45116  0.00001
********  0.45116  0.00000
********  0.45116  0.00000
 4.76493  3.80426  0.00000
 4.76493  3.80426  0.00006
 4.76493  3.80426  0.00034
 4.76493  3.80426  0.00026
 4.76493  3.74504  0.00002
********  0.96174  0.00000
********  0.96174  0.00000
********  0.96174  0.00000
********  0.96174  0.00000
********  0.96174  0.00000
90.07851 72.25688  0.00000
90.07851 72.25688  0.00000
90.07851 72.25688  0.00000
90.07851 72.25688  0.00000
90.07851 72.25688  0.00000
 2.23089  0.54475  0.00000
 2.16137  0.54475  0.00018
 2.16137  0.54475  0.00135
 2.16137  0.54475  0.00146
 2.09184  0.53474  0.00026
 5.90258  0.48465  0.00000
 5.90258  0.48465  0.00012
 5.90258  0.48465  0.00094
 5.90258  0.48465  0.00103
 5.85456  0.48465  0.00019
********  0.32438  0.00000
********  0.32438  0.00000
********  0.32438  0.00001
********  0.32438  0.00001
********  0.32438  0.00000
 5.66248  0.90537  0.00000
 5.66248  0.90537  0.00008
 5.66248  0.90537  0.00061
 5.66248  0.90537  0.00067
 5.61446  0.90537  0.00012
********  0.40451  0.00000
********  0.40451  0.00000
********  0.40451  0.00001
********  0.40451  0.00001
********  0.40451  0.00000
 1.95280  1.68465  0.00000
 5.42239  1.37029  0.00000
 5.42239  1.37029  0.00007
 5.42239  1.37029  0.00054
 5.42239  1.37029  0.00060
 5.37437  1.37029  0.00011
********  0.51293  0.00000
********  0.51293  0.00000
********  0.51293  0.00001
********  0.51293  0.00001
********  0.51293  0.00000
 4.60606  3.77824  0.00000
 4.60606  3.77824  0.00005
 4.60606  3.77824  0.00039
 4.60606  3.77824  0.00043
 4.60606  3.77824  0.00008
********  0.99494  0.00000
********  0.99494  0.00000
********  0.99494  0.00001
********  0.99494  0.00001
********  0.99494  0.00000
90.11171 72.29008  0.00000
90.11171 72.29008  0.00000
90.11171 72.29008  0.00000
90.11171 72.29008  0.00000
90.11171 72.29008  0.00000
 5.64660  0.55479  0.00000
 5.64660  0.55479  0.00004
 5.64660  0.55479  0.00051
 5.64660  0.55479  0.00092
 5.59858  0.55479  0.00026
********  0.40453  0.00000
********  0.40453  0.00000
********  0.40453  0.00001
********  0.40453  0.00001
********  0.40453  0.00000
 5.55056  1.00556  0.00000
 5.55056  1.00556  0.00002
 5.45452  0.96549  0.00033
 5.45452  0.96549  0.00059
 5.35848  0.96549  0.00017
********  0.48467  0.00000
********  0.48467  0.00000
********  0.48467  0.00000
********  0.48467  0.00001
********  0.48467  0.00000
 1.98661  1.70764  0.00000
 1.98661  1.70764  0.00003
 1.98661  1.70764  0.00041
 5.26244  1.47902  0.00000
 5.26244  1.47902  0.00002
 5.26244  1.47902  0.00029
 5.26244  1.47902  0.00052
 5.26244  1.45044  0.00015
********  0.59309  0.00000
********  0.59309  0.00000
********  0.59309  0.00000
********  0.59309  0.00001
********  0.59309  0.00000
 4.63819  3.79917  0.00000
 4.68621  3.68073  0.00002
 4.68621  3.68073  0.00021
 4.68621  3.68073  0.00038
 4.49413  3.68073  0.00011
********  1.13431  0.00000
********  1.13431  0.00000
********  1.13431  0.00000
********  1.13431  0.00001
********  1.13431  0.00000
90.19186 72.37024  0.00000
90.19186 72.37024  0.00000
90.19186 72.37024  0.00000
90.19186 72.37024  0.00000
90.19186 72.37024  0.00000
 5.59875  0.61299  0.00000
 5.59875  0.61299  0.00005
 5.50271  0.60297  0.00050
 5.50271  0.60297  0.00067
 5.45469  0.60297  0.00017
********  0.45272  0.00000
********  0.45272  0.00000
********  0.45272  0.00001
********  0.45272  0.00001
********  0.45272  0.00000
 2.10432  1.17395  0.00000
 5.40667  1.03371  0.00000
 5.40667  1.03371  0.00003
 5.40667  1.03371  0.00032
 5.40667  1.03371  0.00044
 5.31063  1.03371  0.00011
********  0.53285  0.00000
********  0.53285  0.00000
********  0.53285  0.00000
********  0.53285  0.00001
********  0.53285  0.00000
 2.12749  1.72725  0.00000
 2.12749  1.72725  0.00004
 1.94210  1.69868  0.00039
 1.94210  1.69868  0.00053
 5.21459  1.49863  0.00000
 5.21459  1.49863  0.00003
 5.21459  1.49863  0.00028
 5.21459  1.49863  0.00038
 5.11855  1.49863  0.00010
********  0.64127  0.00000
********  0.64127  0.00000
********  0.64127  0.00000
********  0.64127  0.00001
********  0.64127  0.00000
 4.73440  3.72892  0.00000
 4.63836  3.66970  0.00002
 4.63836  3.66970  0.00019
 4.54232  3.66970  0.00027
 4.54232  3.66970  0.00007
********  1.12328  0.00000
********  1.12328  0.00000
********  1.12328  0.00000
********  1.12328  0.00000
********  1.12328  0.00000
90.24005 71.03370  0.00000
90.24005 71.03370  0.00000
90.24005 71.03370  0.00000
90.24005 71.03370  0.00000
90.24005 71.03370  0.00000
 2.20522  0.70762  0.00000
 2.18205  0.69760  0.00005
 5.46123  0.66755  0.00000
 5.46123  0.66755  0.00004
 5.46123  0.66755  0.00065
 5.46123  0.66755  0.00131
 5.36519  0.66755  0.00041
********  0.50728  0.00000
********  0.50728  0.00000
********  0.50728  0.00001
********  0.50728  0.00002
********  0.50728  0.00001
 2.08936  1.22851  0.00000
 2.04301  1.18844  0.00003
 2.04301  1.18844  0.00061
 5.41321  1.06824  0.00000
 5.26915  1.06824  0.00002
 5.26915  1.06824  0.00044
 5.26915  1.06824  0.00088
 5.26915  1.06824  0.00027
********  0.58741  0.00000
********  0.58741  0.00000
********  0.58741  0.00001
********  0.58741  0.00001
********  0.58741  0.00000
 2.04301  1.72466  0.00000
 2.04301  1.72466  0.00003
 1.99666  1.72466  0.00055
 1.99666  1.72466  0.00109
 1.95032  1.75324  0.00033
 5.17311  1.55319  0.00000
 5.17311  1.55319  0.00002
 5.17311  1.55319  0.00040
 5.17311  1.55319  0.00079
 4.98103  1.52461  0.00024
********  0.69583  0.00000
********  0.69583  0.00000
********  0.69583  0.00001
********  0.69583  0.00001
********  0.69583  0.00000
 4.59688  3.78348  0.00000
 4.59688  3.78348  0.00002
 4.59688  3.78348  0.00029
 4.59688  3.78348  0.00057
 4.50084  3.60582  0.00017
********  1.17784  0.00000
********  1.17784  0.00000
********  1.17784  0.00000
********  1.17784  0.00001
********  1.17784  0.00000
90.29461 71.08826  0.00000
90.29461 71.08826  0.00000
90.29461 71.08826  0.00000
90.29461 71.08826  0.00000
90.29461 71.08826  0.00000
 2.19748  0.76939  0.00000
 2.12796  0.75938  0.00002
 2.12796  0.75938  0.00045
 2.12796  0.75938  0.00110
 2.12796  0.75938  0.00043
 5.42696  0.71931  0.00000
 5.33092  0.71931  0.00001
 5.33092  0.71931  0.00032
 5.33092  0.71931  0.00079
 5.23489  0.71931  0.00031
********  0.56905  0.00000
********  0.56905  0.00000
********  0.56905  0.00000
********  0.56905  0.00001
********  0.56905  0.00000
 2.15113  1.23018  0.00000
 2.08161  1.25022  0.00001
 2.08161  1.25022  0.00029
 2.05844  1.25022  0.00072
 1.98892  1.21015  0.00028
 5.42696  1.13001  0.00000
 5.28290  1.10998  0.00001
 5.28290  1.10998  0.00021
 5.23489  1.13001  0.00052
 5.04281  1.10998  0.00020
********  0.64919  0.00000
********  0.64919  0.00000
********  0.64919  0.00000
********  0.64919  0.00001
********  0.64919  0.00000
 2.01209  1.78643  0.00000
 2.01209  1.78643  0.00001
 1.96574  1.72927  0.00026
 1.96574  1.72927  0.00063
 1.94257  1.72927  0.00025
 5.04281  1.61496  0.00000
 5.04281  1.61496  0.00001
 5.04281  1.55780  0.00019
 5.04281  1.55780  0.00046
 4.99479  1.52922  0.00018
********  0.75761  0.00000
********  0.75761  0.00000
********  0.75761  0.00000
********  0.75761  0.00001
********  0.75761  0.00000
 4.56261  3.72682  0.00000
 4.56261  3.72682  0.00001
 4.56261  3.72682  0.00013
 4.56261  3.72682  0.00033
 4.46657  3.72682  0.00013
********  1.23961  0.00000
********  1.23961  0.00000
********  1.23961  0.00000
********  1.23961  0.00000
********  1.23961  0.00000
89.23354 71.15003  0.00000
89.23354 71.15003  0.00000
89.23354 71.15003  0.00000
89.23354 71.15003  0.00000
89.23354 71.15003  0.00000
 2.31377  0.81930  0.00000
 2.31377  0.81930  0.00001
 2.31377  0.81930  0.00044
 2.08203  0.81930  0.00166
 2.12838  0.81930  0.00090
 5.30483  0.78925  0.00000
 5.30483  0.77923  0.00001
 5.30483  0.77923  0.00032
 5.30483  0.77923  0.00120
 5.20879  0.77923  0.00065
********  0.63899  0.00000
********  0.63899  0.00000
********  0.63899  0.00000
********  0.63899  0.00002
********  0.63899  0.00001
 1.41119  1.34019  0.00000
 1.41119  1.34019  0.00001
 2.10520  1.30012  0.00000
 2.10520  1.30012  0.00001
 2.08203  1.26006  0.00029
 2.08203  1.26006  0.00109
 2.01251  1.28009  0.00059
 5.11275  1.19995  0.00000
 5.11275  1.19995  0.00000
 5.11275  1.15988  0.00021
 5.11275  1.15988  0.00079
 5.06473  1.15988  0.00043
********  0.71913  0.00000
********  0.71913  0.00000
********  0.71913  0.00000
********  0.71913  0.00001
********  0.71913  0.00001
 2.05886  1.85637  0.00000
 2.05886  1.85637  0.00001
 2.05886  1.85637  0.00026
 2.05886  1.85637  0.00097
 1.94299  1.74206  0.00053
 5.11275  1.62774  0.00000
 5.11275  1.62774  0.00000
 5.11275  1.62774  0.00019
 5.11275  1.62774  0.00070
 4.92067  1.62774  0.00038
********  0.79897  0.00000
********  0.79897  0.00000
********  0.79897  0.00000
********  0.79897  0.00001
********  0.79897  0.00001
 4.53652  3.79676  0.00000
 4.53652  3.79676  0.00000
 4.53652  3.79676  0.00014
 4.53652  3.79676  0.00050
 4.34444  3.73754  0.00027
********  1.30955  0.00000
********  1.30955  0.00000
********  1.30955  0.00000
********  1.30955  0.00001
********  1.30955  0.00000
89.30348 71.21997  0.00000
89.30348 71.21997  0.00000
89.30348 71.21997  0.00000
89.30348 71.21997  0.00000
89.30348 71.21997  0.00000
 1.49038  0.90851  0.00000
 1.45789  0.90851  0.00000
 1.45789  0.90851  0.00000
 2.30026  0.89849  0.00000
 2.30026  0.89849  0.00000
 2.16122  0.89849  0.00000
 5.19194  0.85842  0.00000
 5.19194  0.85842  0.00000
 5.19194  0.85842  0.00000
********  0.71818  0.00000
********  0.71818  0.00000
********  0.71818  0.00000
 2.20757  1.35928  0.00000
 2.13805  1.35928  0.00000
 2.13805  1.35928  0.00000
 4.99986  1.23907  0.00000
 4.99986  1.23907  0.00000
 4.99986  1.23907  0.00000
********  0.79832  0.00000
********  0.79832  0.00000
********  0.79832  0.00000
 4.80778  1.67835  0.00000
 4.80778  1.67835  0.00000
 4.80778  1.67835  0.00000
********  0.90674  0.00000
********  0.90674  0.00000
********  0.90674  0.00000
 4.71174  3.81673  0.00000
 4.71174  3.81673  0.00000
 4.42363  3.87595  0.00000
********  1.38874  0.00000
********  1.38874  0.00000
********  1.38874  0.00000
89.38267 71.29916  0.00000
89.38267 71.29916  0.00000
89.38267 71.29916  0.00000
 2.25088  0.97813  0.00000
 2.25088  0.97813  0.00000
 2.25088  0.97813  0.00013
 2.25088  0.97813  0.00078
 2.20453  0.97813  0.00065
 5.08952  0.93806  0.00000
 5.08952  0.93806  0.00000
 5.08952  0.93806  0.00009
 5.08952  0.93806  0.00057
 4.89744  0.93806  0.00047
********  0.80784  0.00000
********  0.80784  0.00000
********  0.80784  0.00000
********  0.80784  0.00001
********  0.80784  0.00001
 2.18136  1.42890  0.00000
 2.18136  1.42890  0.00000
 2.18136  1.42890  0.00009
 2.18136  1.42890  0.00051
 2.11184  1.40887  0.00042
 5.08952  1.34877  0.00000
 5.04150  1.28866  0.00000
 4.99348  1.30870  0.00006
 4.89744  1.30870  0.00037
 4.89744  1.28866  0.00031
********  0.88798  0.00000
********  0.88798  0.00000
********  0.88798  0.00000
********  0.88798  0.00001
********  0.88798  0.00000
 4.89744  1.76801  0.00000
 4.89744  1.76801  0.00000
 4.89744  1.76801  0.00005
 4.89744  1.76801  0.00032
 4.75338  1.73944  0.00027
********  0.96782  0.00000
********  0.96782  0.00000
********  0.96782  0.00000
********  0.96782  0.00000
********  0.96782  0.00000
 4.51329  3.84717  0.00000
 4.51329  3.84717  0.00000
 4.51329  3.84717  0.00004
 4.51329  3.84717  0.00023
********  1.47840  0.00000
********  1.47840  0.00000
********  1.47840  0.00000
********  1.47840  0.00000
********  1.47840  0.00000
88.34949 71.38882  0.00000
88.34949 71.38882  0.00000
88.34949 71.38882  0.00000
88.34949 71.38882  0.00000
88.34949 71.38882  0.00000
 5.09499  1.04959  0.00000
 5.09499  1.04959  0.00000
 5.09499  1.04959  0.00003
 5.09499  1.04959  0.00037
 4.80688  1.02956  0.00047
********  0.90935  0.00000
********  0.90935  0.00000
********  0.90935  0.00000
********  0.90935  0.00001
********  0.90935  0.00001
 4.90292  1.41021  0.00000
 4.90292  1.41021  0.00000
 4.90292  1.41021  0.00002
 4.90292  1.41021  0.00024
 4.80688  1.41021  0.00031
********  0.98949  0.00000
********  0.98949  0.00000
********  0.98949  0.00000
********  0.98949  0.00000
********  0.98949  0.00000
 4.90292  1.84095  0.00000
 4.90292  1.84095  0.00000
 4.80688  1.81237  0.00002
 4.80688  1.81237  0.00021
 4.71084  1.81237  0.00027
********  1.06933  0.00000
********  1.06933  0.00000
********  1.06933  0.00000
********  1.06933  0.00000
********  1.06933  0.00000
********  1.57991  0.00000
********  1.57991  0.00000
********  1.57991  0.00000
********  1.57991  0.00000
********  1.57991  0.00000
88.45100 71.49033  0.00000
88.45100 71.49033  0.00000
88.45100 71.49033  0.00000
88.45100 71.49033  0.00000
88.45100 71.49033  0.00000
 5.01785  1.14449  0.00000
 5.01785  1.14449  0.00000
 5.01785  1.14449  0.00000
 5.01785  1.14449  0.00005
 4.82577  1.14449  0.00017
********  1.02429  0.00000
********  1.02429  0.00000
********  1.02429  0.00000
********  1.02429  0.00000
********  1.02429  0.00000
 5.11389  1.50511  0.00000
 4.92181  1.48508  0.00000
 4.92181  1.48508  0.00000
 4.92181  1.48508  0.00004
 4.63370  1.48508  0.00011
********  1.10443  0.00000
********  1.10443  0.00000
********  1.10443  0.00000
********  1.10443  0.00000
********  1.10443  0.00000
 4.72974  1.92731  0.00000
 4.72974  1.92731  0.00000
 4.72974  1.89873  0.00000
 4.72974  1.89873  0.00003
 4.63370  1.89873  0.00010
********  1.21285  0.00000
********  1.21285  0.00000
********  1.21285  0.00000
********  1.21285  0.00000
********  1.21285  0.00000
********  1.69485  0.00000
********  1.69485  0.00000
********  1.69485  0.00000
********  1.69485  0.00000
********  1.69485  0.00000
88.56594 70.22054  0.00000
88.56594 70.22054  0.00000
88.56594 70.22054  0.00000
88.56594 70.22054  0.00000
88.56594 70.22054  0.00000
 4.85987  1.27463  0.00000
 4.85987  1.27463  0.00000
 4.85987  1.27463  0.00000
 4.85987  1.27463  0.00001
 4.85987  1.27463  0.00005
********  1.15442  0.00000
********  1.15442  0.00000
********  1.15442  0.00000
********  1.15442  0.00000
********  1.15442  0.00000
 4.85987  1.61521  0.00000
 4.85987  1.61521  0.00000
 4.85987  1.61521  0.00000
 4.85987  1.61521  0.00001
 4.85987  1.59518  0.00003
********  1.23456  0.00000
********  1.23456  0.00000
********  1.23456  0.00000
********  1.23456  0.00000
********  1.23456  0.00000
********  1.31440  0.00000
********  1.31440  0.00000
********  1.31440  0.00000
********  1.31440  0.00000
********  1.31440  0.00000
********  1.82498  0.00000
********  1.82498  0.00000
********  1.82498  0.00000
********  1.82498  0.00000
********  1.82498  0.00000
87.57322 70.35067  0.00000
87.57322 70.35067  0.00000
87.57322 70.35067  0.00000
87.57322 70.35067  0.00000
87.57322 70.35067  0.00000
********  1.30176  0.00000
********  1.30176  0.00000
********  1.30176  0.00000
********  1.30176  0.00000
********  1.30176  0.00000
********  1.38190  0.00000
********  1.38190  0.00000
********  1.38190  0.00000
********  1.38190  0.00000
********  1.38190  0.00000
********  1.49032  0.00000
********  1.49032  0.00000
********  1.49032  0.00000
********  1.49032  0.00000
********  1.49032  0.00000
********  1.97232  0.00000
********  1.97232  0.00000
********  1.97232  0.00000
********  1.97232  0.00000
********  1.97232  0.00000
86.59772 70.49801  0.00000
86.59772 70.49801  0.00000
86.59772 70.49801  0.00000
86.59772 70.49801  0.00000
86.59772 70.49801  0.00000
********  1.46858  0.00000
********  1.46858  0.00000
********  1.46858  0.00000
********  1.46858  0.00000
********  1.46858  0.00000
********  1.54872  0.00000
********  1.54872  0.00000
********  1.54872  0.00000
********  1.54872  0.00000
********  1.54872  0.00000
********  1.62856  0.00000
********  1.62856  0.00000
********  1.62856  0.00000
********  1.62856  0.00000
********  1.62856  0.00000
********  2.13914  0.00000
********  2.13914  0.00000
********  2.13914  0.00000
********  2.13914  0.00000
********  2.13914  0.00000
86.76454 70.66483  0.00000
86.76454 70.66483  0.00000
86.76454 70.66483  0.00000
86.76454 70.66483  0.00000
86.76454 70.66483  0.00000
********  1.65745  0.00000
********  1.65745  0.00000
********  1.65745  0.00000
********  1.65745  0.00000
********  1.73759  0.00000
********  1.73759  0.00000
********  1.73759  0.00000
********  1.73759  0.00000
********  1.84601  0.00000
********  1.84601  0.00000
********  1.84601  0.00000
********  1.84601  0.00000
********  2.32802  0.00000
********  2.32802  0.00000
********  2.32802  0.00000
********  2.32802  0.00000
85.83057 69.46898  0.00000
85.83057 69.46898  0.00000
85.83057 69.46898  0.00000
85.83057 69.46898  0.00000
********  1.87130  0.00000
********  1.87130  0.00000
********  1.87130  0.00000
********  1.87130  0.00000
********  1.87130  0.00000
********  1.95144  0.00000
********  1.95144  0.00000
********  1.95144  0.00000
********  1.95144  0.00000
********  1.95144  0.00000
********  2.03128  0.00000
********  2.03128  0.00000
********  2.03128  0.00000
********  2.03128  0.00000
********  2.03128  0.00000
********  2.54186  0.00000
********  2.54186  0.00000
********  2.54186  0.00000
********  2.54186  0.00000
********  2.54186  0.00000
84.92158 69.68283  0.00000
84.92158 69.68283  0.00000
84.92158 69.68283  0.00000
84.92158 69.68283  0.00000
84.92158 69.68283  0.00001
********  2.11343  0.00000
********  2.11343  0.00000
********  2.11343  0.00000
********  2.11343  0.00000
********  2.11343  0.00000
********  2.19357  0.00000
********  2.19357  0.00000
********  2.19357  0.00000
********  2.19357  0.00000
********  2.19357  0.00000
********  2.27341  0.00000
********  2.27341  0.00000
********  2.27341  0.00000
********  2.27341  0.00000
********  2.27341  0.00000
********  2.78399  0.00000
********  2.78399  0.00000
********  2.78399  0.00000
********  2.78399  0.00000
********  2.78399  0.00000
84.04086 69.92496  0.00000
84.04086 69.92496  0.00000
84.04086 69.92496  0.00000
84.04086 69.92496  0.00000
84.04086 69.92496  0.00000
********  2.38756  0.00000
********  2.38756  0.00000
********  2.38756  0.00000
********  2.38756  0.00000
********  2.38756  0.00000
********  2.46770  0.00000
********  2.46770  0.00000
********  2.46770  0.00000
********  2.46770  0.00000
********  2.46770  0.00000
********  2.54754  0.00000
********  2.54754  0.00000
********  2.54754  0.00000
********  2.54754  0.00000
********  2.54754  0.00000
********  3.05813  0.00000
********  3.05813  0.00000
********  3.05813  0.00000
********  3.05813  0.00000
********  3.05813  0.00000
83.19216 68.81437  0.00000
83.19216 68.81437  0.00000
83.19216 68.81437  0.00000
83.19216 68.81437  0.00000
83.19216 68.81437  0.00000
********  2.68793  0.00000
********  2.68793  0.00000
********  2.68793  0.00000
********  2.68793  0.00000
********  2.75805  0.00000
********  2.75805  0.00000
********  2.75805  0.00000
********  2.75805  0.00000
********  2.85793  0.00000
********  2.85793  0.00000
********  2.85793  0.00000
********  2.85793  0.00000
********  3.30929  0.00000
********  3.30929  0.00000
********  3.30929  0.00000
********  3.30929  0.00000
82.37970 69.12475  0.00000
82.37970 69.12475  0.00000
82.37970 69.12475  0.00000
82.37970 69.12475  0.00000
********  3.03935  0.00000
********  3.03935  0.00000
********  3.03935  0.00000
********  3.03935  0.00000
********  3.10947  0.00000
********  3.10947  0.00000
********  3.10947  0.00000
********  3.10947  0.00000
********  3.20935  0.00000
********  3.20935  0.00000
********  3.20935  0.00000
********  3.20935  0.00000
********  3.66071  0.00000
********  3.66071  0.00000
********  3.66071  0.00000
********  3.66071  0.00000
81.60828 68.09144  0.00000
81.60828 68.09144  0.00000
81.60828 68.09144  0.00000
81.60828 68.09144  0.00001
********  3.43724  0.00000
********  3.43724  0.00000
********  3.43724  0.00000
********  3.52739  0.00000
********  3.52739  0.00000
********  3.52739  0.00000
********  3.60723  0.00000
********  3.60723  0.00000
********  3.60723  0.00000
********  4.05860  0.00000
********  4.05860  0.00000
********  4.05860  0.00000
********  3.88773  0.00000
********  3.88773  0.00000
********  3.88773  0.00000
********  3.95785  0.00000
********  3.95785  0.00000
********  3.95785  0.00000
********  4.05773  0.00000
********  4.05773  0.00000
********  4.05773  0.00000
********  4.50909  0.00000
********  4.50909  0.00000
********  4.50909  0.00000
 5.80832  4.45789  0.00000
 5.80832  4.45789  0.00001
 5.80832  4.45789  0.00001
********  4.39779  0.00000
********  4.39779  0.00000
********  4.39779  0.00000
 5.80832  4.72836  0.00000
 5.80832  4.72836  0.00001
 5.80832  4.72836  0.00001
********  4.46791  0.00000
********  4.46791  0.00000
********  4.46791  0.00000
 5.80832  4.88215  0.00000
 5.80832  4.88215  0.00001
 5.80832  4.88215  0.00001
********  4.56779  0.00000
********  4.56779  0.00000
********  4.56779  0.00000
********  5.01915  0.00000
********  5.01915  0.00000
********  5.01915  0.00000
********  4.97529  0.00000
********  4.97529  0.00000
********  4.97529  0.00040
********  5.04541  0.00000
********  5.04541  0.00000
********  5.04541  0.00027
********  5.11671  0.00000
********  5.11671  0.00000
********  5.11671  0.00024
********  5.53743  0.00000
********  5.53743  0.00000
********  5.53743  0.00017
********  5.62914  0.00000
********  5.62914  0.00006
********  5.69926  0.00000
********  5.69926  0.00004
********  5.79914  0.00000
********  5.79914  0.00003
********  6.25050  0.00000
********  6.25050  0.00002
********  6.36945  0.00000
********  6.43957  0.00000
********  6.51087  0.00000
********  6.93159  0.00000
********  7.20763  0.00073
********  7.27775  0.00049
********  7.34905  0.00043
********  7.76977  0.00031
********  8.15665  0.00053
********  8.22677  0.00035
********  8.29807  0.00031
********  8.71879  0.00022
 0.61968  0.50322  0.00004
 0.58790  0.48348  0.00279
 0.57201  0.47362  0.00621
 0.56407  0.46375  0.00237
 0.55612  0.46375  0.00014
 1.71603  0.39468  0.00003
 1.66836  0.38481  0.00186
 1.60481  0.37495  0.00414
 1.54125  0.36508  0.00159
 1.50947  0.35521  0.00009
 2.76519  0.32561  0.00002
 2.60653  0.32561  0.00157
 2.53853  0.31574  0.00351
 2.49320  0.31574  0.00137
 2.44787  0.30588  0.00008
 5.96475  0.22694  0.00002
 5.96475  0.22694  0.00107
 5.91779  0.21707  0.00240
 5.91779  0.21707  0.00094
 5.82385  0.21707  0.00005
********  0.04934  0.00000
********  0.04934  0.00002
********  0.04934  0.00004
********  0.04934  0.00001
********  0.04934  0.00000
 1.49358  1.16431  0.00002
 1.41414  1.10511  0.00126
 1.39825  1.08537  0.00281
 1.35058  1.06564  0.00108
 1.33469  1.04590  0.00006
 2.42520  0.98670  0.00002
 2.42520  0.98670  0.00106
 2.40254  0.94723  0.00238
 2.31188  0.94723  0.00093
 2.24388  0.92750  0.00005
 5.96475  0.73016  0.00001
 5.91779  0.69069  0.00072
 5.91779  0.69069  0.00163
 5.91779  0.69069  0.00064
 5.68295  0.67096  0.00004
********  0.15787  0.00000
********  0.15787  0.00001
********  0.15787  0.00002
********  0.15787  0.00001
********  0.15787  0.00000
 2.22121  1.71715  0.00001
 2.17588  1.68900  0.00092
 2.17588  1.66085  0.00207
 2.10789  1.63270  0.00080
 2.01723  1.57640  0.00005
 5.87082  1.23860  0.00001
 5.72992  1.26675  0.00063
 5.72992  1.23860  0.00141
 5.68295  1.18230  0.00055
 5.54205  1.18230  0.00003
********  0.28150  0.00000
********  0.28150  0.00001
********  0.28150  0.00002
********  0.28150  0.00001
********  0.28150  0.00000
 4.97846  3.73321  0.00001
 4.97846  3.73321  0.00043
 4.97846  3.73321  0.00098
 4.83756  3.61655  0.00038
 4.79059  3.55822  0.00002
********  0.93330  0.00000
********  0.93330  0.00001
********  0.93330  0.00001
********  0.93330  0.00001
********  0.93330  0.00000
******** 95.47782  0.00000
******** 95.47782  0.00000
******** 95.47782  0.00000
******** 95.47782  0.00000
******** 95.47782  0.00000
 0.58847  0.48406  0.00011
 0.57258  0.47419  0.00021
 1.66894  0.38539  0.00007
 1.58949  0.37552  0.00014
 2.60710  0.32618  0.00007
 2.53910  0.31632  0.00012
 5.96532  0.22751  0.00005
 5.91836  0.21765  0.00008
********  0.04991  0.00000
********  0.04991  0.00000
 1.41471  1.10568  0.00005
 1.39882  1.08594  0.00009
 2.42578  0.98727  0.00004
 2.40311  0.94780  0.00008
 5.91836  0.69126  0.00003
 5.91836  0.69126  0.00005
********  0.15844  0.00000
********  0.15844  0.00000
 2.22179  1.66142  0.00004
 2.17646  1.66142  0.00007
 5.73049  1.23917  0.00003
 5.73049  1.23917  0.00004
********  0.28207  0.00000
********  0.28207  0.00000
 4.97903  3.73378  0.00002
 4.97903  3.73378  0.00003
********  0.93387  0.00000
********  0.93387  0.00000
******** 95.47839  0.00000
******** 95.47839  0.00000
 0.55677  0.46440  0.00004
 0.55677  0.46440  0.00004
 1.54190  0.36573  0.00003
 1.51012  0.35586  0.00003
 2.47118  0.31639  0.00002
 2.44852  0.30652  0.00002
 5.91843  0.21772  0.00002
 5.82450  0.21772  0.00002
********  0.04998  0.00000
********  0.04998  0.00000
 1.35123  1.06628  0.00002
 1.33534  1.04655  0.00002
 2.31252  0.94788  0.00001
 2.22186  0.92815  0.00001
 5.91843  0.69134  0.00001
 5.68360  0.67160  0.00001
********  0.15852  0.00000
********  0.15852  0.00000
 2.10853  1.63335  0.00001
 2.01787  1.57705  0.00001
 5.68360  1.18295  0.00001
 5.54270  1.18295  0.00001
********  0.28215  0.00000
********  0.28215  0.00000
 4.83820  3.61720  0.00001
 4.79124  3.55886  0.00001
********  0.93395  0.00000
********  0.93395  0.00000
******** 95.47847  0.00000
******** 95.47847  0.00000
 0.58863  0.48422  0.00006
 0.57274  0.47435  0.00158
 0.55685  0.46448  0.00070
 1.66910  0.38555  0.00004
 1.58965  0.37568  0.00111
 1.54198  0.36581  0.00048
 2.60726  0.32634  0.00004
 2.53926  0.31648  0.00102
 2.47127  0.31648  0.00042
 5.96549  0.22767  0.00003
 5.91852  0.21781  0.00073
 5.91852  0.21781  0.00029
********  0.05007  0.00000
********  0.05007  0.00001
********  0.05007  0.00000
 1.46254  1.12557  0.00003
 1.39898  1.08610  0.00074
 1.35131  1.06637  0.00032
 2.42594  0.98743  0.00003
 2.35794  0.96770  0.00068
 2.31261  0.94797  0.00029
 5.91852  0.69142  0.00002
 5.91852  0.69142  0.00049
 5.91852  0.69142  0.00020
********  0.15861  0.00000
********  0.15861  0.00001
********  0.15861  0.00000
 2.22195  1.66158  0.00002
 2.17662  1.66158  0.00058
 2.10862  1.63343  0.00027
 5.73065  1.23933  0.00002
 5.73065  1.23933  0.00042
 5.68369  1.18303  0.00019
********  0.28223  0.00000
********  0.28223  0.00001
********  0.28223  0.00000
 4.97919  3.73394  0.00001
 4.97919  3.73394  0.00029
 4.83829  3.61728  0.00014
********  0.93404  0.00000
********  0.93404  0.00000
********  0.93404  0.00000
******** 95.47855  0.00000
******** 95.47855  0.00000
******** 95.47855  0.00000
 0.61499  0.50647  0.00000
 0.59115  0.48674  0.00000
 1.68751  0.39793  0.00000
 1.65573  0.38807  0.00000
 2.72311  0.32886  0.00000
 2.60978  0.32886  0.00000
 5.96801  0.23019  0.00000
 5.96801  0.23019  0.00000
********  0.05259  0.00000
********  0.05259  0.00000
 1.49684  1.14783  0.00000
 1.43328  1.12809  0.00000
 2.42846  0.98995  0.00000
 2.42846  0.98995  0.00000
 5.96801  0.73341  0.00000
 5.92104  0.69394  0.00000
********  0.16113  0.00000
********  0.16113  0.00000
 2.26980  1.72040  0.00000
 2.22447  1.66410  0.00000
 5.87407  1.24185  0.00000
 5.73317  1.24185  0.00000
********  0.28475  0.00000
********  0.28475  0.00000
 4.98171  3.73646  0.00000
 4.98171  3.73646  0.00000
********  0.93656  0.00000
********  0.93656  0.00000
******** 95.48107  0.00000
******** 95.48107  0.00000
 0.55980  0.46743  0.00000
 0.55186  0.46743  0.00000
 1.54493  0.36876  0.00000
 1.49727  0.35890  0.00000
 2.47422  0.31943  0.00000
 2.42889  0.30956  0.00000
 5.92147  0.22076  0.00000
 5.82754  0.22076  0.00000
********  0.05302  0.00000
********  0.05302  0.00000
 1.35426  1.06932  0.00000
 1.32249  1.04959  0.00000
 2.31556  0.93118  0.00000
 2.22490  0.93118  0.00000
 5.92147  0.69437  0.00000
 5.63967  0.67464  0.00000
********  0.16156  0.00000
********  0.16156  0.00000
 2.11157  1.63638  0.00000
 2.04357  1.58008  0.00000
 5.63967  1.18598  0.00000
 5.54574  1.18598  0.00000
********  0.28518  0.00000
********  0.28518  0.00000
 4.84124  3.62023  0.00000
 4.79427  3.56190  0.00000
********  0.93699  0.00000
********  0.93699  0.00000
******** 95.48150  0.00000
******** 95.48150  0.00000
 0.62440  0.50794  0.00000
 0.59262  0.48820  0.00000
 1.68898  0.39940  0.00000
 1.65720  0.38953  0.00000
 2.72458  0.33033  0.00000
 2.61125  0.33033  0.00000
 5.96947  0.23166  0.00000
 5.96947  0.23166  0.00000
********  0.05406  0.00000
********  0.05406  0.00000
 1.49830  1.14929  0.00000
 1.43475  1.12956  0.00000
 2.42993  0.99142  0.00000
 2.40726  0.99142  0.00000
 5.96947  0.73488  0.00000
 5.92251  0.69541  0.00000
********  0.16259  0.00000
********  0.16259  0.00000
 2.27127  1.72187  0.00000
 2.22594  1.66557  0.00000
 5.87554  1.24332  0.00000
 5.73464  1.24332  0.00000
********  0.28622  0.00000
********  0.28622  0.00000
 4.98318  3.73793  0.00000
 4.88924  3.73793  0.00000
********  0.93802  0.00000
********  0.93802  0.00000
******** 95.48254  0.00000
******** 95.48254  0.00000
 0.62502  0.50856  0.00001
 0.58530  0.48883  0.00071
 0.56941  0.47896  0.00020
 1.68960  0.40003  0.00000
 1.65782  0.39016  0.00049
 1.57838  0.38029  0.00014
 2.72520  0.33096  0.00000
 2.58921  0.33096  0.00045
 2.52121  0.32109  0.00012
 5.97010  0.23229  0.00000
 5.97010  0.23229  0.00032
 5.92313  0.22242  0.00009
********  0.05468  0.00000
********  0.05468  0.00000
********  0.05468  0.00000
 1.49893  1.14992  0.00000
 1.43537  1.13018  0.00033
 1.40359  1.11045  0.00010
 2.45321  1.03151  0.00000
 2.40788  0.99205  0.00030
 2.36255  0.95258  0.00009
 5.97010  0.73550  0.00000
 5.92313  0.69604  0.00021
 5.92313  0.67630  0.00006
********  0.16322  0.00000
********  0.16322  0.00000
********  0.16322  0.00000
 2.27189  1.69435  0.00000
 2.18123  1.66620  0.00026
 2.13590  1.66620  0.00008
 5.87617  1.24395  0.00000
 5.73527  1.24395  0.00018
 5.73527  1.24395  0.00005
********  0.28685  0.00000
********  0.28685  0.00000
********  0.28685  0.00000
 4.88987  3.73856  0.00000
 4.88987  3.73856  0.00013
 4.88987  3.73856  0.00004
********  0.93865  0.00000
********  0.93865  0.00000
********  0.93865  0.00000
******** 95.48316  0.00000
******** 95.48316  0.00000
******** 95.48316  0.00000
 0.57012  0.47967  0.00002
 0.55423  0.46980  0.00003
 0.55423  0.46980  0.00000
 1.57908  0.38100  0.00001
 1.53141  0.37113  0.00002
 1.49964  0.36126  0.00000
 2.52192  0.32180  0.00001
 2.49925  0.32180  0.00002
 2.40859  0.31193  0.00000
 5.92384  0.22313  0.00001
 5.92384  0.22313  0.00001
 5.82991  0.22313  0.00000
********  0.05539  0.00000
********  0.05539  0.00000
********  0.05539  0.00000
 1.40430  1.11116  0.00001
 1.34074  1.07169  0.00001
 1.32485  1.05196  0.00000
 2.36326  0.95329  0.00001
 2.31793  0.93355  0.00001
 2.27260  0.95329  0.00000
 5.92384  0.67701  0.00001
 5.92384  0.67701  0.00001
 5.73597  0.69674  0.00000
********  0.16392  0.00000
********  0.16392  0.00000
********  0.16392  0.00000
 2.13661  1.66690  0.00001
 2.11394  1.61060  0.00001
 2.04594  1.55430  0.00000
 5.73597  1.24465  0.00000
 5.64204  1.18835  0.00001
 5.54811  1.18835  0.00000
********  0.28755  0.00000
********  0.28755  0.00000
********  0.28755  0.00000
 4.89057  3.73926  0.00000
 4.84361  3.62260  0.00001
 4.74968  3.56427  0.00000
********  0.93936  0.00000
********  0.93936  0.00000
********  0.93936  0.00000
******** 95.48387  0.00000
******** 95.48387  0.00000
******** 95.48387  0.00000
 0.58681  0.49034  0.00001
 0.57092  0.48047  0.00000
 1.64344  0.39167  0.00001
 1.57988  0.38180  0.00000
 2.59071  0.33246  0.00001
 2.52272  0.32260  0.00000
 5.97161  0.23379  0.00000
 5.92464  0.23379  0.00000
********  0.05619  0.00000
********  0.05619  0.00000
 1.43688  1.13169  0.00000
 1.40510  1.11196  0.00000
 2.40939  0.99355  0.00000
 2.36406  0.95409  0.00000
 5.92464  0.67781  0.00000
 5.92464  0.67781  0.00000
********  0.16473  0.00000
********  0.16473  0.00000
 2.18274  1.66770  0.00000
 2.13741  1.66770  0.00000
 5.73677  1.24545  0.00000
 5.73677  1.24545  0.00000
********  0.28835  0.00000
********  0.28835  0.00000
 4.89137  3.74006  0.00000
 4.89137  3.74006  0.00000
********  0.94016  0.00000
********  0.94016  0.00000
******** 95.48467  0.00000
******** 95.48467  0.00000
 0.58771  0.49124  0.00012
 0.57183  0.47151  0.00259
 1.64434  0.39257  0.00008
 1.58079  0.38271  0.00177
 2.59162  0.33337  0.00007
 2.52362  0.32350  0.00155
 5.97251  0.23470  0.00005
 5.92555  0.23470  0.00107
********  0.05709  0.00000
********  0.05709  0.00002
 1.43779  1.13260  0.00006
 1.40601  1.09313  0.00120
 2.41030  0.99446  0.00005
 2.36497  0.95499  0.00105
 5.97251  0.67872  0.00003
 5.92555  0.67872  0.00073
********  0.16563  0.00000
********  0.16563  0.00001
 2.18364  1.66861  0.00005
 2.13831  1.66861  0.00099
 5.73768  1.24636  0.00003
 5.73768  1.24636  0.00069
********  0.28926  0.00000
********  0.28926  0.00001
 4.89228  3.74097  0.00002
 4.89228  3.74097  0.00051
********  0.94106  0.00000
********  0.94106  0.00001
******** 95.48558  0.00000
******** 95.48558  0.00000
 0.59122  0.48488  0.00030
 0.56738  0.47501  0.00004
 1.63196  0.39607  0.00021
 1.56840  0.37634  0.00003
 2.59512  0.32701  0.00019
 2.57246  0.33687  0.00003
 5.97601  0.23820  0.00014
 5.97601  0.23820  0.00002
********  0.06060  0.00000
********  0.06060  0.00000
 1.44129  1.11637  0.00014
 1.40951  1.09663  0.00002
 2.41380  0.97823  0.00013
 2.36847  0.95849  0.00002
 5.97601  0.72169  0.00009
 5.92905  0.68222  0.00001
********  0.16913  0.00000
********  0.16913  0.00000
 2.16448  1.67211  0.00012
 2.14181  1.67211  0.00002
 5.74118  1.24986  0.00009
 5.74118  1.24986  0.00001
********  0.29276  0.00000
********  0.29276  0.00000
 4.89578  3.74447  0.00007
 4.89578  3.74447  0.00001
********  0.94456  0.00000
********  0.94456  0.00000
******** 95.48908  0.00000
******** 95.48908  0.00000
 0.61654  0.50610  0.00001
 0.58476  0.48637  0.00000
 1.69700  0.39756  0.00000
 1.63345  0.39756  0.00000
 2.68727  0.33836  0.00000
 2.59661  0.32849  0.00000
 5.97750  0.23969  0.00000
 5.97750  0.23969  0.00000
********  0.06209  0.00000
********  0.06209  0.00000
 1.49044  1.15732  0.00000
 1.44278  1.11786  0.00000
 2.46062  1.01919  0.00000
 2.39262  0.99945  0.00000
 5.97750  0.72318  0.00000
 5.97750  0.72318  0.00000
********  0.17062  0.00000
********  0.17062  0.00000
 2.23397  1.70175  0.00000
 2.16597  1.67360  0.00000
 5.83660  1.25135  0.00000
 5.83660  1.25135  0.00000
********  0.29425  0.00000
********  0.29425  0.00000
 4.89727  3.74596  0.00000
 4.89727  3.74596  0.00000
********  0.88772  0.00000
********  0.88772  0.00000
******** 95.49057  0.00000
******** 95.49057  0.00000
 0.57056  0.47819  0.00009
 0.55467  0.46832  0.00025
 1.57158  0.37952  0.00006
 1.53980  0.37952  0.00017
 2.57563  0.33018  0.00005
 2.50764  0.33018  0.00015
 5.97919  0.24138  0.00004
 5.93222  0.23151  0.00010
********  0.06377  0.00000
********  0.06377  0.00000
 1.39680  1.09981  0.00004
 1.36502  1.08007  0.00011
 2.32631  0.96167  0.00004
 2.25832  0.94194  0.00010
 5.93222  0.68539  0.00003
 5.74436  0.70513  0.00007
********  0.17231  0.00000
********  0.17231  0.00000
 2.14499  1.67529  0.00003
 2.09966  1.61899  0.00009
 5.74436  1.25304  0.00002
 5.60346  1.19674  0.00006
********  0.29594  0.00000
********  0.29594  0.00000
 4.89896  3.74765  0.00002
 4.80503  3.63099  0.00004
********  0.88941  0.00000
********  0.88941  0.00000
******** 95.49225  0.00000
******** 95.49225  0.00000
 0.61435  0.51186  0.00000
 0.59052  0.49212  0.00001
 0.56668  0.48226  0.00009
 1.67098  0.40332  0.00000
 1.62331  0.39345  0.00001
 1.57565  0.39345  0.00007
 2.69303  0.34412  0.00000
 2.64770  0.34412  0.00001
 2.55704  0.33425  0.00006
 5.98326  0.24545  0.00000
 5.98326  0.24545  0.00000
 5.98326  0.24545  0.00004
********  0.06784  0.00000
********  0.06784  0.00000
********  0.06784  0.00000
 1.48031  1.14335  0.00000
 1.41675  1.12361  0.00000
 1.38498  1.10388  0.00004
 2.42104  1.02494  0.00000
 2.39838  0.98547  0.00000
 2.33038  0.96574  0.00004
 5.98326  0.72893  0.00000
 5.98326  0.72893  0.00000
 5.74843  0.70920  0.00003
********  0.17638  0.00000
********  0.17638  0.00000
********  0.17638  0.00000
 2.23972  1.70751  0.00000
 2.17172  1.65121  0.00000
 2.14906  1.65121  0.00003
 5.84236  1.25711  0.00000
 5.84236  1.25711  0.00000
 5.74843  1.25711  0.00002
********  0.30001  0.00000
********  0.30001  0.00000
********  0.30001  0.00000
 5.04393  3.69339  0.00000
 4.90303  3.75172  0.00000
 4.90303  3.75172  0.00002
********  0.89348  0.00000
********  0.89348  0.00000
********  0.89348  0.00000
******** 95.49632  0.00000
******** 95.49632  0.00000
******** 95.49632  0.00000
 0.61680  0.50444  0.00000
 0.58502  0.49457  0.00051
 0.56913  0.48470  0.00007
 1.67343  0.40577  0.00000
 1.62576  0.39590  0.00034
 1.57809  0.38603  0.00005
 2.71814  0.35643  0.00000
 2.62748  0.34656  0.00029
 2.55948  0.33670  0.00004
 5.98571  0.24789  0.00000
 5.98571  0.24789  0.00020
 5.98571  0.24789  0.00003
********  0.07029  0.00000
********  0.07029  0.00000
********  0.07029  0.00000
 1.48276  1.14579  0.00000
 1.41920  1.12606  0.00023
 1.38742  1.10632  0.00003
 2.42349  1.02739  0.00000
 2.37816  0.98792  0.00020
 2.33283  0.96819  0.00003
 5.93874  0.73138  0.00000
 5.93874  0.73138  0.00013
 5.75087  0.71164  0.00002
********  0.17883  0.00000
********  0.17883  0.00000
********  0.17883  0.00000
 2.24217  1.70995  0.00000
 2.15151  1.65365  0.00019
 2.15151  1.65365  0.00002
 5.84481  1.25955  0.00000
 5.84481  1.25955  0.00013
 5.75087  1.23140  0.00002
********  0.30245  0.00000
********  0.30245  0.00000
********  0.30245  0.00000
 5.04637  3.69583  0.00000
 4.90548  3.75416  0.00009
 4.90548  3.75416  0.00001
********  0.89592  0.00000
********  0.89592  0.00000
********  0.89592  0.00000
******** 95.49877  0.00000
******** 95.49877  0.00000
******** 95.49877  0.00000
 0.60682  0.51034  0.00000
 0.59093  0.49061  0.00006
 0.56709  0.48074  0.00000
 1.69522  0.41167  0.00000
 1.59989  0.40181  0.00004
 1.56811  0.39194  0.00000
 2.70138  0.36234  0.00000
 2.61072  0.35247  0.00003
 2.52006  0.34260  0.00000
 5.99161  0.25380  0.00000
 5.94465  0.25380  0.00002
 5.94465  0.25380  0.00000
********  0.07620  0.00000
********  0.07620  0.00000
********  0.07620  0.00000
 1.45689  1.15170  0.00000
 1.42511  1.11223  0.00003
 1.37744  1.09250  0.00000
 2.42940  1.01356  0.00000
 2.36140  0.99383  0.00002
 2.36140  0.99383  0.00000
 5.94465  0.73728  0.00000
 5.94465  0.73728  0.00002
 5.75678  0.71755  0.00000
********  0.18473  0.00000
********  0.18473  0.00000
********  0.18473  0.00000
 2.22541  1.68771  0.00000
 2.22541  1.68771  0.00002
 2.11208  1.65956  0.00000
 5.85071  1.26546  0.00000
 5.85071  1.26546  0.00001
 5.75678  1.23731  0.00000
********  0.30836  0.00000
********  0.30836  0.00000
********  0.30836  0.00000
 5.00532  3.70174  0.00000
 4.91138  3.76007  0.00001
 4.91138  3.76007  0.00000
********  0.90183  0.00000
********  0.90183  0.00000
********  0.90183  0.00000
******** 95.50468  0.00000
******** 95.50468  0.00000
******** 95.50468  0.00000
 0.61831  0.51390  0.00000
 0.58653  0.49416  0.00000
 1.68289  0.41523  0.00000
 1.63522  0.40536  0.00000
 2.70494  0.35602  0.00000
 2.61427  0.35602  0.00000
 5.94820  0.25735  0.00000
 5.94820  0.25735  0.00000
********  0.07975  0.00000
********  0.07975  0.00000
 1.46044  1.13552  0.00000
 1.42866  1.11578  0.00000
 2.43295  1.01711  0.00000
 2.36495  0.99738  0.00000
 5.94820  0.74084  0.00000
 5.94820  0.74084  0.00000
********  0.18828  0.00000
********  0.18828  0.00000
 2.22896  1.69126  0.00000
 2.22896  1.69126  0.00000
 5.85426  1.24086  0.00000
 5.85426  1.24086  0.00000
********  0.31191  0.00000
********  0.31191  0.00000
 5.00887  3.70529  0.00000
 4.82100  3.76362  0.00000
********  0.90538  0.00000
********  0.90538  0.00000
******** 95.50823  0.00000
******** 95.50823  0.00000
 0.61439  0.50805  0.00000
 0.59055  0.49818  0.00000
 1.67102  0.41925  0.00000
 1.62335  0.40938  0.00000
 1.55979  0.39951  0.00000
 1.52802  0.38965  0.00002
 1.48035  0.37978  0.00000
 2.68629  0.36004  0.00000
 2.59563  0.35018  0.00000
 2.52763  0.35018  0.00000
 2.45964  0.34031  0.00002
 2.39164  0.34031  0.00000
 5.95222  0.26137  0.00000
 5.95222  0.26137  0.00000
 5.95222  0.26137  0.00000
 5.95222  0.25151  0.00001
 5.57649  0.25151  0.00000
********  0.08377  0.00000
********  0.08377  0.00000
********  0.08377  0.00000
********  0.08377  0.00000
********  0.08377  0.00000
 1.46446  1.13954  0.00000
 1.43268  1.10007  0.00000
 1.36912  1.10007  0.00000
 1.33735  1.08034  0.00001
 1.30557  1.06060  0.00000
 2.39164  1.02113  0.00000
 2.34631  1.00140  0.00000
 2.34631  0.98167  0.00000
 2.27831  0.96193  0.00001
 2.23298  0.94220  0.00000
 5.95222  0.74486  0.00000
 5.95222  0.74486  0.00000
 5.85829  0.70539  0.00000
 5.76435  0.70539  0.00001
 5.76435  0.70539  0.00000
********  0.19230  0.00000
********  0.19230  0.00000
********  0.19230  0.00000
********  0.19230  0.00000
********  0.19230  0.00000
 2.21032  1.69528  0.00000
 2.16499  1.72343  0.00000
 2.11965  1.66713  0.00000
 2.07432  1.61083  0.00001
 2.02899  1.61083  0.00000
 5.99919  1.27303  0.00000
 5.85829  1.21673  0.00000
 5.76435  1.24488  0.00000
 5.76435  1.21673  0.00001
 5.57649  1.18858  0.00000
********  0.31593  0.00000
********  0.31593  0.00000
********  0.31593  0.00000
********  0.31593  0.00000
********  0.31593  0.00000
 5.01289  3.70931  0.00000
 4.82502  3.76764  0.00000
 4.82502  3.76764  0.00000
 4.77806  3.59265  0.00001
 4.73109  3.53432  0.00000
********  0.90940  0.00000
********  0.90940  0.00000
********  0.90940  0.00000
********  0.90940  0.00000
********  0.90940  0.00000
******** 95.51225  0.00000
******** 95.51225  0.00000
******** 95.51225  0.00000
******** 95.51225  0.00000
******** 95.51225  0.00000
 1.59613  0.41393  0.00001
 1.54846  0.39420  0.00023
 1.51668  0.39420  0.00042
 1.46901  0.38433  0.00003
 2.57752  0.35473  0.00001
 2.50952  0.35473  0.00021
 2.44152  0.34486  0.00038
 2.39619  0.33500  0.00003
 5.95677  0.25606  0.00000
 5.95677  0.25606  0.00015
 5.95677  0.25606  0.00027
 5.58104  0.25606  0.00002
********  0.08832  0.00000
********  0.08832  0.00000
********  0.08832  0.00000
********  0.08832  0.00000
 1.40546  1.10462  0.00000
 1.37368  1.08489  0.00016
 1.34190  1.06515  0.00029
 1.29423  1.06515  0.00002
 2.35086  0.98622  0.00000
 2.35086  0.98622  0.00014
 2.26020  0.96648  0.00026
 2.21487  0.94675  0.00002
 5.95677  0.72968  0.00000
 5.86284  0.70994  0.00010
 5.76891  0.70994  0.00018
 5.58104  0.70994  0.00001
********  0.19686  0.00000
********  0.19686  0.00000
********  0.19686  0.00000
********  0.19686  0.00000
 2.16954  1.69984  0.00000
 2.12421  1.67169  0.00013
 2.05621  1.61539  0.00023
 2.03355  1.58724  0.00002
 5.86284  1.22129  0.00000
 5.76891  1.22129  0.00009
 5.76891  1.22129  0.00017
 5.58104  1.16499  0.00001
********  0.32049  0.00000
********  0.32049  0.00000
********  0.32049  0.00000
********  0.32049  0.00000
 4.82957  3.77220  0.00000
 4.82957  3.77220  0.00006
 4.78261  3.59720  0.00012
 4.68867  3.53887  0.00001
********  0.91396  0.00000
********  0.91396  0.00000
********  0.91396  0.00000
********  0.91396  0.00000
******** 95.51680  0.00000
******** 95.51680  0.00000
******** 95.51680  0.00000
******** 95.51680  0.00000
 1.60712  0.41506  0.00001
 1.55945  0.40519  0.00011
 1.49589  0.39532  0.00016
 2.58851  0.36572  0.00001
 2.54318  0.35585  0.00010
 2.47518  0.35585  0.00014
 5.96776  0.26705  0.00000
 5.96776  0.26705  0.00007
 5.96776  0.26705  0.00010
********  0.09931  0.00000
********  0.09931  0.00000
********  0.09931  0.00000
 1.43234  1.13535  0.00000
 1.38467  1.11561  0.00008
 1.35289  1.09588  0.00011
 2.36185  1.01694  0.00000
 2.31652  0.99721  0.00007
 2.27119  0.95774  0.00009
 5.87383  0.76040  0.00000
 5.82686  0.72093  0.00005
 5.77990  0.72093  0.00006
********  0.20785  0.00000
********  0.20785  0.00000
********  0.20785  0.00000
 2.18053  1.68268  0.00000
 2.11253  1.65453  0.00006
 2.08987  1.65453  0.00008
 5.87383  1.23228  0.00000
 5.87383  1.23228  0.00004
 5.73293  1.23228  0.00006
********  0.33148  0.00000
********  0.33148  0.00000
********  0.33148  0.00000
 4.84057  3.66652  0.00000
 4.84057  3.66652  0.00003
 4.84057  3.66652  0.00004
********  0.92495  0.00000
********  0.92495  0.00000
********  0.92495  0.00000
******** 95.52779  0.00000
******** 95.52779  0.00000
******** 95.52779  0.00000
 1.62961  0.43153  0.00000
 1.58195  0.42166  0.00010
 1.55017  0.41180  0.00118
 1.51839  0.41180  0.00002
 1.45483  0.40193  0.00001
 2.61778  0.38220  0.00000
 2.59511  0.36246  0.00009
 2.45912  0.36246  0.00107
 2.45912  0.36246  0.00002
 2.36846  0.36246  0.00001
 6.02134  0.28353  0.00000
 5.97437  0.27366  0.00006
 5.97437  0.27366  0.00075
 5.97437  0.27366  0.00001
 5.73954  0.26379  0.00001
********  0.10592  0.00000
********  0.10592  0.00000
********  0.10592  0.00001
********  0.10592  0.00000
********  0.10592  0.00000
 1.47072  1.16169  0.00000
 1.42305  1.12222  0.00007
 1.37539  1.10249  0.00081
 1.34361  1.08275  0.00002
 1.31183  1.06302  0.00001
 2.39113  1.02355  0.00000
 2.36846  1.02355  0.00006
 2.30046  0.98408  0.00074
 2.23247  0.96435  0.00001
 2.23247  0.96435  0.00001
 6.02134  0.76701  0.00000
 5.88044  0.74727  0.00004
 5.88044  0.74727  0.00052
 5.78650  0.70781  0.00001
 5.59864  0.72754  0.00000
********  0.21446  0.00000
********  0.21446  0.00000
********  0.21446  0.00001
********  0.21446  0.00000
********  0.21446  0.00000
 2.18714  1.68928  0.00000
 2.16447  1.68928  0.00005
 2.09647  1.63298  0.00067
 2.05114  1.66113  0.00001
 2.02848  1.60483  0.00001
 5.97437  1.29518  0.00000
 5.88044  1.23888  0.00004
 5.88044  1.23888  0.00047
 5.73954  1.23888  0.00001
 5.64560  1.23888  0.00000
********  0.33808  0.00000
********  0.33808  0.00000
********  0.33808  0.00001
********  0.33808  0.00000
********  0.33808  0.00000
 4.94111  3.73146  0.00000
 4.84717  3.67313  0.00003
 4.84717  3.67313  0.00033
 4.84717  3.67313  0.00001
 4.65931  3.55647  0.00000
********  0.93156  0.00000
********  0.93156  0.00000
********  0.93156  0.00000
********  0.93156  0.00000
********  0.93156  0.00000
******** 95.53440  0.00000
******** 95.53440  0.00000
******** 95.53440  0.00000
******** 95.53440  0.00000
******** 95.53440  0.00000
 1.65298  0.43901  0.00001
 1.60532  0.42914  0.00036
 1.52587  0.41928  0.00032
 1.49409  0.40941  0.00032
 1.46231  0.40941  0.00001
 2.60260  0.37981  0.00000
 2.55727  0.36994  0.00032
 2.51193  0.36994  0.00029
 2.44394  0.36994  0.00029
 2.37594  0.36008  0.00001
 6.02882  0.29101  0.00000
 5.98185  0.28114  0.00023
 5.98185  0.28114  0.00021
 5.98185  0.28114  0.00021
 5.74702  0.27127  0.00001
********  0.11340  0.00000
********  0.11340  0.00000
********  0.11340  0.00000
********  0.11340  0.00000
********  0.11340  0.00000
 1.46231  1.14944  0.00000
 1.41465  1.12970  0.00025
 1.36698  1.10997  0.00022
 1.33520  1.09023  0.00022
 1.30342  1.07050  0.00001
 2.37594  1.01130  0.00000
 2.33061  1.03103  0.00022
 2.28528  0.99156  0.00020
 2.23995  0.97183  0.00020
 2.19462  0.97183  0.00001
 5.98185  0.77449  0.00000
 5.88792  0.75476  0.00016
 5.88792  0.75476  0.00014
 5.74702  0.71529  0.00014
 5.60612  0.71529  0.00001
********  0.22194  0.00000
********  0.22194  0.00000
********  0.22194  0.00000
********  0.22194  0.00000
********  0.22194  0.00000
 2.19462  1.75307  0.00000
 2.10396  1.69677  0.00020
 2.08129  1.64047  0.00018
 2.05863  1.64047  0.00018
 2.01329  1.61232  0.00001
 5.98185  1.27452  0.00000
 5.88792  1.24637  0.00014
 5.88792  1.24637  0.00012
 5.70005  1.24637  0.00012
 5.60612  1.24637  0.00001
********  0.34557  0.00000
********  0.34557  0.00000
********  0.34557  0.00000
********  0.34557  0.00000
********  0.34557  0.00000
 4.94859  3.68061  0.00000
 4.94859  3.68061  0.00010
 4.85465  3.68061  0.00009
 4.85465  3.68061  0.00009
 4.66679  3.56395  0.00000
********  0.93904  0.00000
********  0.93904  0.00000
********  0.93904  0.00000
********  0.93904  0.00000
********  0.93904  0.00000
******** 95.54188  0.00000
******** 95.54188  0.00000
******** 95.54188  0.00000
******** 95.54188  0.00000
******** 95.54188  0.00000
 1.64557  0.44748  0.00000
 1.59790  0.43762  0.00003
 1.55023  0.42775  0.00004
 2.58840  0.38828  0.00000
 2.58840  0.38828  0.00003
 2.49774  0.37841  0.00003
 6.03729  0.29948  0.00000
 6.03729  0.29948  0.00002
 5.99032  0.27974  0.00002
********  0.12187  0.00000
********  0.12187  0.00000
********  0.12187  0.00000
 1.47078  1.15791  0.00000
 1.40723  1.11844  0.00002
 1.37545  1.09870  0.00003
 2.36175  1.01977  0.00000
 2.33908  1.01977  0.00002
 2.27109  1.00003  0.00002
 5.99032  0.74349  0.00000
 5.80246  0.76323  0.00001
 5.80246  0.76323  0.00002
********  0.23041  0.00000
********  0.23041  0.00000
********  0.23041  0.00000
 2.15776  1.76154  0.00000
 2.11243  1.67709  0.00002
 2.11243  1.67709  0.00002
 5.94336  1.28299  0.00000
 5.80246  1.25484  0.00001
 5.80246  1.25484  0.00001
********  0.35404  0.00000
********  0.35404  0.00000
********  0.35404  0.00000
 4.91009  3.68908  0.00000
 4.91009  3.68908  0.00001
 4.76919  3.68908  0.00001
********  0.94751  0.00000
********  0.94751  0.00000
********  0.94751  0.00000
******** 95.55035  0.00000
******** 95.55035  0.00000
******** 95.55035  0.00000
 1.63927  0.44721  0.00001
 1.57571  0.43734  0.00036
 1.52804  0.43734  0.00205
 1.49626  0.42747  0.00062
 1.43271  0.41760  0.00008
 2.55266  0.39787  0.00001
 2.55266  0.39787  0.00031
 2.46200  0.38800  0.00187
 2.39400  0.37814  0.00055
 2.34867  0.37814  0.00007
 6.04688  0.30907  0.00000
 6.04688  0.30907  0.00022
 5.81205  0.29920  0.00134
 5.81205  0.29920  0.00038
 5.81205  0.28933  0.00005
********  0.13146  0.00000
********  0.13146  0.00000
********  0.13146  0.00002
********  0.13146  0.00001
********  0.13146  0.00000
 1.44860  1.14776  0.00000
 1.38504  1.12803  0.00024
 1.38504  1.12803  0.00138
 1.33737  1.10830  0.00042
 1.30559  1.08856  0.00006
 2.39400  1.04909  0.00000
 2.30334  1.02936  0.00021
 2.25801  0.98989  0.00125
 2.25801  0.98989  0.00037
 2.21268  0.97016  0.00005
 5.95295  0.75308  0.00000
 5.81205  0.77282  0.00015
 5.81205  0.77282  0.00090
 5.71811  0.73335  0.00026
 5.62418  0.73335  0.00003
********  0.24000  0.00000
********  0.24000  0.00000
********  0.24000  0.00001
********  0.24000  0.00000
********  0.24000  0.00000
 2.12202  1.74298  0.00000
 2.12202  1.68668  0.00019
 2.12202  1.68668  0.00110
 2.05402  1.63038  0.00033
 2.03136  1.63038  0.00004
 5.90598  1.29258  0.00000
 5.90598  1.29258  0.00013
 5.81205  1.23628  0.00079
 5.81205  1.23628  0.00023
 5.57721  1.23628  0.00003
********  0.36363  0.00000
********  0.36363  0.00000
********  0.36363  0.00001
********  0.36363  0.00000
********  0.36363  0.00000
 4.91968  3.69868  0.00000
 4.87272  3.69868  0.00009
 4.77878  3.69868  0.00055
 4.77878  3.69868  0.00016
 4.63788  3.52368  0.00002
********  0.95710  0.00000
********  0.95710  0.00000
********  0.95710  0.00001
********  0.95710  0.00000
********  0.95710  0.00000
******** 95.55995  0.00000
******** 95.55995  0.00000
******** 95.55995  0.00000
******** 95.55995  0.00000
******** 95.55995  0.00000
 1.52301  0.43833  0.00007
 1.47534  0.42846  0.00042
 2.49552  0.38900  0.00006
 2.40486  0.38900  0.00039
 5.82291  0.31006  0.00004
 5.82291  0.31006  0.00028
********  0.14232  0.00000
********  0.14232  0.00000
 2.26887  1.02048  0.00004
 2.22354  1.00075  0.00026
 5.82291  0.76394  0.00003
 5.82291  0.76394  0.00019
********  0.23112  0.00000
********  0.23112  0.00000
 2.11021  1.66939  0.00004
 2.04221  1.64124  0.00023
 5.82291  1.21899  0.00003
 5.82291  1.21899  0.00017
********  0.37449  0.00000
********  0.37449  0.00000
 4.78964  3.70953  0.00002
 4.78964  3.70953  0.00012
********  0.96796  0.00000
********  0.96796  0.00000
******** 95.57080  0.00000
******** 95.57080  0.00000
 1.56708  0.46049  0.00000
 1.53531  0.45063  0.00009
 1.48764  0.44076  0.00001
 1.42408  0.43089  0.00001
 2.48515  0.41116  0.00000
 2.46249  0.40129  0.00008
 2.41716  0.40129  0.00001
 2.34916  0.39142  0.00001
 6.02307  0.32235  0.00000
 6.02307  0.32235  0.00006
 5.83520  0.31249  0.00000
 5.64733  0.31249  0.00001
********  0.15461  0.00000
********  0.15461  0.00000
********  0.15461  0.00000
********  0.15461  0.00000
 2.30383  1.01304  0.00000
 2.23583  1.03278  0.00006
 2.21317  0.99331  0.00000
 2.14517  0.97358  0.00001
 5.92913  0.77624  0.00000
 5.83520  0.77624  0.00004
 5.83520  0.77624  0.00000
 5.64733  0.73677  0.00000
********  0.24342  0.00000
********  0.24342  0.00000
********  0.24342  0.00000
********  0.24342  0.00000
 2.14517  1.73798  0.00000
 2.09984  1.65353  0.00005
 2.05451  1.62538  0.00000
 2.00918  1.62538  0.00000
 5.83520  1.31573  0.00000
 5.74127  1.23128  0.00004
 5.74127  1.23128  0.00000
 5.50643  1.25943  0.00000
********  0.38678  0.00000
********  0.38678  0.00000
********  0.38678  0.00000
********  0.38678  0.00000
 4.84890  3.72183  0.00000
 4.70800  3.72183  0.00003
 4.70800  3.72183  0.00000
 4.70800  3.60517  0.00000
********  0.98025  0.00000
********  0.98025  0.00000
********  0.98025  0.00000
********  0.98025  0.00000
******** 94.21913  0.00000
******** 94.21913  0.00000
******** 94.21913  0.00000
******** 94.21913  0.00000
 1.59689  0.47441  0.00000
 1.54923  0.46455  0.00040
 1.50156  0.45468  0.00104
 1.48567  0.45468  0.00075
 1.43800  0.44481  0.00015
 2.52174  0.43494  0.00000
 2.45374  0.42508  0.00037
 2.45374  0.41521  0.00094
 2.38575  0.41521  0.00068
 2.31775  0.40534  0.00013
 6.08395  0.33627  0.00000
 5.94305  0.33627  0.00027
 5.94305  0.33627  0.00068
 5.66125  0.33627  0.00049
 5.66125  0.32641  0.00009
********  0.16853  0.00000
********  0.16853  0.00000
********  0.16853  0.00001
********  0.16853  0.00001
********  0.16853  0.00000
 2.34041  1.04670  0.00000
 2.34041  1.04670  0.00025
 2.24975  1.02696  0.00064
 2.18176  1.00723  0.00047
 2.18176  1.00723  0.00009
 6.08395  0.79016  0.00000
 5.94305  0.77042  0.00018
 5.94305  0.77042  0.00046
 5.80215  0.77042  0.00034
 5.66125  0.73095  0.00006
********  0.25734  0.00000
********  0.25734  0.00000
********  0.25734  0.00001
********  0.25734  0.00000
********  0.25734  0.00000
 2.20442  1.69560  0.00000
 2.11376  1.72375  0.00022
 2.06843  1.66745  0.00058
 2.06843  1.66745  0.00043
 2.00043  1.63930  0.00008
 5.80215  1.30150  0.00000
 5.80215  1.30150  0.00016
 5.66125  1.24520  0.00041
 5.66125  1.24520  0.00031
 5.47339  1.24520  0.00006
********  0.40070  0.00000
********  0.40070  0.00000
********  0.40070  0.00001
********  0.40070  0.00000
********  0.40070  0.00000
 4.90979  3.85241  0.00000
 4.81586  3.73575  0.00011
 4.81586  3.73575  0.00030
 4.72192  3.61909  0.00022
 4.62799  3.61909  0.00004
********  0.99417  0.00000
********  0.99417  0.00000
********  0.99417  0.00000
********  0.99417  0.00000
********  0.99417  0.00000
******** 94.23305  0.00000
******** 94.23305  0.00000
******** 94.23305  0.00000
******** 94.23305  0.00000
******** 94.23305  0.00000
 1.62854  0.48031  0.00000
 1.53321  0.47044  0.00003
 1.50143  0.48031  0.00000
 2.49217  0.44084  0.00000
 2.49217  0.44084  0.00003
 2.42417  0.43097  0.00000
 6.05275  0.35203  0.00000
 5.86488  0.35203  0.00002
 5.86488  0.35203  0.00000
********  0.18430  0.00000
********  0.18430  0.00000
********  0.18430  0.00000
 2.26551  1.06246  0.00000
 2.26551  1.06246  0.00002
 2.22018  1.04272  0.00000
 6.05275  0.80592  0.00000
 6.05275  0.80592  0.00001
 5.95881  0.76645  0.00000
********  0.27310  0.00000
********  0.27310  0.00000
********  0.27310  0.00000
 2.17485  1.71136  0.00000
 2.08419  1.71136  0.00002
 5.77095  1.31726  0.00000
 5.72398  1.31726  0.00001
 5.72398  1.31726  0.00000
********  0.41646  0.00000
********  0.41646  0.00000
********  0.41646  0.00000
 4.92555  3.80984  0.00000
 4.73768  3.75151  0.00001
 4.73768  3.75151  0.00000
********  1.00993  0.00000
********  1.00993  0.00000
********  1.00993  0.00000
******** 94.24881  0.00000
******** 94.24881  0.00000
******** 94.24881  0.00000
 1.59872  0.49815  0.00000
 1.53516  0.48828  0.00015
 1.48750  0.48828  0.00148
 1.45572  0.47842  0.00061
 1.42394  0.46855  0.00001
 2.46468  0.44881  0.00000
 2.41935  0.45868  0.00013
 2.37402  0.43895  0.00136
 2.37402  0.43895  0.00055
 2.30602  0.43895  0.00001
 5.97666  0.36001  0.00000
 5.97666  0.36001  0.00010
 5.88272  0.36001  0.00099
 5.88272  0.36001  0.00039
 5.69486  0.35014  0.00000
********  0.20214  0.00000
********  0.20214  0.00000
********  0.20214  0.00001
********  0.20214  0.00001
********  0.20214  0.00000
 2.28336  1.06057  0.00000
 2.28336  1.06057  0.00009
 2.21536  1.02110  0.00094
 2.14736  1.04084  0.00038
 2.12470  1.00137  0.00000
 5.97666  0.82376  0.00000
 5.97666  0.82376  0.00007
 5.88272  0.78429  0.00068
 5.88272  0.78429  0.00027
 5.69486  0.78429  0.00000
********  0.29094  0.00000
********  0.29094  0.00000
********  0.29094  0.00001
********  0.29094  0.00000
********  0.29094  0.00000
 2.21536  1.75735  0.00000
 2.19270  1.67290  0.00008
 2.10203  1.67290  0.00084
 5.69486  1.33510  0.00000
 5.69486  1.33510  0.00006
 5.69486  1.33510  0.00061
 5.60093  1.27880  0.00024
 5.50699  1.27880  0.00000
********  0.43430  0.00000
********  0.43430  0.00000
********  0.43430  0.00001
********  0.43430  0.00000
********  0.43430  0.00000
 4.75553  3.88602  0.00000
 4.70856  3.76935  0.00004
 4.70856  3.76935  0.00044
 4.66159  3.65269  0.00017
 4.56766  3.65269  0.00000
********  1.02778  0.00000
********  1.02778  0.00000
********  1.02778  0.00001
********  1.02778  0.00000
********  1.02778  0.00000
******** 94.26665  0.00000
******** 94.26665  0.00000
******** 94.26665  0.00000
******** 94.26665  0.00000
******** 94.26665  0.00000
 1.60303  0.50849  0.00000
 1.50770  0.49862  0.00031
 1.50770  0.49862  0.00040
 1.44414  0.49862  0.00069
 1.41236  0.48875  0.00013
 2.48488  0.47889  0.00000
 2.41689  0.46902  0.00029
 2.39422  0.46902  0.00037
 2.32623  0.45915  0.00064
 2.30356  0.44928  0.00012
 6.13776  0.39008  0.00000
 5.99686  0.38022  0.00021
 5.99686  0.38022  0.00027
 5.90293  0.38022  0.00047
 5.71506  0.37035  0.00009
********  0.22234  0.00000
********  0.22234  0.00000
********  0.22234  0.00000
********  0.22234  0.00001
********  0.22234  0.00000
 2.30356  1.08077  0.00000
 2.25823  1.06104  0.00020
 2.21290  1.06104  0.00025
 2.16757  1.04130  0.00043
 2.16757  1.02157  0.00008
 5.90293  0.84396  0.00000
 5.90293  0.84396  0.00015
 5.80900  0.80450  0.00018
 5.80900  0.80450  0.00031
 5.57416  0.80450  0.00006
********  0.31115  0.00000
********  0.31115  0.00000
********  0.31115  0.00000
********  0.31115  0.00000
********  0.31115  0.00000
 2.16757  1.74941  0.00000
 2.12224  1.69311  0.00018
 2.07691  1.69311  0.00023
 2.03158  1.63681  0.00039
 5.62113  1.32716  0.00000
 5.62113  1.32716  0.00014
 5.62113  1.32716  0.00016
 5.62113  1.32716  0.00028
 5.43326  1.27086  0.00005
********  0.45451  0.00000
********  0.45451  0.00000
********  0.45451  0.00000
********  0.45451  0.00000
********  0.45451  0.00000
 4.77573  3.78956  0.00000
 4.77573  3.78956  0.00010
 4.72876  3.61456  0.00012
 4.72876  3.61456  0.00020
 4.58786  3.55623  0.00004
********  1.04798  0.00000
********  1.04798  0.00000
********  1.04798  0.00000
********  1.04798  0.00000
********  1.04798  0.00000
******** 94.28686  0.00000
******** 94.28686  0.00000
******** 94.28686  0.00000
******** 94.28686  0.00000
******** 94.28686  0.00000
 1.59413  0.53136  0.00001
 1.53057  0.52149  0.00055
 1.46702  0.51163  0.00290
 1.43524  0.51163  0.00187
 2.41710  0.49189  0.00001
 2.37177  0.48203  0.00050
 2.32644  0.48203  0.00266
 2.28110  0.47216  0.00171
 2.28110  0.47216  0.00002
 6.11367  0.40309  0.00000
 6.11367  0.40309  0.00036
 6.01974  0.39322  0.00194
 5.83187  0.40309  0.00124
 5.73794  0.39322  0.00001
********  0.24522  0.00000
********  0.24522  0.00000
********  0.24522  0.00003
********  0.24522  0.00002
********  0.24522  0.00000
 2.23577  1.10365  0.00000
 2.21311  1.06418  0.00034
 2.21311  1.06418  0.00180
 2.21311  1.06418  0.00115
 2.09978  1.04445  0.00001
 5.83187  0.84711  0.00000
 5.83187  0.84711  0.00025
 5.83187  0.84711  0.00131
 5.73794  0.82737  0.00084
 5.64400  0.80764  0.00001
********  0.33402  0.00000
********  0.33402  0.00000
********  0.33402  0.00002
********  0.33402  0.00001
********  0.33402  0.00000
 2.14511  1.74413  0.00000
 2.14511  1.74413  0.00031
 2.09978  1.65968  0.00162
 2.00912  1.68783  0.00103
 5.55007  1.35003  0.00000
 5.55007  1.35003  0.00022
 5.55007  1.35003  0.00118
 5.55007  1.35003  0.00075
 5.36220  1.26558  0.00001
********  0.47738  0.00000
********  0.47738  0.00000
********  0.47738  0.00002
********  0.47738  0.00001
********  0.47738  0.00000
 4.79861  3.81243  0.00000
 4.79861  3.81243  0.00016
 4.79861  3.81243  0.00084
 4.70467  3.63744  0.00053
 4.61074  3.57911  0.00001
********  1.07085  0.00000
********  1.07085  0.00000
********  1.07085  0.00001
********  1.07085  0.00001
********  1.07085  0.00000
******** 94.30973  0.00000
******** 94.30973  0.00000
******** 94.30973  0.00000
******** 94.30973  0.00000
******** 94.30973  0.00000
 2.30700  0.49806  0.00004
 2.26167  0.50793  0.00026
 2.23901  0.48819  0.00018
 5.95170  0.41912  0.00003
 5.95170  0.41912  0.00019
 5.66990  0.41912  0.00013
********  0.27112  0.00000
********  0.27112  0.00000
********  0.27112  0.00000
 2.17101  1.07035  0.00003
 2.17101  1.07035  0.00018
 2.08035  1.05061  0.00012
 5.76384  0.87301  0.00002
 5.66990  0.83354  0.00013
 5.57597  0.83354  0.00009
********  0.35992  0.00000
********  0.35992  0.00000
********  0.35992  0.00000
 2.08035  1.68558  0.00002
 1.98969  1.68558  0.00016
 1.98969  1.68558  0.00011
 5.48204  1.34778  0.00002
 5.48204  1.34778  0.00012
 5.43507  1.34778  0.00008
********  0.50328  0.00000
********  0.50328  0.00000
********  0.50328  0.00000
 4.82451  3.72167  0.00001
 4.63664  3.60501  0.00008
 4.54271  3.60501  0.00005
********  1.09675  0.00000
********  1.09675  0.00000
********  1.09675  0.00000
******** 94.33563  0.00000
******** 94.33563  0.00000
******** 94.33563  0.00000
 2.38166  0.54712  0.00000
 2.29100  0.53725  0.00001
 2.29100  0.53725  0.00015
 2.26833  0.51752  0.00020
 2.24567  0.51752  0.00006
 5.93406  0.45831  0.00000
 5.93406  0.45831  0.00001
 5.93406  0.45831  0.00011
 5.79316  0.44845  0.00014
 5.79316  0.43858  0.00004
********  0.30044  0.00000
********  0.30044  0.00000
********  0.30044  0.00000
********  0.30044  0.00000
********  0.30044  0.00000
 2.31366  1.13914  0.00000
 2.29100  1.07994  0.00001
 2.20034  1.09967  0.00010
 2.10967  1.07994  0.00013
 2.10967  1.07994  0.00004
 5.69923  0.88259  0.00000
 5.69923  0.88259  0.00001
 5.69923  0.88259  0.00007
 5.69923  0.88259  0.00010
 5.51136  0.84313  0.00003
********  0.38924  0.00000
********  0.38924  0.00000
********  0.38924  0.00000
********  0.38924  0.00000
********  0.38924  0.00000
 2.08701  1.71491  0.00000
 2.06434  1.71491  0.00001
 2.06434  1.71491  0.00009
 2.01901  1.65861  0.00012
 1.99635  1.65861  0.00004
 5.51136  1.43341  0.00000
 5.41743  1.37711  0.00001
 5.41743  1.37711  0.00007
 5.41743  1.37711  0.00009
 5.32349  1.34896  0.00003
********  0.53261  0.00000
********  0.53261  0.00000
********  0.53261  0.00000
********  0.53261  0.00000
********  0.53261  0.00000
 4.66596  3.75099  0.00000
 4.66596  3.75099  0.00000
 4.66596  3.75099  0.00005
 4.66596  3.75099  0.00006
 4.47810  3.63433  0.00002
********  1.12608  0.00000
********  1.12608  0.00000
********  1.12608  0.00000
********  1.12608  0.00000
********  1.12608  0.00000
******** 94.36496  0.00000
******** 94.36496  0.00000
******** 94.36496  0.00000
******** 94.36496  0.00000
******** 94.36496  0.00000
 2.32420  0.57045  0.00000
 2.32420  0.57045  0.00016
 2.23354  0.56058  0.00116
 2.23354  0.56058  0.00110
 2.18821  0.54085  0.00016
 5.82636  0.48165  0.00000
 5.82636  0.48165  0.00012
 5.82636  0.48165  0.00084
 5.82636  0.48165  0.00079
 5.63850  0.47178  0.00012
********  0.33364  0.00000
********  0.33364  0.00000
********  0.33364  0.00001
********  0.33364  0.00001
********  0.33364  0.00000
 2.25620  1.13287  0.00000
 2.25620  1.13287  0.00011
 2.18821  1.11314  0.00079
 2.14287  1.11314  0.00075
 5.59153  0.91580  0.00000
 5.59153  0.91580  0.00008
 5.59153  0.91580  0.00057
 5.59153  0.91580  0.00054
 5.49760  0.89606  0.00008
********  0.42245  0.00000
********  0.42245  0.00000
********  0.42245  0.00001
********  0.42245  0.00001
********  0.42245  0.00000
 2.14287  1.74811  0.00000
 2.02955  1.71996  0.00010
 2.02955  1.71996  0.00072
 2.02955  1.69181  0.00068
 2.00688  1.63551  0.00010
 5.45063  1.41031  0.00000
 5.45063  1.41031  0.00007
 5.35670  1.38216  0.00052
 5.30973  1.38216  0.00049
 5.26276  1.35401  0.00007
********  0.53766  0.00000
********  0.53766  0.00000
********  0.53766  0.00001
********  0.53766  0.00001
********  0.53766  0.00000
 4.74613  3.72586  0.00000
 4.69916  3.72586  0.00005
 4.69916  3.72586  0.00037
 4.69916  3.72586  0.00035
 4.51130  3.72586  0.00005
********  1.15928  0.00000
********  1.15928  0.00000
********  1.15928  0.00001
********  1.15928  0.00000
********  1.15928  0.00000
******** 94.39816  0.00000
******** 94.39816  0.00000
******** 94.39816  0.00000
******** 94.39816  0.00000
******** 94.39816  0.00000
 2.42979  0.59817  0.00000
 2.36179  0.58831  0.00002
 5.72305  0.51924  0.00000
 5.72305  0.51924  0.00001
 5.72305  0.51924  0.00000
********  0.36137  0.00000
********  0.36137  0.00000
********  0.36137  0.00000
 1.41825  1.22966  0.00000
 2.20313  1.15073  0.00000
 2.20313  1.15073  0.00001
 2.18047  1.15073  0.00000
 5.58215  0.97312  0.00000
 5.48822  0.93365  0.00001
 5.48822  0.93365  0.00000
********  0.46004  0.00000
********  0.46004  0.00000
********  0.46004  0.00000
 2.18047  1.72940  0.00000
 2.18047  1.72940  0.00001
 1.99914  1.70125  0.00000
 5.39429  1.44790  0.00000
 5.30035  1.44790  0.00001
 5.30035  1.44790  0.00000
********  0.57525  0.00000
********  0.57525  0.00000
********  0.57525  0.00000
 4.68979  3.70512  0.00000
 4.68979  3.70512  0.00000
 4.54889  3.70512  0.00000
********  1.19687  0.00000
********  1.19687  0.00000
********  1.19687  0.00000
******** 93.07178  0.00000
******** 93.07178  0.00000
******** 93.07178  0.00000
 2.33635  0.63087  0.00000
 2.33635  0.63087  0.00031
 2.31369  0.61113  0.00186
 2.17770  0.62100  0.00183
 5.71865  0.57167  0.00000
 5.57775  0.56180  0.00022
 5.57775  0.56180  0.00130
 5.57775  0.56180  0.00128
 5.48381  0.55193  0.00026
********  0.40393  0.00000
********  0.40393  0.00000
********  0.40393  0.00002
********  0.40393  0.00002
********  0.40393  0.00000
 1.41315  1.23276  0.00000
 1.34959  1.23276  0.00022
 2.40435  1.15382  0.00000
 2.40435  1.15382  0.00020
 2.22303  1.13409  0.00119
 2.22303  1.13409  0.00118
 2.22303  1.13409  0.00024
 5.43685  0.99595  0.00000
 5.43685  0.99595  0.00014
 5.38988  0.95648  0.00083
 5.38988  0.95648  0.00083
 5.29595  0.95648  0.00017
********  0.50260  0.00000
********  0.50260  0.00000
********  0.50260  0.00001
********  0.50260  0.00001
********  0.50260  0.00000
 2.13236  1.80011  0.00000
 2.08703  1.77196  0.00017
 2.04170  1.71566  0.00104
 1.99637  1.74381  0.00103
 1.95104  1.68751  0.00021
 5.38988  1.46231  0.00000
 5.24898  1.46231  0.00012
 5.24898  1.46231  0.00072
 5.24898  1.46231  0.00072
 5.06112  1.40601  0.00015
********  0.61781  0.00000
********  0.61781  0.00000
********  0.61781  0.00001
********  0.61781  0.00001
********  0.61781  0.00000
 4.68538  3.86435  0.00000
 4.59145  3.74768  0.00009
 4.59145  3.68935  0.00053
 4.59145  3.68935  0.00052
 4.40358  3.68935  0.00011
********  1.23943  0.00000
********  1.23943  0.00000
********  1.23943  0.00001
********  1.23943  0.00001
********  1.23943  0.00000
******** 93.11434  0.00000
******** 93.11434  0.00000
******** 93.11434  0.00000
******** 93.11434  0.00000
******** 93.11434  0.00000
 1.46133  0.69879  0.00000
 2.63386  0.66919  0.00000
 2.27121  0.66919  0.00013
 2.27121  0.66919  0.00076
 2.27121  0.66919  0.00122
 2.22588  0.64946  0.00027
 5.57897  0.60999  0.00000
 5.57897  0.60999  0.00009
 5.43807  0.60012  0.00054
 5.43807  0.60012  0.00087
 5.34414  0.60012  0.00019
********  0.45212  0.00000
********  0.45212  0.00000
********  0.45212  0.00001
********  0.45212  0.00001
********  0.45212  0.00000
 1.46133  1.26121  0.00000
 1.46133  1.26121  0.00009
 1.46133  1.22174  0.00054
 2.27121  1.20201  0.00000
 2.27121  1.20201  0.00008
 2.13522  1.20201  0.00049
 2.06723  1.16254  0.00079
 2.06723  1.16254  0.00018
 5.48504  1.02440  0.00000
 5.29717  1.04414  0.00006
 5.29717  1.04414  0.00035
 5.25020  1.00467  0.00057
 5.15627  0.98493  0.00012
********  0.55079  0.00000
********  0.55079  0.00000
********  0.55079  0.00000
********  0.55079  0.00001
********  0.55079  0.00000
 2.18055  1.82015  0.00000
 2.08989  1.79200  0.00007
 2.08989  1.70755  0.00043
 2.08989  1.70755  0.00070
 2.08989  1.70755  0.00016
 5.25020  1.48235  0.00000
 5.25020  1.48235  0.00005
 5.10930  1.48235  0.00031
 5.10930  1.48235  0.00050
 5.01537  1.48235  0.00011
********  0.66600  0.00000
********  0.66600  0.00000
********  0.66600  0.00000
********  0.66600  0.00001
********  0.66600  0.00000
 4.54570  3.85420  0.00000
 4.54570  3.85420  0.00004
 4.54570  3.85420  0.00022
 4.49874  3.79587  0.00036
 4.45177  3.62088  0.00008
********  1.28762  0.00000
********  1.28762  0.00000
********  1.28762  0.00000
********  1.28762  0.00001
********  1.28762  0.00000
******** 93.16253  0.00000
******** 93.16253  0.00000
******** 93.16253  0.00000
******** 93.16253  0.00000
******** 93.16253  0.00000
 1.51589  0.74348  0.00000
 1.51589  0.73362  0.00010
 2.50710  0.70402  0.00000
 2.50710  0.70402  0.00008
 2.16712  0.70402  0.00117
 2.16712  0.70402  0.00185
 2.16712  0.70402  0.00055
 5.58656  0.66455  0.00000
 5.44566  0.66455  0.00006
 5.35173  0.66455  0.00085
 5.30476  0.64481  0.00133
 5.21083  0.64481  0.00039
********  0.50668  0.00000
********  0.50668  0.00000
********  0.50668  0.00001
********  0.50668  0.00002
********  0.50668  0.00001
 1.42056  1.31577  0.00000
 1.38878  1.27630  0.00006
 1.38878  1.27630  0.00088
 1.38878  1.27630  0.00140
 2.21245  1.25657  0.00000
 2.21245  1.25657  0.00006
 2.14445  1.21710  0.00078
 2.14445  1.21710  0.00123
 2.05379  1.21710  0.00036
 5.35173  1.05923  0.00000
 5.35173  1.05923  0.00004
 5.25780  1.05923  0.00056
 5.25780  1.05923  0.00089
 5.16386  1.05923  0.00026
********  0.60535  0.00000
********  0.60535  0.00000
********  0.60535  0.00001
********  0.60535  0.00001
********  0.60535  0.00000
 2.14445  1.84656  0.00000
 2.14445  1.76211  0.00005
 2.03112  1.79026  0.00068
 2.03112  1.76211  0.00108
 2.00846  1.70581  0.00032
 5.25780  1.56506  0.00000
 5.25780  1.56506  0.00003
 5.11690  1.53691  0.00049
 5.11690  1.53691  0.00078
 4.88206  1.50876  0.00023
********  0.72056  0.00000
********  0.72056  0.00000
********  0.72056  0.00001
********  0.72056  0.00001
********  0.72056  0.00000
 4.69420  3.85043  0.00000
 4.60026  3.73377  0.00002
 4.60026  3.73377  0.00035
 4.60026  3.73377  0.00055
 4.41240  3.55877  0.00016
********  1.28385  0.00000
********  1.28385  0.00000
********  1.28385  0.00000
********  1.28385  0.00001
********  1.28385  0.00000
******** 93.21709  0.00000
******** 93.21709  0.00000
******** 93.21709  0.00000
******** 93.21709  0.00000
******** 93.21709  0.00000
 1.57767  0.79539  0.00000
 1.57767  0.78552  0.00012
 1.57767  0.78552  0.00091
 1.57767  0.78552  0.00144
 2.38755  0.77566  0.00000
 2.38755  0.77566  0.00010
 2.38755  0.75592  0.00079
 2.38755  0.75592  0.00127
 2.16089  0.76579  0.00068
 5.41350  0.71645  0.00000
 5.41350  0.71645  0.00007
 5.41350  0.71645  0.00058
 5.22564  0.71645  0.00092
 5.13170  0.71645  0.00049
********  0.56845  0.00000
********  0.56845  0.00000
********  0.56845  0.00001
********  0.56845  0.00001
********  0.56845  0.00001
 1.45055  1.31834  0.00000
 1.45055  1.31834  0.00008
 1.38700  1.31834  0.00061
 1.35522  1.27887  0.00097
 1.35522  1.27887  0.00051
 2.29689  1.23941  0.00000
 2.13823  1.25914  0.00007
 2.13823  1.25914  0.00054
 2.13823  1.25914  0.00085
 2.11556  1.21967  0.00045
 5.31957  1.14074  0.00000
 5.31957  1.14074  0.00005
 5.17867  1.12100  0.00039
 5.17867  1.12100  0.00062
 4.94384  1.10127  0.00033
********  0.66712  0.00000
********  0.66712  0.00000
********  0.66712  0.00001
********  0.66712  0.00001
********  0.66712  0.00000
 2.16089  1.88018  0.00000
 2.11556  1.82388  0.00006
 2.11556  1.82388  0.00049
 2.11556  1.76758  0.00077
 1.97957  1.76758  0.00041
 5.13170  1.59868  0.00000
 5.13170  1.59868  0.00004
 5.13170  1.59868  0.00035
 4.99080  1.54238  0.00055
 4.89687  1.54238  0.00029
********  0.78233  0.00000
********  0.78233  0.00000
********  0.78233  0.00001
********  0.78233  0.00001
********  0.78233  0.00000
 4.75597  3.79554  0.00000
 4.75597  3.79554  0.00003
 4.47417  3.67888  0.00025
 4.47417  3.67888  0.00040
 4.38024  3.67888  0.00021
********  1.34562  0.00000
********  1.34562  0.00000
********  1.34562  0.00000
********  1.34562  0.00001
********  1.34562  0.00000
******** 93.27886  0.00000
******** 93.27886  0.00000
******** 93.27886  0.00000
******** 93.27886  0.00000
******** 93.27886  0.00000
 1.64761  0.84560  0.00000
 1.64761  0.84560  0.00002
 1.45694  0.85546  0.00035
 1.44105  0.83573  0.00052
 1.44105  0.83573  0.00002
 2.36683  0.84560  0.00000
 2.36683  0.82586  0.00002
 2.27617  0.82586  0.00031
 2.27617  0.82586  0.00046
 2.27617  0.81600  0.00002
 5.20164  0.79626  0.00000
 5.20164  0.79626  0.00001
 5.20164  0.77653  0.00022
 5.20164  0.77653  0.00033
 5.01378  0.77653  0.00001
********  0.63839  0.00000
********  0.63839  0.00000
********  0.63839  0.00000
********  0.63839  0.00000
********  0.63839  0.00000
 1.45694  1.36855  0.00000
 1.45694  1.36855  0.00001
 1.42516  1.34881  0.00023
 1.42516  1.34881  0.00035
 1.39338  1.32908  0.00001
 2.18550  1.32908  0.00000
 2.18550  1.32908  0.00001
 2.18550  1.32908  0.00020
 2.07218  1.28961  0.00031
 2.07218  1.28961  0.00001
 5.20164  1.19094  0.00000
 5.20164  1.19094  0.00001
 5.01378  1.19094  0.00015
 5.01378  1.15147  0.00022
 4.96681  1.15147  0.00001
********  0.73706  0.00000
********  0.73706  0.00000
********  0.73706  0.00000
********  0.73706  0.00000
********  0.73706  0.00000
 2.14017  1.89382  0.00000
 2.09484  1.83752  0.00001
 2.09484  1.83752  0.00018
 2.02685  1.83752  0.00028
 2.02685  1.83752  0.00001
 5.01378  1.61232  0.00000
 5.01378  1.61232  0.00001
 5.01378  1.61232  0.00013
 5.01378  1.61232  0.00020
 4.82591  1.61232  0.00001
********  0.85227  0.00000
********  0.85227  0.00000
********  0.85227  0.00000
********  0.85227  0.00000
********  0.85227  0.00000
 4.63805  3.86548  0.00000
 4.49715  3.74882  0.00000
 4.49715  3.74882  0.00009
 4.49715  3.74882  0.00014
 4.26231  3.69049  0.00001
********  1.41556  0.00000
********  1.41556  0.00000
********  1.41556  0.00000
********  1.41556  0.00000
********  1.41556  0.00000
******** 93.34880  0.00000
******** 93.34880  0.00000
******** 93.34880  0.00000
******** 93.34880  0.00000
******** 93.34880  0.00000
 1.53613  0.91492  0.00000
 1.53613  0.91492  0.00005
 1.53613  0.91492  0.00076
 1.50435  0.90505  0.00174
 1.50435  0.90505  0.00088
 2.35535  0.89519  0.00000
 2.26469  0.90505  0.00004
 2.26469  0.90505  0.00067
 2.26469  0.88532  0.00154
 2.12870  0.89519  0.00078
 5.09297  0.85572  0.00000
 5.09297  0.85572  0.00003
 5.09297  0.85572  0.00048
 5.09297  0.85572  0.00111
 4.95207  0.84585  0.00056
********  0.71758  0.00000
********  0.71758  0.00000
********  0.71758  0.00001
********  0.71758  0.00002
********  0.71758  0.00001
 2.21936  1.38854  0.00000
 2.17403  1.34907  0.00003
 2.17403  1.34907  0.00044
 2.10603  1.34907  0.00102
 2.10603  1.34907  0.00052
 5.13993  1.23066  0.00000
 4.90510  1.25040  0.00002
 4.90510  1.25040  0.00032
 4.90510  1.25040  0.00074
 4.90510  1.23066  0.00037
********  0.81625  0.00000
********  0.81625  0.00000
********  0.81625  0.00000
********  0.81625  0.00001
********  0.81625  0.00001
 4.99903  1.71966  0.00000
 4.99903  1.71966  0.00002
 4.90510  1.66336  0.00028
 4.71724  1.66336  0.00066
 4.71724  1.66336  0.00033
********  0.93146  0.00000
********  0.93146  0.00000
********  0.93146  0.00000
********  0.93146  0.00001
********  0.93146  0.00000
 4.62330  3.82801  0.00000
 4.62330  3.82801  0.00001
 4.62330  3.82801  0.00020
 4.62330  3.82801  0.00047
 4.29454  3.71135  0.00024
********  1.61141  0.00000
********  1.61141  0.00000
********  1.61141  0.00000
********  1.61141  0.00001
********  1.61141  0.00000
******** 93.42799  0.00000
******** 93.42799  0.00000
******** 93.42799  0.00000
******** 93.42799  0.00000
******** 93.42799  0.00000
 2.28636  0.98484  0.00000
 2.28636  0.98484  0.00001
 2.21836  0.97498  0.00046
 2.21836  0.97498  0.00142
 2.17303  0.97498  0.00069
 5.18263  0.95524  0.00000
 4.99476  0.93551  0.00001
 4.99476  0.93551  0.00033
 4.99476  0.93551  0.00103
 4.80689  0.93551  0.00050
********  0.81711  0.00000
********  0.81711  0.00000
********  0.81711  0.00000
********  0.81711  0.00001
********  0.81711  0.00001
 2.15036  1.43873  0.00000
 2.15036  1.43873  0.00001
 2.15036  1.43873  0.00030
 2.15036  1.43873  0.00092
 2.08237  1.39926  0.00045
 4.99476  1.34006  0.00000
 4.99476  1.34006  0.00001
 4.99476  1.34006  0.00022
 4.80689  1.30059  0.00067
 4.61903  1.30059  0.00033
********  0.92564  0.00000
********  0.92564  0.00000
********  0.92564  0.00000
********  0.92564  0.00001
********  0.92564  0.00000
 5.04173  1.78117  0.00000
 4.80689  1.75302  0.00001
 4.80689  1.75302  0.00019
 4.80689  1.75302  0.00058
 4.61903  1.69672  0.00029
********  1.04927  0.00000
********  1.04927  0.00000
********  1.04927  0.00000
********  1.04927  0.00001
********  1.04927  0.00000
 4.43116  3.80100  0.00000
 4.43116  3.80100  0.00000
 4.43116  3.80100  0.00014
 4.43116  3.80100  0.00042
********  1.70107  0.00000
********  1.70107  0.00000
********  1.70107  0.00000
********  1.70107  0.00001
********  1.70107  0.00000
******** 92.15368  0.00000
******** 92.15368  0.00000
******** 92.15368  0.00000
******** 92.15368  0.00000
******** 92.15368  0.00000
 5.14324  1.04689  0.00000
 5.00234  1.04689  0.00000
 5.00234  1.04689  0.00011
 5.00234  1.04689  0.00055
 4.72054  1.02716  0.00051
********  0.91862  0.00000
********  0.91862  0.00000
********  0.91862  0.00000
********  0.91862  0.00001
********  0.91862  0.00001
 4.90841  1.42184  0.00000
 4.81447  1.40210  0.00000
 4.81447  1.40210  0.00007
 4.81447  1.40210  0.00035
 4.72054  1.40210  0.00033
********  1.00742  0.00000
********  1.00742  0.00000
********  1.00742  0.00000
********  1.00742  0.00001
********  1.00742  0.00000
 4.90841  1.88268  0.00000
 4.81447  1.82638  0.00000
 4.81447  1.82638  0.00006
 4.81447  1.82638  0.00031
 4.62661  1.79823  0.00029
********  1.12263  0.00000
********  1.12263  0.00000
********  1.12263  0.00000
********  1.12263  0.00000
********  1.12263  0.00000
********  1.74426  0.00000
********  1.74426  0.00000
********  1.74426  0.00000
********  1.74426  0.00000
********  1.74426  0.00000
******** 92.25520  0.00000
******** 92.25520  0.00000
******** 92.25520  0.00000
******** 92.25520  0.00000
******** 92.25520  0.00000
 5.02334  1.15196  0.00000
 4.92941  1.14209  0.00000
 4.92941  1.14209  0.00002
 4.92941  1.14209  0.00017
 4.64761  1.14209  0.00024
********  1.03355  0.00000
********  1.03355  0.00000
********  1.03355  0.00000
********  1.03355  0.00000
********  1.03355  0.00000
 5.02334  1.51704  0.00000
 5.02334  1.51704  0.00000
 5.02334  1.51704  0.00001
 4.83548  1.47757  0.00011
 4.64761  1.49730  0.00016
********  1.12236  0.00000
********  1.12236  0.00000
********  1.12236  0.00000
********  1.12236  0.00000
********  1.12236  0.00000
 4.64761  1.94132  0.00000
 4.64761  1.94132  0.00000
 4.64761  1.94132  0.00001
 4.64761  1.94132  0.00009
 4.55368  1.88502  0.00014
********  1.23757  0.00000
********  1.23757  0.00000
********  1.23757  0.00000
********  1.23757  0.00000
********  1.23757  0.00000
********  1.85919  0.00000
********  1.85919  0.00000
********  1.85919  0.00000
********  1.85919  0.00000
********  1.85919  0.00000
******** 92.37013  0.00000
******** 92.37013  0.00000
******** 92.37013  0.00000
******** 92.37013  0.00000
******** 92.37013  0.00000
 4.77774  1.27222  0.00000
 4.77774  1.27222  0.00000
 4.77774  1.27222  0.00000
 4.77774  1.27222  0.00002
 4.77774  1.27222  0.00003
********  1.15382  0.00000
********  1.15382  0.00000
********  1.15382  0.00000
********  1.15382  0.00000
********  1.15382  0.00000
 4.77774  1.60770  0.00000
 4.77774  1.60770  0.00000
 4.77774  1.60770  0.00000
 4.77774  1.60770  0.00001
 4.77774  1.58797  0.00002
********  1.25249  0.00000
********  1.25249  0.00000
********  1.25249  0.00000
********  1.25249  0.00000
********  1.25249  0.00000
********  1.36770  0.00000
********  1.36770  0.00000
********  1.36770  0.00000
********  1.36770  0.00000
********  1.36770  0.00000
********  1.98932  0.00000
********  1.98932  0.00000
********  1.98932  0.00000
********  1.98932  0.00000
********  1.98932  0.00000
******** 95.22820  0.00000
******** 95.22820  0.00000
******** 95.22820  0.00000
******** 95.22820  0.00000
******** 95.22820  0.00000
********  1.30116  0.00000
********  1.30116  0.00000
********  1.30116  0.00000
********  1.30116  0.00000
********  1.30116  0.00000
********  1.39983  0.00000
********  1.39983  0.00000
********  1.39983  0.00000
********  1.39983  0.00000
********  1.39983  0.00000
********  1.51504  0.00000
********  1.51504  0.00000
********  1.51504  0.00000
********  1.51504  0.00000
********  1.51504  0.00000
********  2.07833  0.00000
********  2.07833  0.00000
********  2.07833  0.00000
********  2.07833  0.00000
********  2.07833  0.00000
******** 94.01157  0.00000
******** 94.01157  0.00000
******** 94.01157  0.00000
******** 94.01157  0.00000
******** 94.01157  0.00000
********  1.46798  0.00000
********  1.46798  0.00000
********  1.46798  0.00000
********  1.46798  0.00000
********  1.46798  0.00000
********  1.56665  0.00000
********  1.56665  0.00000
********  1.56665  0.00000
********  1.56665  0.00000
********  1.56665  0.00000
********  1.68186  0.00000
********  1.68186  0.00000
********  1.68186  0.00000
********  1.68186  0.00000
********  1.68186  0.00000
********  2.24515  0.00000
********  2.24515  0.00000
********  2.24515  0.00000
********  2.24515  0.00000
********  2.24515  0.00000
******** 94.17839  0.00000
******** 94.17839  0.00000
******** 94.17839  0.00000
******** 94.17839  0.00000
******** 94.17839  0.00000
********  1.65685  0.00000
********  1.65685  0.00000
********  1.65685  0.00000
********  1.65685  0.00000
********  1.65685  0.00000
********  1.75552  0.00000
********  1.75552  0.00000
********  1.75552  0.00000
********  1.75552  0.00000
********  1.75552  0.00000
********  1.87074  0.00000
********  1.87074  0.00000
********  1.87074  0.00000
********  1.87074  0.00000
********  1.87074  0.00000
********  2.43403  0.00000
********  2.43403  0.00000
********  2.43403  0.00000
********  2.43403  0.00000
********  2.43403  0.00000
******** 93.00330  0.00000
******** 93.00330  0.00000
******** 93.00330  0.00000
******** 93.00330  0.00000
******** 93.00330  0.00000
********  1.87070  0.00000
********  1.87070  0.00000
********  1.87070  0.00000
********  1.87070  0.00000
********  1.87070  0.00000
********  1.96937  0.00000
********  1.96937  0.00000
********  1.96937  0.00000
********  1.96937  0.00000
********  1.96937  0.00000
********  2.05643  0.00000
********  2.05643  0.00000
********  2.05643  0.00000
********  2.05643  0.00000
********  2.05643  0.00000
********  2.64787  0.00000
********  2.64787  0.00000
********  2.64787  0.00000
********  2.64787  0.00000
********  2.64787  0.00000
******** 94.58112  0.00000
******** 94.58112  0.00000
******** 94.58112  0.00000
******** 94.58112  0.00000
******** 94.58112  0.00000
********  2.11283  0.00000
********  2.11283  0.00000
********  2.11283  0.00000
********  2.11283  0.00000
********  2.11283  0.00000
********  2.19176  0.00000
********  2.19176  0.00000
********  2.19176  0.00000
********  2.19176  0.00000
********  2.19176  0.00000
********  2.29856  0.00000
********  2.29856  0.00000
********  2.29856  0.00000
********  2.29856  0.00000
********  2.29856  0.00000
********  2.83167  0.00000
********  2.83167  0.00000
********  2.83167  0.00000
********  2.83167  0.00000
********  2.83167  0.00000
******** 94.82324  0.00000
******** 94.82324  0.00000
******** 94.82324  0.00000
******** 94.82324  0.00000
******** 94.82324  0.00000
********  2.38696  0.00000
********  2.38696  0.00000
********  2.38696  0.00000
********  2.38696  0.00000
********  2.38696  0.00000
********  2.48563  0.00000
********  2.48563  0.00000
********  2.48563  0.00000
********  2.48563  0.00000
********  2.48563  0.00000
********  2.60085  0.00000
********  2.60085  0.00000
********  2.60085  0.00000
********  2.60085  0.00000
********  2.60085  0.00000
********  3.16414  0.00000
********  3.16414  0.00000
********  3.16414  0.00000
********  3.16414  0.00000
********  3.16414  0.00000
******** 92.36944  0.00000
******** 92.36944  0.00000
******** 92.36944  0.00000
******** 92.36944  0.00000
******** 92.36944  0.00000
********  2.69735  0.00000
********  2.69735  0.00000
********  2.69735  0.00000
********  2.69735  0.00000
********  2.77628  0.00000
********  2.77628  0.00000
********  2.77628  0.00000
********  2.77628  0.00000
********  2.88308  0.00000
********  2.88308  0.00000
********  2.88308  0.00000
********  2.88308  0.00000
********  3.41619  0.00000
********  3.41619  0.00000
********  3.41619  0.00000
********  3.41619  0.00000
******** 92.67982  0.00000
******** 92.67982  0.00000
******** 92.67982  0.00000
******** 92.67982  0.00000
********  3.04877  0.00000
********  3.04877  0.00000
********  3.04877  0.00000
********  3.04877  0.00000
********  3.14744  0.00000
********  3.14744  0.00000
********  3.14744  0.00000
********  3.14744  0.00000
********  3.26265  0.00000
********  3.26265  0.00000
********  3.26265  0.00000
********  3.26265  0.00000
********  3.82594  0.00000
********  3.82594  0.00000
********  3.82594  0.00000
********  3.82594  0.00000
******** 90.30331  0.00000
******** 90.30331  0.00000
******** 90.30331  0.00000
******** 90.30331  0.00004
********  3.44665  0.00000
********  3.44665  0.00000
********  3.44665  0.00000
********  3.44665  0.00000
********  3.52559  0.00000
********  3.52559  0.00000
********  3.52559  0.00000
********  3.52559  0.00000
********  3.63239  0.00000
********  3.63239  0.00000
********  3.63239  0.00000
********  3.63239  0.00000
********  4.16549  0.00000
********  4.16549  0.00000
********  4.16549  0.00000
********  4.16549  0.00000
********  3.89715  0.00000
********  3.89715  0.00000
********  3.89715  0.00000
********  3.89715  0.00000
********  3.99582  0.00000
********  3.99582  0.00000
********  3.99582  0.00000
********  3.99582  0.00000
********  4.08288  0.00000
********  4.08288  0.00000
********  4.08288  0.00000
********  4.08288  0.00000
********  4.67432  0.00000
********  4.67432  0.00000
********  4.67432  0.00000
********  4.67432  0.00000
 5.77673  4.45654  0.00000
 5.77673  4.45654  0.00000
 5.77673  4.45654  0.00000
********  4.40721  0.00000
********  4.40721  0.00000
********  4.40721  0.00000
 5.77673  4.72295  0.00000
 5.77673  4.72295  0.00000
 5.77673  4.72295  0.00000
********  4.48614  0.00000
********  4.48614  0.00000
********  4.48614  0.00000
 5.77673  4.87444  0.00000
 5.77673  4.87444  0.00000
 5.77673  4.87444  0.00000
********  4.59294  0.00000
********  4.59294  0.00000
********  4.59294  0.00000
********  5.12605  0.00000
********  5.12605  0.00000
********  5.12605  0.00000
********  4.98471  0.00000
********  4.98471  0.00000
********  4.98471  0.00000
********  5.06364  0.00000
********  5.06364  0.00000
********  5.06364  0.00000
********  5.17044  0.00000
********  5.17044  0.00000
********  5.17044  0.00000
********  5.70355  0.00000
********  5.70355  0.00000
********  5.70355  0.00000
********  5.63856  0.00000
********  5.63856  0.00029
********  5.71749  0.00000
********  5.71749  0.00019
********  5.82429  0.00000
********  5.82429  0.00017
********  6.35740  0.00000
********  6.35740  0.00012
********  6.37887  0.00000
********  6.37887  0.00017
********  6.45780  0.00000
********  6.45780  0.00011
********  6.53645  0.00000
********  6.53645  0.00010
********  7.03938  0.00000
********  7.03938  0.00007
********  7.21705  0.00000
********  7.29599  0.00000
********  7.40278  0.00000
********  7.87756  0.00000
********  8.15620  0.00039
********  8.24500  0.00026
********  8.32365  0.00023
********  8.82658  0.00017
********  9.23069  0.00106
********  9.31949  0.00071
********  9.39814  0.00063
********  9.90106  0.00045
