 0.48942  0.33889  0.04225
 1.16876  0.24206  0.04225
 1.77139  0.19365  0.04225
 4.57748  0.13717  0.04225
 0.99344  0.69392  0.04225
 1.66719  0.61323  0.04225
 4.40475  0.43572  0.04225
 1.54216  1.03589  0.04225
 4.31838  0.78268  0.04225
 3.80017  2.43275  0.04225
 0.50397  0.37396  0.00070
 0.50397  0.37396  0.02024
 0.50397  0.37396  0.01302
 1.22174  0.26960  0.00047
 1.22174  0.26960  0.01372
 1.22174  0.26960  0.00908
 1.82992  0.21742  0.00039
 1.82992  0.21742  0.01195
 1.82992  0.21742  0.00822
 4.73987  0.15654  0.00027
 4.73987  0.15654  0.00826
 4.73987  0.15654  0.00579
********  0.01739  0.00000
********  0.01739  0.00012
********  0.01739  0.00008
 1.03848  0.74791  0.00031
 1.03848  0.74791  0.00933
 1.03848  0.74791  0.00620
 1.72099  0.66095  0.00026
 1.72099  0.66095  0.00812
 1.72099  0.66095  0.00561
 4.69472  0.48701  0.00018
 4.69472  0.48701  0.00562
 4.69472  0.48701  0.00396
********  0.05218  0.00000
********  0.05218  0.00008
********  0.05218  0.00005
 1.61207  1.14131  0.00022
 1.61207  1.14131  0.00730
 1.61207  1.14131  0.00515
 4.51416  0.86839  0.00015
 4.51416  0.86839  0.00505
 4.51416  0.86839  0.00363
********  0.09924  0.00000
********  0.09924  0.00007
********  0.09924  0.00005
 4.01760  2.72487  0.00010
 4.01760  2.67346  0.00359
 4.01760  2.67346  0.00262
********  0.35989  0.00000
********  0.35989  0.00005
********  0.35989  0.00004
78.11065 55.30058  0.00000
78.11065 55.30058  0.00000
78.11065 55.30058  0.00000
 0.50495  0.37493  0.00519
 0.50495  0.37493  0.00059
 1.22272  0.27057  0.00349
 1.22272  0.27057  0.00040
 1.83090  0.21839  0.00332
 1.83090  0.21839  0.00038
 4.87627  0.15752  0.00249
 4.74084  0.15752  0.00028
********  0.01837  0.00003
********  0.01837  0.00000
 1.03946  0.74889  0.00232
 1.03946  0.74889  0.00026
 1.72197  0.66192  0.00220
 1.72197  0.66192  0.00025
 4.69570  0.48799  0.00165
 4.69570  0.48799  0.00019
********  0.05316  0.00002
********  0.05316  0.00000
 1.61305  1.14229  0.00186
 1.61305  1.14229  0.00021
 4.46999  0.86937  0.00140
 4.46999  0.86937  0.00016
********  0.10022  0.00002
********  0.10022  0.00000
 4.01858  2.67444  0.00095
 4.01858  2.67444  0.00011
********  0.36087  0.00001
********  0.36087  0.00000
78.11163 55.30156  0.00000
78.11163 55.30156  0.00000
 1.16078  0.29814  0.00201
 1.16078  0.29814  0.00157
 1.83229  0.26335  0.00191
 1.83229  0.26335  0.00150
 4.74066  0.20248  0.00143
 4.74066  0.20248  0.00112
********  0.06333  0.00002
********  0.06333  0.00001
 1.00806  0.75906  0.00142
 1.00806  0.75906  0.00112
 1.72336  0.68949  0.00135
 1.72336  0.68949  0.00106
 4.56010  0.51556  0.00101
 4.56010  0.51556  0.00080
********  0.09812  0.00001
********  0.09812  0.00001
 1.57087  1.16244  0.00125
 1.57087  1.16244  0.00098
 4.51495  0.88951  0.00094
 4.46981  0.91433  0.00074
********  0.14518  0.00001
********  0.14518  0.00001
 3.92811  2.66798  0.00067
 3.92811  2.66798  0.00052
********  0.40583  0.00001
********  0.40583  0.00001
77.10104 55.34652  0.00000
77.10104 55.34652  0.00000
 1.12924  0.31900  0.00088
 1.12924  0.31900  0.00275
 1.84005  0.28421  0.00083
 1.84005  0.28421  0.00261
 4.67993  0.22333  0.00063
 4.67993  0.22333  0.00196
********  0.09288  0.00001
********  0.09288  0.00003
 1.68756  0.70165  0.00056
 1.68756  0.70165  0.00176
 4.58965  0.54511  0.00042
 4.58965  0.54511  0.00132
********  0.12767  0.00001
********  0.12767  0.00002
 1.57864  1.16718  0.00053
 1.57864  1.16718  0.00167
 4.40908  0.91907  0.00040
 4.40908  0.91907  0.00126
********  0.17473  0.00001
********  0.17473  0.00002
 3.86738  2.64612  0.00030
 3.86738  2.64612  0.00094
********  0.43538  0.00000
********  0.43538  0.00001
77.13060 55.37607  0.00000
77.13060 55.37607  0.00000
 1.11785  0.36657  0.00654
 1.11785  0.36657  0.00581
 1.77431  0.34048  0.00592
 1.77431  0.34048  0.00526
 4.60947  0.28830  0.00423
 4.56433  0.28830  0.00376
********  0.15785  0.00006
********  0.15785  0.00005
 1.66539  0.74922  0.00368
 1.66539  0.74922  0.00327
 4.56433  0.61008  0.00263
 4.56433  0.61008  0.00234
********  0.19264  0.00004
********  0.19264  0.00003
 4.38377  0.95922  0.00225
 4.38377  0.95922  0.00200
********  0.23970  0.00003
********  0.23970  0.00003
 3.93235  2.71109  0.00164
 3.93235  2.71109  0.00146
********  0.50035  0.00002
********  0.50035  0.00002
77.19556 55.44104  0.00000
77.19556 55.44104  0.00000
 4.44891  0.43503  0.00473
********  0.31328  0.00007
 4.31349  0.73072  0.00324
********  0.34807  0.00005
 4.35863  1.08984  0.00286
********  0.39513  0.00004
 3.81693  2.71228  0.00200
********  0.65578  0.00003
76.29544 55.59647  0.00000
 4.35261  0.47416  0.00230
********  0.35240  0.00003
 4.30747  0.78724  0.00155
********  0.38719  0.00002
 4.39775  1.10415  0.00147
********  0.43425  0.00002
 3.85605  2.80282  0.00110
********  0.69490  0.00002
77.39011 55.63559  0.00000
 4.40191  0.55990  0.00253
********  0.44685  0.00004
 4.22135  0.84689  0.00157
********  0.48163  0.00002
 4.17620  1.19860  0.00134
********  0.52870  0.00002
 3.76993  2.79444  0.00098
********  0.78934  0.00001
77.48456 55.73004  0.00000
 0.52025  0.39539  0.00020
 0.52025  0.39539  0.01350
 0.52025  0.39539  0.01651
 0.52025  0.39539  0.00111
 1.26121  0.28505  0.00014
 1.26121  0.28505  0.00912
 1.26121  0.28505  0.01126
 1.26121  0.28505  0.00076
 1.88903  0.22988  0.00012
 1.88903  0.22988  0.00790
 1.88903  0.22988  0.00989
 1.88903  0.22988  0.00067
 5.03277  0.16551  0.00008
 5.03277  0.16551  0.00545
 5.03277  0.16551  0.00687
 5.03277  0.16551  0.00046
********  0.01839  0.00000
********  0.01839  0.00008
********  0.01839  0.00010
********  0.01839  0.00001
 1.05626  0.80917  0.00009
 1.05626  0.80917  0.00618
 1.05626  0.80917  0.00767
 1.05626  0.80917  0.00052
 1.79907  0.71722  0.00008
 1.79907  0.71722  0.00535
 1.79907  0.71722  0.00673
 1.79907  0.71722  0.00046
 4.79977  0.53332  0.00005
 4.79977  0.53332  0.00369
 4.79977  0.53332  0.00468
 4.79977  0.53332  0.00032
********  0.05517  0.00000
********  0.05517  0.00005
********  0.05517  0.00007
********  0.05517  0.00000
 1.64166  1.23296  0.00007
 1.64166  1.23296  0.00474
 1.64166  1.23296  0.00605
 1.64166  1.23296  0.00041
 4.70657  0.94440  0.00005
 4.70657  0.94440  0.00327
 4.70657  0.94440  0.00420
 4.70657  0.94440  0.00029
********  0.10493  0.00000
********  0.10493  0.00005
********  0.10493  0.00006
********  0.10493  0.00000
 4.05418  2.88106  0.00003
 4.05418  2.88106  0.00230
 4.05418  2.88106  0.00298
 4.05418  2.88106  0.00020
********  0.38052  0.00000
********  0.38052  0.00003
********  0.38052  0.00004
********  0.38052  0.00000
79.54412 59.74142  0.00000
79.54412 59.74142  0.00000
79.54412 59.74142  0.00000
79.54412 59.74142  0.00000
 0.52123  0.39637  0.00073
 0.52123  0.39637  0.00267
 0.52123  0.39637  0.00024
 1.26218  0.28603  0.00049
 1.26218  0.28603  0.00180
 1.26218  0.28603  0.00016
 1.89001  0.23086  0.00047
 1.89001  0.23086  0.00171
 1.89001  0.23086  0.00015
 4.94055  0.16649  0.00035
 4.94055  0.16649  0.00128
 4.94055  0.16649  0.00011
********  0.01937  0.00000
********  0.01937  0.00002
********  0.01937  0.00000
 1.05724  0.81015  0.00033
 1.05724  0.81015  0.00120
 1.05724  0.81015  0.00011
 1.80005  0.71820  0.00031
 1.80005  0.71820  0.00114
 1.80005  0.71820  0.00010
 4.80075  0.53430  0.00023
 4.80075  0.53430  0.00085
 4.80075  0.53430  0.00008
********  0.05615  0.00000
********  0.05615  0.00001
********  0.05615  0.00000
 1.64263  1.23394  0.00026
 1.64263  1.23394  0.00097
 1.64263  1.23394  0.00009
 4.70755  0.94537  0.00020
 4.70755  0.94537  0.00073
 4.70755  0.94537  0.00007
********  0.10591  0.00000
********  0.10591  0.00001
********  0.10591  0.00000
 4.05515  2.88203  0.00013
 4.05515  2.88203  0.00050
 4.05515  2.88203  0.00005
********  0.38149  0.00000
********  0.38149  0.00001
********  0.38149  0.00000
79.54510 59.74240  0.00000
79.54510 59.74240  0.00000
79.54510 59.74240  0.00000
 0.50573  0.40321  0.00093
 0.50573  0.40321  0.00065
 1.24669  0.29287  0.00064
 1.24669  0.29287  0.00045
 1.92853  0.24689  0.00060
 1.92853  0.24689  0.00042
 4.95658  0.18252  0.00044
 4.95658  0.18252  0.00031
********  0.03540  0.00001
********  0.03540  0.00000
 1.04174  0.80779  0.00043
 1.04174  0.80779  0.00030
 1.79360  0.71584  0.00041
 1.79360  0.71584  0.00028
 4.77018  0.53194  0.00030
 4.77018  0.53194  0.00021
********  0.07218  0.00000
********  0.07218  0.00000
 1.63618  1.22374  0.00039
 1.63618  1.22374  0.00027
 4.67698  0.93517  0.00028
 4.67698  0.93517  0.00020
********  0.12194  0.00000
********  0.12194  0.00000
 4.07119  2.84371  0.00021
 4.02459  2.84371  0.00015
********  0.39753  0.00000
********  0.39753  0.00000
79.56113 59.75844  0.00000
79.56113 59.75844  0.00000
 1.21822  0.30249  0.00073
 1.21822  0.30249  0.00045
 1.92486  0.26571  0.00068
 1.92486  0.26571  0.00041
 4.88221  0.20135  0.00048
 4.88221  0.20135  0.00029
********  0.05423  0.00001
********  0.05423  0.00000
 1.02904  0.80823  0.00049
 1.02904  0.80823  0.00030
 1.76744  0.73467  0.00045
 1.76744  0.73467  0.00027
 4.83561  0.55076  0.00032
 4.83561  0.55076  0.00020
********  0.09101  0.00000
********  0.09101  0.00000
 1.61003  1.21633  0.00038
 1.61003  1.21633  0.00023
 4.64921  0.95400  0.00027
 4.64921  0.95400  0.00017
********  0.14077  0.00000
********  0.14077  0.00000
 3.99681  2.86253  0.00018
 3.99681  2.86253  0.00011
********  0.41635  0.00000
********  0.41635  0.00000
79.57996 59.77726  0.00000
79.57996 59.77726  0.00000
 1.19679  0.31260  0.00017
 1.19679  0.31260  0.00290
 1.19679  0.31260  0.00083
 1.93497  0.27582  0.00016
 1.93497  0.27582  0.00269
 1.93497  0.27582  0.00074
 4.89231  0.21145  0.00012
 4.89231  0.21145  0.00197
 4.89231  0.21145  0.00053
********  0.06433  0.00000
********  0.06433  0.00003
********  0.06433  0.00001
 1.02337  0.81833  0.00012
 1.02337  0.81833  0.00198
 1.02337  0.81833  0.00056
 1.75506  0.74477  0.00012
 1.75506  0.74477  0.00183
 1.75506  0.74477  0.00051
 4.79911  0.56087  0.00009
 4.79911  0.56087  0.00134
 4.79911  0.56087  0.00036
********  0.10111  0.00000
********  0.10111  0.00002
********  0.10111  0.00000
 1.64262  1.22643  0.00011
 1.64262  1.22643  0.00163
 1.64262  1.22643  0.00046
 4.61271  0.96410  0.00008
 4.61271  0.96410  0.00119
 4.61271  0.96410  0.00033
********  0.15087  0.00000
********  0.15087  0.00002
********  0.15087  0.00000
 4.05351  2.92699  0.00006
 4.05351  2.92699  0.00084
 4.05351  2.92699  0.00024
********  0.42645  0.00000
********  0.42645  0.00001
********  0.42645  0.00000
79.59006 59.78736  0.00000
79.59006 59.78736  0.00000
79.59006 59.78736  0.00000
 1.18710  0.31867  0.00103
 1.18710  0.31867  0.00015
 1.91855  0.28189  0.00087
 1.91855  0.28189  0.00013
 4.85178  0.21752  0.00059
 4.85178  0.21752  0.00009
********  0.07040  0.00001
********  0.07040  0.00000
 1.02945  0.80601  0.00069
 1.02945  0.80601  0.00010
 1.76113  0.73245  0.00058
 1.76113  0.73245  0.00009
 4.80518  0.56694  0.00039
 4.80518  0.56694  0.00006
********  0.10718  0.00001
********  0.10718  0.00000
 1.62620  1.23251  0.00049
 1.62620  1.23251  0.00007
 4.61879  0.97017  0.00033
 4.61879  0.97017  0.00005
********  0.15694  0.00001
********  0.15694  0.00000
 4.05959  2.93307  0.00023
 4.05959  2.93307  0.00003
********  0.43253  0.00000
********  0.43253  0.00000
79.59613 59.79344  0.00000
79.59613 59.79344  0.00000
 1.18600  0.32414  0.00018
 1.18600  0.32414  0.00014
 1.91073  0.29655  0.00017
 1.91073  0.29655  0.00013
 4.95965  0.23219  0.00013
 4.95965  0.23219  0.00010
********  0.08506  0.00000
********  0.08506  0.00000
 1.75331  0.74712  0.00011
 1.75331  0.74712  0.00009
 4.72665  0.58160  0.00008
 4.72665  0.58160  0.00007
********  0.12185  0.00000
********  0.12185  0.00000
 1.64086  1.24717  0.00010
 1.64086  1.24717  0.00007
 4.68005  0.98484  0.00007
 4.68005  0.98484  0.00006
********  0.17161  0.00000
********  0.17161  0.00000
 3.98105  2.94773  0.00005
 4.07425  2.89337  0.00004
********  0.44719  0.00000
********  0.44719  0.00000
79.61080 59.80810  0.00000
79.61080 59.80810  0.00000
 1.16328  0.33295  0.00118
 1.16328  0.33295  0.00024
 1.89705  0.29617  0.00106
 1.89705  0.29617  0.00022
 4.92186  0.24100  0.00076
 4.92186  0.24100  0.00016
********  0.09388  0.00001
********  0.09388  0.00000
 1.73963  0.75593  0.00071
 1.73963  0.75593  0.00015
 4.73546  0.59042  0.00050
 4.73546  0.59042  0.00011
********  0.13066  0.00001
********  0.13066  0.00000
 1.62719  1.25599  0.00060
 1.62719  1.25599  0.00013
 4.64226  0.99365  0.00043
 4.64226  0.99365  0.00010
********  0.18042  0.00001
********  0.18042  0.00000
 4.08307  2.90219  0.00029
 4.03647  2.90219  0.00007
********  0.45601  0.00000
********  0.45601  0.00000
79.61961 59.81692  0.00000
79.61961 59.81692  0.00000
 1.15750  0.34294  0.00003
 1.15750  0.34294  0.00155
 1.15750  0.34294  0.00072
 1.88455  0.30616  0.00003
 1.88455  0.30616  0.00147
 1.88455  0.30616  0.00068
 4.83864  0.25098  0.00002
 4.83864  0.25098  0.00109
 4.83864  0.25098  0.00050
********  0.10386  0.00000
********  0.10386  0.00001
********  0.10386  0.00001
 1.72713  0.74752  0.00002
 1.72713  0.74752  0.00101
 1.72713  0.74752  0.00047
 4.69885  0.60040  0.00001
 4.69885  0.60040  0.00075
 4.69885  0.60040  0.00035
********  0.14064  0.00000
********  0.14064  0.00001
********  0.14064  0.00000
 1.63717  1.26597  0.00002
 1.63717  1.26597  0.00095
 1.63717  1.26597  0.00044
 4.55905  1.00363  0.00001
 4.55905  1.00363  0.00070
 4.55905  1.00363  0.00033
********  0.19040  0.00000
********  0.19040  0.00001
********  0.19040  0.00000
 4.04645  2.91217  0.00001
 4.04645  2.91217  0.00052
 4.04645  2.91217  0.00024
********  0.46599  0.00000
********  0.46599  0.00001
********  0.46599  0.00000
79.62959 59.82690  0.00000
79.62959 59.82690  0.00000
79.62959 59.82690  0.00000
 1.15303  0.34504  0.00084
 1.15303  0.34504  0.00113
 1.87336  0.31746  0.00075
 1.87336  0.31746  0.00104
 4.84995  0.26229  0.00053
 4.84995  0.26229  0.00077
********  0.11516  0.00001
********  0.11516  0.00001
 1.71594  0.75882  0.00051
 1.71594  0.75882  0.00070
 4.66355  0.59331  0.00037
 4.66355  0.59331  0.00052
********  0.15194  0.00001
********  0.15194  0.00001
 1.62599  1.25103  0.00046
 1.62599  1.25103  0.00062
 4.57035  1.01494  0.00033
 4.57035  1.01494  0.00045
********  0.20171  0.00000
********  0.20171  0.00001
 4.10435  2.86911  0.00023
 4.10435  2.86911  0.00031
********  0.47729  0.00000
********  0.47729  0.00000
79.64090 59.83820  0.00000
79.64090 59.83820  0.00000
 1.13430  0.35784  0.00026
 1.13430  0.35784  0.00014
 1.86367  0.33025  0.00024
 1.86367  0.33025  0.00013
 4.81614  0.26589  0.00018
 4.81614  0.26589  0.00010
********  0.12796  0.00000
********  0.12796  0.00000
 1.72873  0.77162  0.00017
 1.72873  0.77162  0.00009
 4.76954  0.62450  0.00012
 4.76954  0.62450  0.00007
********  0.16474  0.00000
********  0.16474  0.00000
 4.48994  1.02773  0.00011
 4.48994  1.02773  0.00006
********  0.21450  0.00000
********  0.21450  0.00000
 4.11714  2.88191  0.00008
 4.02395  2.88191  0.00004
********  0.49008  0.00000
********  0.49008  0.00000
79.65369 59.85099  0.00000
79.65369 59.85099  0.00000
 1.11725  0.36313  0.00039
 1.11725  0.36313  0.00071
 1.11725  0.36313  0.00004
 1.83318  0.34474  0.00034
 1.83318  0.34474  0.00066
 1.83318  0.34474  0.00004
 4.78403  0.28037  0.00024
 4.78403  0.28037  0.00049
 4.78403  0.28037  0.00003
********  0.14244  0.00000
********  0.14244  0.00001
********  0.14244  0.00000
 1.74322  0.78611  0.00024
 1.74322  0.78611  0.00046
 1.74322  0.78611  0.00003
 4.69083  0.63898  0.00017
 4.69083  0.63898  0.00034
 4.69083  0.63898  0.00002
********  0.17923  0.00000
********  0.17923  0.00000
********  0.17923  0.00000
 4.59763  1.01598  0.00016
 4.59763  1.01598  0.00032
 4.59763  1.01598  0.00002
********  0.22899  0.00000
********  0.22899  0.00000
********  0.22899  0.00000
 4.03843  2.89639  0.00011
 4.03843  2.84203  0.00023
 4.03843  2.84203  0.00001
********  0.50457  0.00000
********  0.50457  0.00000
********  0.50457  0.00000
79.66818 58.59439  0.00000
79.66818 58.59439  0.00000
79.66818 58.59439  0.00000
 1.14942  0.38873  0.00174
 1.14942  0.38873  0.00101
 1.82709  0.35195  0.00155
 1.82709  0.35195  0.00091
 4.84703  0.30597  0.00110
 4.84703  0.30597  0.00064
********  0.15885  0.00002
********  0.15885  0.00001
 1.71465  0.80251  0.00104
 1.71465  0.80251  0.00061
 4.61403  0.65539  0.00073
 4.61403  0.65539  0.00043
********  0.19563  0.00001
********  0.19563  0.00001
 4.52083  1.03239  0.00064
 4.52083  1.03239  0.00040
********  0.24539  0.00001
********  0.24539  0.00001
 3.96163  2.85843  0.00045
 3.96163  2.85843  0.00030
********  0.52097  0.00001
********  0.52097  0.00000
79.68458 58.61079  0.00000
79.68458 58.61079  0.00000
 1.15223  0.39810  0.00000
 1.15223  0.39810  0.00084
 1.15223  0.39810  0.00129
 1.15223  0.39810  0.00001
 1.84566  0.37052  0.00000
 1.84566  0.37052  0.00078
 1.84566  0.37052  0.00121
 1.82317  0.37052  0.00001
 4.81900  0.31535  0.00000
 4.81900  0.31535  0.00057
 4.81900  0.31535  0.00088
 4.81900  0.31535  0.00001
********  0.17742  0.00000
********  0.17742  0.00001
********  0.17742  0.00001
********  0.17742  0.00000
 1.73322  0.80269  0.00000
 1.73322  0.80269  0.00049
 1.73322  0.80269  0.00075
 1.73322  0.80269  0.00001
 4.63260  0.65557  0.00000
 4.63260  0.65557  0.00035
 4.63260  0.65557  0.00055
 4.63260  0.65557  0.00000
********  0.21420  0.00000
********  0.21420  0.00000
********  0.21420  0.00001
********  0.21420  0.00000
 4.53940  1.02472  0.00000
 4.53940  1.02472  0.00030
 4.53940  1.02472  0.00047
 4.44620  1.02472  0.00000
********  0.26396  0.00000
********  0.26396  0.00000
********  0.26396  0.00001
********  0.26396  0.00000
 4.07341  2.93137  0.00000
 4.07341  2.93137  0.00022
 4.07341  2.93137  0.00034
 4.07341  2.93137  0.00000
********  0.53954  0.00000
********  0.53954  0.00000
********  0.53954  0.00000
********  0.53954  0.00000
79.70315 58.62936  0.00000
79.70315 58.62936  0.00000
79.70315 58.62936  0.00000
79.70315 58.62936  0.00000
 1.82171  0.39154  0.00000
 1.82171  0.39154  0.00130
 1.82171  0.39154  0.00189
 1.82171  0.39154  0.00008
 4.74683  0.33637  0.00000
 4.74683  0.33637  0.00091
 4.74683  0.33637  0.00132
 4.74683  0.33637  0.00006
********  0.19844  0.00000
********  0.19844  0.00001
********  0.19844  0.00002
********  0.19844  0.00000
 1.73176  0.82371  0.00000
 1.73176  0.82371  0.00086
 1.73176  0.82371  0.00122
 1.73176  0.82371  0.00005
 4.65363  0.65820  0.00000
 4.65363  0.65820  0.00060
 4.65363  0.65820  0.00085
 4.65363  0.65820  0.00004
********  0.23523  0.00000
********  0.23523  0.00001
********  0.23523  0.00001
********  0.23523  0.00000
 4.56043  1.07198  0.00000
 4.51383  1.07198  0.00054
 4.51383  1.07198  0.00075
 4.51383  1.07198  0.00003
********  0.28499  0.00000
********  0.28499  0.00001
********  0.28499  0.00001
********  0.28499  0.00000
 4.04783  2.95239  0.00000
 4.04783  2.95239  0.00039
 4.00123  2.95239  0.00055
 4.00123  2.95239  0.00002
********  0.56057  0.00000
********  0.56057  0.00001
********  0.56057  0.00001
********  0.56057  0.00000
79.72418 58.65038  0.00000
79.72418 58.65038  0.00000
79.72418 58.65038  0.00000
79.72418 58.65038  0.00000
 1.82303  0.41535  0.00001
 1.82303  0.41535  0.00022
 1.82303  0.41535  0.00007
 4.77063  0.36018  0.00001
 4.77063  0.36018  0.00016
 4.77063  0.36018  0.00005
********  0.22225  0.00000
********  0.22225  0.00000
********  0.22225  0.00000
 4.58424  0.68201  0.00001
 4.58424  0.68201  0.00010
 4.58424  0.68201  0.00003
********  0.25903  0.00000
********  0.25903  0.00000
********  0.25903  0.00000
 4.49104  1.06956  0.00001
 4.49104  1.06956  0.00009
 4.49104  1.06956  0.00003
********  0.30879  0.00000
********  0.30879  0.00000
********  0.30879  0.00000
 3.97844  2.92184  0.00000
 3.97844  2.92184  0.00006
 3.97844  2.92184  0.00002
********  0.58438  0.00000
********  0.58438  0.00000
********  0.58438  0.00000
79.74798 58.67419  0.00000
79.74798 58.67419  0.00000
79.74798 58.67419  0.00000
 1.82749  0.43311  0.00027
 1.82749  0.43311  0.00124
 1.82749  0.43311  0.00072
 4.75099  0.38713  0.00019
 4.75099  0.38713  0.00087
 4.70439  0.37794  0.00051
********  0.24921  0.00000
********  0.24921  0.00001
********  0.24921  0.00001
 4.61119  0.72735  0.00013
 4.61119  0.72735  0.00055
 4.56459  0.72735  0.00032
********  0.28599  0.00000
********  0.28599  0.00001
********  0.28599  0.00000
 4.42479  1.09651  0.00012
 4.42479  1.09651  0.00049
 4.42479  1.09651  0.00027
********  0.33575  0.00000
********  0.33575  0.00001
********  0.33575  0.00000
 4.05199  2.89443  0.00009
 4.05199  2.89443  0.00036
 4.05199  2.89443  0.00020
********  0.61133  0.00000
********  0.61133  0.00001
********  0.61133  0.00000
79.77494 58.70115  0.00000
79.77494 58.70115  0.00000
79.77494 58.70115  0.00000
 4.58306  0.44301  0.00001
 4.58306  0.44301  0.00056
 4.58306  0.44301  0.00028
********  0.31428  0.00000
********  0.31428  0.00001
********  0.31428  0.00000
 4.44326  0.77403  0.00000
 4.44326  0.77403  0.00037
 4.44326  0.77403  0.00019
********  0.35106  0.00000
********  0.35106  0.00001
********  0.35106  0.00000
 4.48986  1.13535  0.00000
 4.48986  1.13535  0.00032
 4.39666  1.16158  0.00016
********  0.40082  0.00000
********  0.40082  0.00000
********  0.40082  0.00000
 3.93067  2.90515  0.00000
 3.93067  2.85079  0.00021
 3.93067  2.85079  0.00011
********  0.67640  0.00000
********  0.67640  0.00000
********  0.67640  0.00000
78.75036 58.76622  0.00000
78.75036 58.76622  0.00000
78.75036 58.76622  0.00000
 4.90178  0.48213  0.00000
 4.90178  0.48213  0.00062
 4.66878  0.48213  0.00111
********  0.35340  0.00000
********  0.35340  0.00001
********  0.35340  0.00002
 4.43578  0.81316  0.00000
 4.43578  0.81316  0.00043
 4.43578  0.81316  0.00075
********  0.39018  0.00000
********  0.39018  0.00001
********  0.39018  0.00001
 4.52898  1.14824  0.00000
 4.52898  1.14824  0.00039
 4.43578  1.14824  0.00069
********  0.43994  0.00000
********  0.43994  0.00001
********  0.43994  0.00001
 3.92319  2.99863  0.00000
 3.78339  2.88991  0.00028
 3.78339  2.88991  0.00049
********  0.71553  0.00000
********  0.71553  0.00000
********  0.71553  0.00001
78.78949 58.80534  0.00000
78.78949 58.80534  0.00000
78.78949 58.80534  0.00000
 4.66648  0.52643  0.00039
 4.66648  0.52643  0.00141
********  0.39769  0.00001
********  0.39769  0.00002
 4.57328  0.83906  0.00025
 4.48008  0.83906  0.00091
********  0.43447  0.00000
********  0.43447  0.00001
 4.43348  1.21877  0.00021
 4.38688  1.21877  0.00079
********  0.48424  0.00000
********  0.48424  0.00001
 4.01408  3.04292  0.00015
 4.01408  3.04292  0.00057
********  0.75982  0.00000
********  0.75982  0.00001
78.83378 58.84963  0.00000
78.83378 58.84963  0.00000
 4.53023  0.56738  0.00015
 4.53023  0.56738  0.00068
********  0.44784  0.00000
********  0.44784  0.00001
 4.48363  0.88921  0.00010
 4.43703  0.88921  0.00046
********  0.48462  0.00000
********  0.48462  0.00001
 4.43703  1.24268  0.00008
 4.43703  1.21645  0.00042
********  0.53439  0.00000
********  0.53439  0.00001
 3.97103  3.03871  0.00006
 3.97103  3.03871  0.00031
********  0.80997  0.00000
********  0.80997  0.00000
78.88393 58.89978  0.00000
78.88393 58.89978  0.00000
 4.49381  0.63336  0.00000
 4.44721  0.63336  0.00117
********  0.50463  0.00000
********  0.50463  0.00002
 4.49381  0.92760  0.00000
 4.35401  0.92760  0.00076
********  0.54141  0.00000
********  0.54141  0.00001
 4.30741  1.27323  0.00000
 4.30741  1.27323  0.00065
********  0.59117  0.00000
********  0.59117  0.00001
 3.88802  2.98678  0.00000
 3.88802  2.98678  0.00046
********  0.86675  0.00000
********  0.86675  0.00001
78.94071 58.95657  0.00000
78.94071 58.95657  0.00000
 4.37170  0.68845  0.00074
********  0.56892  0.00001
 4.37170  0.97350  0.00049
********  0.60570  0.00001
 4.37170  1.33752  0.00044
********  0.65546  0.00001
 3.81251  2.99671  0.00032
********  0.93104  0.00000
79.00500 59.02086  0.00000
 4.44449  0.76124  0.00019
********  0.64171  0.00000
 4.44449  1.06468  0.00012
********  0.67849  0.00000
 4.30469  1.41031  0.00011
********  0.72825  0.00000
 3.79210  3.06950  0.00008
********  1.00383  0.00000
79.07779 59.09365  0.00000
 4.38711  0.84366  0.00012
********  0.72412  0.00000
 4.29391  1.12871  0.00008
********  0.76090  0.00000
 4.15411  1.46649  0.00007
********  0.81066  0.00000
 3.78131  3.04319  0.00005
********  1.08625  0.00000
79.16021 59.17606  0.00000
********  1.50508  0.00000
********  1.54186  0.00000
********  1.59162  0.00000
********  1.86721  0.00000
77.76188 58.68593  0.00000
********  1.70165  0.00000
********  1.73843  0.00000
********  1.78819  0.00000
********  2.06378  0.00000
76.86880 58.88250  0.00000
********  3.15025  0.00000
********  3.18703  0.00000
********  3.23680  0.00000
********  3.51238  0.00000
75.04847 59.06001  0.00000
********  4.03319  0.00047
********  4.06997  0.00031
********  4.11973  0.00028
********  4.39531  0.00020
 0.52290  0.42083  0.00008
 0.52290  0.42083  0.01122
 0.52290  0.42083  0.01968
 0.52290  0.42083  0.00222
 1.28715  0.29649  0.00005
 1.28715  0.29649  0.00759
 1.28715  0.29649  0.01342
 1.28715  0.29649  0.00152
 1.92788  0.24867  0.00004
 1.92788  0.24867  0.00658
 1.92788  0.24867  0.01178
 1.92788  0.24867  0.00134
 5.08873  0.18172  0.00003
 5.08873  0.18172  0.00454
 5.08873  0.18172  0.00818
 5.08873  0.18172  0.00093
********  0.01913  0.00000
********  0.01913  0.00007
********  0.01913  0.00012
********  0.01913  0.00001
 1.07799  0.84166  0.00003
 1.07799  0.84166  0.00514
 1.07799  0.84166  0.00911
 1.07799  0.84166  0.00103
 1.83608  0.74601  0.00003
 1.83608  0.74601  0.00446
 1.83608  0.74601  0.00800
 1.83608  0.74601  0.00091
 4.89850  0.55473  0.00002
 4.89850  0.55473  0.00308
 4.89850  0.55473  0.00555
 4.89850  0.55473  0.00063
********  0.05739  0.00000
********  0.05739  0.00004
********  0.05739  0.00008
********  0.05739  0.00001
 1.65247  1.28246  0.00003
 1.65247  1.28246  0.00394
 1.65247  1.28246  0.00714
 1.65247  1.28246  0.00081
 4.80338  0.98231  0.00002
 4.80338  0.98231  0.00272
 4.80338  0.98231  0.00496
 4.80338  0.98231  0.00056
********  0.10915  0.00000
********  0.10915  0.00004
********  0.10915  0.00007
********  0.10915  0.00001
 4.18513  3.10979  0.00001
 4.18513  3.10979  0.00191
 4.18513  3.10979  0.00351
 4.09001  2.99671  0.00040
********  0.39579  0.00000
********  0.39579  0.00003
********  0.39579  0.00005
********  0.39579  0.00001
81.18026 62.13960  0.00000
81.18026 62.13960  0.00000
81.18026 62.13960  0.00000
81.18026 62.13960  0.00000
 0.52327  0.42119  0.00001
 0.52327  0.42119  0.00006
 1.28751  0.29685  0.00001
 1.28751  0.29685  0.00004
 1.92825  0.24903  0.00001
 1.92825  0.24903  0.00004
 5.08909  0.18208  0.00000
 5.08909  0.18208  0.00003
********  0.01949  0.00000
********  0.01949  0.00000
 1.07835  0.84202  0.00001
 1.07835  0.84202  0.00003
 1.83644  0.74637  0.00000
 1.83644  0.74637  0.00002
 4.89886  0.55509  0.00000
 4.89886  0.55509  0.00002
********  0.05775  0.00000
********  0.05775  0.00000
 1.65283  1.28282  0.00000
 1.65283  1.28282  0.00002
 4.80374  0.98267  0.00000
 4.80374  0.98267  0.00002
********  0.10951  0.00000
********  0.10951  0.00000
 4.18549  3.11016  0.00000
 4.18549  3.11016  0.00001
********  0.39615  0.00000
********  0.39615  0.00000
81.18062 62.13996  0.00000
81.18062 62.13996  0.00000
 0.52337  0.42129  0.00001
 0.52337  0.42129  0.00011
 0.52337  0.42129  0.00006
 0.52337  0.42129  0.00000
 1.28761  0.29696  0.00001
 1.28761  0.29696  0.00007
 1.28761  0.29696  0.00004
 1.28761  0.29696  0.00000
 1.92835  0.24914  0.00001
 1.92835  0.24914  0.00007
 1.92835  0.24914  0.00004
 1.92835  0.24914  0.00000
 5.08920  0.18219  0.00001
 5.08920  0.18219  0.00005
 5.08920  0.18219  0.00003
 5.08920  0.17262  0.00000
********  0.01959  0.00000
********  0.01959  0.00000
********  0.01959  0.00000
********  0.01959  0.00000
 1.07845  0.84212  0.00001
 1.07845  0.84212  0.00005
 1.07845  0.84212  0.00003
 1.07845  0.84212  0.00000
 1.83654  0.74648  0.00000
 1.83654  0.74648  0.00005
 1.83654  0.74648  0.00003
 1.83654  0.74648  0.00000
 4.89896  0.55519  0.00000
 4.89896  0.55519  0.00003
 4.89896  0.55519  0.00002
 4.89896  0.55519  0.00000
********  0.05785  0.00000
********  0.05785  0.00000
********  0.05785  0.00000
********  0.05785  0.00000
 1.65294  1.28292  0.00000
 1.65294  1.28292  0.00004
 1.65294  1.28292  0.00002
 1.65294  1.28292  0.00000
 4.80385  0.98277  0.00000
 4.80385  0.98277  0.00003
 4.80385  0.98277  0.00002
 4.75629  0.98277  0.00000
********  0.10961  0.00000
********  0.10961  0.00000
********  0.10961  0.00000
********  0.10961  0.00000
 4.18559  3.11026  0.00000
 4.18559  3.11026  0.00002
 4.09047  2.99717  0.00001
 4.09047  2.99717  0.00000
********  0.39626  0.00000
********  0.39626  0.00000
********  0.39626  0.00000
********  0.39626  0.00000
81.18072 62.14006  0.00000
81.18072 62.14006  0.00000
81.18072 62.14006  0.00000
81.18072 62.14006  0.00000
 0.52350  0.42142  0.00001
 0.52350  0.42142  0.00009
 0.52350  0.42142  0.00005
 0.52350  0.42142  0.00000
 1.28774  0.29709  0.00001
 1.28774  0.29709  0.00007
 1.28774  0.29709  0.00003
 1.28774  0.29709  0.00000
 1.92848  0.24927  0.00001
 1.92848  0.24927  0.00006
 1.92848  0.24927  0.00003
 1.92848  0.24927  0.00000
 5.08933  0.18232  0.00001
 5.08933  0.18232  0.00004
 5.08933  0.18232  0.00002
 5.08933  0.17275  0.00000
********  0.01972  0.00000
********  0.01972  0.00000
********  0.01972  0.00000
********  0.01972  0.00000
 1.07858  0.84225  0.00001
 1.07858  0.84225  0.00004
 1.07858  0.84225  0.00002
 1.07858  0.84225  0.00000
 1.83667  0.74661  0.00001
 1.83667  0.74661  0.00004
 1.83667  0.74661  0.00002
 1.83667  0.74661  0.00000
 4.89909  0.55532  0.00000
 4.89909  0.55532  0.00003
 4.89909  0.55532  0.00001
 4.89909  0.55532  0.00000
********  0.05798  0.00000
********  0.05798  0.00000
********  0.05798  0.00000
********  0.05798  0.00000
 1.65307  1.28305  0.00000
 1.65307  1.28305  0.00003
 1.65307  1.28305  0.00002
 1.65307  1.28305  0.00000
 4.80398  0.98290  0.00000
 4.80398  0.98290  0.00002
 4.80398  0.98290  0.00001
 4.75642  0.98290  0.00000
********  0.10974  0.00000
********  0.10974  0.00000
********  0.10974  0.00000
********  0.10974  0.00000
 4.18572  3.11039  0.00000
 4.18572  3.11039  0.00002
 4.09060  2.99730  0.00001
 4.09060  2.99730  0.00000
********  0.39639  0.00000
********  0.39639  0.00000
********  0.39639  0.00000
********  0.39639  0.00000
81.18086 62.14019  0.00000
81.18086 62.14019  0.00000
81.18086 62.14019  0.00000
81.18086 62.14019  0.00000
 0.52388  0.42181  0.00000
 0.52388  0.42181  0.00079
 0.52388  0.42181  0.00270
 0.52388  0.42181  0.00043
 1.28813  0.29747  0.00000
 1.28813  0.29747  0.00053
 1.28813  0.29747  0.00182
 1.28813  0.29747  0.00029
 1.92886  0.24965  0.00000
 1.92886  0.24965  0.00050
 1.92886  0.24965  0.00169
 1.92886  0.24965  0.00026
 5.08971  0.18270  0.00000
 5.08971  0.18270  0.00037
 5.08971  0.18270  0.00125
 5.08971  0.18270  0.00019
********  0.02011  0.00000
********  0.02011  0.00000
********  0.02011  0.00002
********  0.02011  0.00000
 1.07896  0.84263  0.00000
 1.07896  0.84263  0.00035
 1.07896  0.84263  0.00123
 1.07896  0.84263  0.00020
 1.83706  0.74699  0.00000
 1.83706  0.74699  0.00033
 1.83706  0.74699  0.00114
 1.83706  0.74699  0.00018
 5.04215  0.55571  0.00000
 5.04215  0.55571  0.00025
 4.89948  0.55571  0.00084
 4.89948  0.55571  0.00013
********  0.05836  0.00000
********  0.05836  0.00000
********  0.05836  0.00001
********  0.05836  0.00000
 1.65345  1.28343  0.00000
 1.65345  1.28343  0.00028
 1.65345  1.28343  0.00099
 1.65345  1.28343  0.00016
 4.80436  0.98328  0.00000
 4.80436  0.98328  0.00021
 4.80436  0.98328  0.00073
 4.80436  0.98328  0.00011
********  0.11012  0.00000
********  0.11012  0.00000
********  0.11012  0.00001
********  0.11012  0.00000
 4.18610  3.11077  0.00000
 4.18610  3.11077  0.00014
 4.18610  3.11077  0.00050
 4.09099  2.99769  0.00008
********  0.39677  0.00000
********  0.39677  0.00000
********  0.39677  0.00001
********  0.39677  0.00000
81.18124 62.14058  0.00000
81.18124 62.14058  0.00000
81.18124 62.14058  0.00000
81.18124 62.14058  0.00000
 0.52451  0.41287  0.00001
 0.52451  0.41287  0.00005
 0.52451  0.41287  0.00001
 1.28876  0.29810  0.00000
 1.28876  0.29810  0.00003
 1.28876  0.29810  0.00001
 1.92949  0.25028  0.00000
 1.92949  0.25028  0.00003
 1.92949  0.25028  0.00001
 5.09034  0.17376  0.00000
 5.09034  0.17376  0.00002
 5.09034  0.17376  0.00001
********  0.02074  0.00000
********  0.02074  0.00000
********  0.02074  0.00000
 1.07959  0.84326  0.00000
 1.07959  0.84326  0.00002
 1.07959  0.84326  0.00001
 1.83769  0.74762  0.00000
 1.81474  0.74762  0.00002
 1.81474  0.74762  0.00000
 5.04278  0.55633  0.00000
 5.04278  0.55633  0.00001
 5.04278  0.55633  0.00000
********  0.05899  0.00000
********  0.05899  0.00000
********  0.05899  0.00000
 1.65408  1.28406  0.00000
 1.65408  1.28406  0.00002
 1.65408  1.28406  0.00000
 4.80499  0.98391  0.00000
 4.80499  0.98391  0.00001
 4.80499  0.98391  0.00000
********  0.11075  0.00000
********  0.11075  0.00000
********  0.11075  0.00000
 4.18673  3.11140  0.00000
 4.18673  3.11140  0.00001
 4.18673  3.05486  0.00000
********  0.39740  0.00000
********  0.39740  0.00000
********  0.39740  0.00000
81.18187 62.14121  0.00000
81.18187 62.14121  0.00000
81.18187 62.14121  0.00000
 0.52555  0.41390  0.00000
 0.52555  0.41390  0.00009
 0.52555  0.41390  0.00001
 1.28979  0.29913  0.00000
 1.28979  0.29913  0.00006
 1.28979  0.29913  0.00001
 1.93052  0.25131  0.00000
 1.93052  0.25131  0.00006
 1.93052  0.25131  0.00001
 5.09137  0.17480  0.00000
 5.09137  0.17480  0.00004
 5.09137  0.17480  0.00000
********  0.02177  0.00000
********  0.02177  0.00000
********  0.02177  0.00000
 1.08063  0.84430  0.00000
 1.08063  0.84430  0.00004
 1.08063  0.84430  0.00000
 1.81577  0.74865  0.00000
 1.81577  0.74865  0.00004
 1.81577  0.74865  0.00000
 4.99626  0.55737  0.00000
 4.99626  0.55737  0.00003
 4.99626  0.55737  0.00000
********  0.06003  0.00000
********  0.06003  0.00000
********  0.06003  0.00000
 1.65511  1.28510  0.00000
 1.65511  1.28510  0.00004
 1.65511  1.25781  0.00000
 4.80602  0.98495  0.00000
 4.80602  0.98495  0.00003
 4.80602  0.98495  0.00000
********  0.11179  0.00000
********  0.11179  0.00000
********  0.11179  0.00000
 4.18777  3.11243  0.00000
 4.18777  3.11243  0.00002
 4.18777  3.05589  0.00000
********  0.39843  0.00000
********  0.39843  0.00000
********  0.39843  0.00000
81.18290 62.14224  0.00000
81.18290 62.14224  0.00000
81.18290 62.14224  0.00000
 0.52724  0.41560  0.00001
 0.52724  0.41560  0.00004
 0.52724  0.41560  0.00001
 1.27540  0.30083  0.00000
 1.27540  0.30083  0.00002
 1.27540  0.30083  0.00001
 1.93222  0.24345  0.00000
 1.93222  0.24345  0.00002
 1.93222  0.24345  0.00001
 5.09307  0.17650  0.00000
 5.09307  0.17650  0.00001
 5.09307  0.17650  0.00000
********  0.02347  0.00000
********  0.02347  0.00000
********  0.02347  0.00000
 1.08233  0.84600  0.00000
 1.08233  0.84600  0.00002
 1.08233  0.84600  0.00000
 1.81747  0.75035  0.00000
 1.81747  0.75035  0.00001
 1.81747  0.75035  0.00000
 4.99796  0.55907  0.00000
 4.99796  0.55907  0.00001
 4.99796  0.55907  0.00000
********  0.06173  0.00000
********  0.06173  0.00000
********  0.06173  0.00000
 1.65681  1.25951  0.00000
 1.65681  1.25951  0.00001
 1.65681  1.25951  0.00000
 4.80772  0.98665  0.00000
 4.80772  0.98665  0.00001
 4.80772  0.98665  0.00000
********  0.11349  0.00000
********  0.11349  0.00000
********  0.11349  0.00000
 4.18947  3.11413  0.00000
 4.18947  3.11413  0.00001
 4.18947  3.05759  0.00000
********  0.40013  0.00000
********  0.40013  0.00000
********  0.40013  0.00000
81.18460 62.14394  0.00000
81.18460 62.14394  0.00000
81.18460 62.14394  0.00000
 0.52293  0.41934  0.00000
 0.52293  0.41934  0.00003
 0.52293  0.41934  0.00002
 1.27913  0.30457  0.00000
 1.27913  0.30457  0.00002
 1.27913  0.30457  0.00001
 1.98186  0.25675  0.00000
 1.98186  0.25675  0.00002
 1.91301  0.24718  0.00001
 5.09681  0.18023  0.00000
 5.09681  0.18023  0.00001
 5.09681  0.18023  0.00001
********  0.02720  0.00000
********  0.02720  0.00000
********  0.02720  0.00000
 1.06997  0.84973  0.00000
 1.06997  0.84973  0.00001
 1.06997  0.84973  0.00001
 1.82120  0.75409  0.00000
 1.82120  0.75409  0.00001
 1.82120  0.75409  0.00001
 5.00169  0.56280  0.00000
 5.00169  0.56280  0.00001
 5.00169  0.56280  0.00001
********  0.06546  0.00000
********  0.06546  0.00000
********  0.06546  0.00000
 1.63760  1.26324  0.00000
 1.63760  1.26324  0.00001
 1.63760  1.26324  0.00001
 4.76390  0.99038  0.00000
 4.76390  0.99038  0.00001
 4.76390  0.99038  0.00001
********  0.11722  0.00000
********  0.11722  0.00000
********  0.11722  0.00000
 4.19320  3.06133  0.00000
 4.19320  3.06133  0.00001
 4.19320  3.06133  0.00000
********  0.40387  0.00000
********  0.40387  0.00000
********  0.40387  0.00000
81.18833 62.14767  0.00000
81.18833 62.14767  0.00000
81.18833 62.14767  0.00000
 0.52184  0.41672  0.00000
 0.52184  0.41672  0.00002
 0.52184  0.41672  0.00002
 1.26999  0.31152  0.00000
 1.26999  0.31152  0.00001
 1.26999  0.31152  0.00001
 1.96586  0.26370  0.00000
 1.96586  0.26370  0.00001
 1.96586  0.26370  0.00001
 5.05620  0.18718  0.00000
 5.05620  0.18718  0.00001
 5.05620  0.18718  0.00001
********  0.03415  0.00000
********  0.03415  0.00000
********  0.03415  0.00000
 1.06083  0.85668  0.00000
 1.06083  0.85668  0.00001
 1.06083  0.85668  0.00001
 1.82815  0.76104  0.00000
 1.82815  0.76104  0.00001
 1.82815  0.76104  0.00001
 4.96108  0.56975  0.00000
 4.96108  0.56975  0.00001
 4.96108  0.56975  0.00000
********  0.07241  0.00000
********  0.07241  0.00000
********  0.07241  0.00000
 1.66750  1.29748  0.00000
 1.66750  1.29748  0.00001
 1.66750  1.29748  0.00001
 4.77085  0.99733  0.00000
 4.77085  0.99733  0.00001
 4.77085  0.99733  0.00000
********  0.12417  0.00000
********  0.12417  0.00000
********  0.12417  0.00000
 4.20015  3.06828  0.00000
 4.20015  3.06828  0.00000
 4.20015  3.06828  0.00000
********  0.41082  0.00000
********  0.41082  0.00000
********  0.41082  0.00000
81.19528 62.15462  0.00000
81.19528 62.15462  0.00000
81.19528 62.15462  0.00000
 1.24254  0.32276  0.00004
 1.24254  0.32276  0.00024
 1.24254  0.32276  0.00008
 1.96372  0.28451  0.00003
 1.96372  0.28451  0.00023
 1.96372  0.28451  0.00007
 5.07701  0.21756  0.00002
 5.07701  0.21756  0.00016
 5.07701  0.21756  0.00005
********  0.05496  0.00000
********  0.05496  0.00000
********  0.05496  0.00000
 1.04946  0.85836  0.00002
 1.04946  0.85836  0.00016
 1.04946  0.85836  0.00005
 1.80306  0.76272  0.00002
 1.80306  0.76272  0.00015
 1.80306  0.76272  0.00005
 4.88678  0.59056  0.00002
 4.88678  0.59056  0.00011
 4.88678  0.59056  0.00004
********  0.09322  0.00000
********  0.09322  0.00000
********  0.09322  0.00000
 1.66536  1.29100  0.00002
 1.66536  1.29100  0.00013
 1.66536  1.29100  0.00004
 4.69654  0.99086  0.00001
 4.69654  0.99086  0.00009
 4.69654  0.99086  0.00003
********  0.14498  0.00000
********  0.14498  0.00000
********  0.14498  0.00000
 4.31608  3.03254  0.00001
 4.31608  3.03254  0.00006
 4.31608  2.97600  0.00002
********  0.43163  0.00000
********  0.43163  0.00000
********  0.43163  0.00000
81.21609 62.17543  0.00000
81.21609 62.17543  0.00000
81.21609 62.17543  0.00000
 1.23119  0.32750  0.00004
 1.23119  0.32750  0.00041
 1.23119  0.32750  0.00016
 1.23119  0.32750  0.00000
 1.96846  0.27968  0.00003
 1.96846  0.27968  0.00038
 1.96846  0.27968  0.00015
 1.96846  0.27968  0.00000
 5.08175  0.21273  0.00002
 5.08175  0.21273  0.00028
 5.08175  0.21273  0.00011
 5.08175  0.21273  0.00000
********  0.05970  0.00000
********  0.05970  0.00000
********  0.05970  0.00000
********  0.05970  0.00000
 1.05420  0.84397  0.00002
 1.05420  0.84397  0.00028
 1.05420  0.84397  0.00011
 1.05420  0.84397  0.00000
 1.80780  0.76746  0.00002
 1.80780  0.76746  0.00026
 1.80780  0.76746  0.00010
 1.80780  0.76746  0.00000
 4.89151  0.59530  0.00002
 4.89151  0.59530  0.00019
 4.89151  0.59530  0.00007
 4.89151  0.59530  0.00000
********  0.09796  0.00000
********  0.09796  0.00000
********  0.09796  0.00000
********  0.09796  0.00000
 1.67009  1.29574  0.00002
 1.69304  1.29574  0.00023
 1.69304  1.29574  0.00009
 1.69304  1.29574  0.00000
 4.84396  1.02288  0.00002
 4.70128  0.99559  0.00017
 4.70128  0.99559  0.00006
 4.70128  0.99559  0.00000
********  0.14972  0.00000
********  0.14972  0.00000
********  0.14972  0.00000
********  0.14972  0.00000
 4.32081  3.03728  0.00001
 4.32081  3.03728  0.00012
 4.13058  3.03728  0.00005
 4.13058  3.03728  0.00000
********  0.43636  0.00000
********  0.43636  0.00000
********  0.43636  0.00000
********  0.43636  0.00000
81.22083 62.18017  0.00000
81.22083 62.18017  0.00000
81.22083 62.18017  0.00000
81.22083 62.18017  0.00000
 1.22046  0.33287  0.00003
 1.22046  0.33287  0.00047
 1.22046  0.33287  0.00027
 1.22046  0.33287  0.00000
 1.97382  0.28504  0.00003
 1.97382  0.28504  0.00043
 1.97382  0.28504  0.00025
 1.97382  0.28504  0.00000
 5.08711  0.21809  0.00002
 5.08711  0.21809  0.00031
 5.08711  0.21809  0.00018
 5.08711  0.21809  0.00000
********  0.06507  0.00000
********  0.06507  0.00000
********  0.06507  0.00000
********  0.06507  0.00000
 1.04348  0.84934  0.00002
 1.04348  0.84934  0.00032
 1.04348  0.84934  0.00019
 1.04348  0.84934  0.00000
 1.79021  0.77282  0.00002
 1.79021  0.77282  0.00029
 1.79021  0.77282  0.00017
 1.79021  0.77282  0.00000
 4.89688  0.60067  0.00001
 4.89688  0.60067  0.00021
 4.89688  0.60067  0.00012
 4.89688  0.58154  0.00000
********  0.10332  0.00000
********  0.10332  0.00000
********  0.10332  0.00000
********  0.10332  0.00000
 1.67546  1.30111  0.00002
 1.67546  1.30111  0.00025
 1.67546  1.30111  0.00015
 1.67546  1.30111  0.00000
 4.80176  1.02824  0.00001
 4.80176  1.02824  0.00018
 4.80176  1.02824  0.00011
 4.80176  1.02824  0.00000
********  0.15508  0.00000
********  0.15508  0.00000
********  0.15508  0.00000
********  0.15508  0.00000
 4.13595  3.04265  0.00001
 4.13595  3.04265  0.00012
 4.13595  3.04265  0.00008
 4.13595  3.04265  0.00000
********  0.44173  0.00000
********  0.44173  0.00000
********  0.44173  0.00000
********  0.44173  0.00000
81.22620 62.18554  0.00000
81.22620 62.18554  0.00000
81.22620 62.18554  0.00000
81.22620 62.18554  0.00000
 1.21732  0.33625  0.00000
 1.21732  0.33625  0.00027
 1.21732  0.33625  0.00150
 1.21732  0.33625  0.00048
 1.21732  0.33625  0.00000
 1.94087  0.29800  0.00000
 1.94087  0.29800  0.00025
 1.94087  0.29800  0.00139
 1.94087  0.29800  0.00044
 1.94087  0.29800  0.00000
 5.05250  0.23105  0.00000
 5.05250  0.23105  0.00019
 5.05250  0.23105  0.00103
 5.05250  0.23105  0.00032
 5.05250  0.23105  0.00000
********  0.07802  0.00000
********  0.07802  0.00000
********  0.07802  0.00001
********  0.07802  0.00000
********  0.07802  0.00000
 1.78021  0.78577  0.00000
 1.78021  0.78577  0.00018
 1.78021  0.78577  0.00096
 1.78021  0.78577  0.00031
 1.78021  0.78577  0.00000
 4.86227  0.59449  0.00000
 4.86227  0.59449  0.00013
 4.86227  0.59449  0.00071
 4.86227  0.59449  0.00022
 4.86227  0.59449  0.00000
********  0.11627  0.00000
********  0.11627  0.00000
********  0.11627  0.00001
********  0.11627  0.00000
********  0.11627  0.00000
 1.66546  1.31406  0.00000
 1.66546  1.31406  0.00016
 1.66546  1.31406  0.00088
 1.66546  1.31406  0.00028
 1.66546  1.31406  0.00000
 4.76715  1.04119  0.00000
 4.76715  1.04119  0.00012
 4.76715  1.04119  0.00065
 4.76715  1.04119  0.00020
 4.76715  1.04119  0.00000
********  0.16803  0.00000
********  0.16803  0.00000
********  0.16803  0.00001
********  0.16803  0.00000
********  0.16803  0.00000
 4.24401  2.99906  0.00000
 4.24401  2.99906  0.00009
 4.24401  2.99906  0.00046
 4.14890  3.05560  0.00015
 4.14890  3.05560  0.00000
********  0.45468  0.00000
********  0.45468  0.00000
********  0.45468  0.00001
********  0.45468  0.00000
********  0.45468  0.00000
80.12709 62.19849  0.00000
80.12709 62.19849  0.00000
80.12709 62.19849  0.00000
80.12709 62.19849  0.00000
80.12709 62.19849  0.00000
 1.19293  0.34404  0.00004
 1.19293  0.34404  0.00046
 1.19293  0.34404  0.00021
 1.19293  0.34404  0.00000
 1.94866  0.30578  0.00004
 1.94866  0.30578  0.00043
 1.94866  0.30578  0.00019
 1.94866  0.30578  0.00000
 5.01273  0.23883  0.00003
 5.01273  0.23883  0.00031
 5.01273  0.23883  0.00014
 5.01273  0.23883  0.00000
********  0.08580  0.00000
********  0.08580  0.00000
********  0.08580  0.00000
********  0.08580  0.00000
 1.76505  0.77443  0.00002
 1.76505  0.77443  0.00029
 1.76505  0.77443  0.00013
 1.76505  0.77443  0.00000
 4.82250  0.60227  0.00002
 4.82250  0.60227  0.00021
 4.82250  0.60227  0.00009
 4.82250  0.60227  0.00000
********  0.12406  0.00000
********  0.12406  0.00000
********  0.12406  0.00000
********  0.12406  0.00000
 1.65029  1.29456  0.00002
 1.65029  1.29456  0.00026
 1.65029  1.29456  0.00012
 1.65029  1.29456  0.00000
 4.72738  1.04898  0.00002
 4.72738  1.04898  0.00019
 4.72738  1.04898  0.00009
 4.72738  1.02169  0.00000
********  0.17582  0.00000
********  0.17582  0.00000
********  0.17582  0.00000
********  0.17582  0.00000
 4.15668  3.00684  0.00001
 4.15668  3.00684  0.00014
 4.25180  3.00684  0.00006
 4.25180  3.00684  0.00000
********  0.46247  0.00000
********  0.46247  0.00000
********  0.46247  0.00000
********  0.46247  0.00000
80.13488 62.20627  0.00000
80.13488 62.20627  0.00000
80.13488 62.20627  0.00000
80.13488 62.20627  0.00000
 1.20175  0.34329  0.00003
 1.20175  0.34329  0.00108
 1.20175  0.34329  0.00079
 1.18566  0.34329  0.00000
 1.93452  0.31460  0.00003
 1.93452  0.31460  0.00098
 1.93452  0.31460  0.00072
 1.93452  0.31460  0.00000
 5.02155  0.24765  0.00002
 5.02155  0.24765  0.00071
 5.02155  0.24765  0.00051
 4.97399  0.24765  0.00000
********  0.09462  0.00000
********  0.09462  0.00001
********  0.09462  0.00001
********  0.09462  0.00000
 1.75091  0.78325  0.00002
 1.75091  0.78325  0.00066
 1.75091  0.78325  0.00048
 1.75091  0.78325  0.00000
 4.83131  0.61109  0.00001
 4.83131  0.61109  0.00048
 4.83131  0.61109  0.00034
 4.78376  0.61109  0.00000
********  0.13288  0.00000
********  0.13288  0.00001
********  0.13288  0.00000
********  0.13288  0.00000
 1.68206  1.30337  0.00002
 1.68206  1.30337  0.00058
 1.68206  1.30337  0.00042
 1.68206  1.30337  0.00000
 4.73620  1.03051  0.00001
 4.73620  1.03051  0.00042
 4.73620  1.03051  0.00030
 4.64108  1.05780  0.00000
********  0.18464  0.00000
********  0.18464  0.00001
********  0.18464  0.00000
********  0.18464  0.00000
 4.16550  3.01566  0.00001
 4.16550  3.01566  0.00029
 4.16550  3.01566  0.00021
 4.16550  3.01566  0.00000
********  0.47128  0.00000
********  0.47128  0.00000
********  0.47128  0.00000
********  0.47128  0.00000
80.14369 62.21509  0.00000
80.14369 62.21509  0.00000
80.14369 62.21509  0.00000
80.14369 62.21509  0.00000
 1.17955  0.35327  0.00015
 1.17955  0.35327  0.00162
 1.17955  0.35327  0.00115
 1.17955  0.35327  0.00001
 1.92155  0.32458  0.00014
 1.92155  0.32458  0.00153
 1.92155  0.32458  0.00108
 1.92155  0.32458  0.00001
 4.93641  0.25763  0.00010
 4.93641  0.25763  0.00114
 4.93641  0.25763  0.00080
 4.93641  0.25763  0.00001
********  0.10460  0.00000
********  0.10460  0.00001
********  0.10460  0.00001
********  0.10460  0.00000
 1.78384  0.79323  0.00009
 1.78384  0.79323  0.00103
 1.78384  0.79323  0.00073
 1.78384  0.79323  0.00001
 4.79374  0.62107  0.00007
 4.79374  0.62107  0.00077
 4.79374  0.62107  0.00054
 4.74618  0.62107  0.00001
********  0.14286  0.00000
********  0.14286  0.00001
********  0.14286  0.00001
********  0.14286  0.00000
 1.66909  1.31335  0.00009
 1.66909  1.31335  0.00095
 1.66909  1.31335  0.00066
 1.64614  1.31335  0.00001
 4.65106  1.04049  0.00007
 4.65106  1.04049  0.00070
 4.65106  1.04049  0.00049
 4.65106  1.04049  0.00001
********  0.19462  0.00000
********  0.19462  0.00001
********  0.19462  0.00001
********  0.19462  0.00000
 4.17548  3.02564  0.00005
 4.17548  3.02564  0.00051
 4.17548  2.96910  0.00035
 4.17548  2.96910  0.00000
********  0.48126  0.00000
********  0.48126  0.00001
********  0.48126  0.00000
********  0.48126  0.00000
80.15367 62.22507  0.00000
80.15367 62.22507  0.00000
80.15367 62.22507  0.00000
80.15367 62.22507  0.00000
 1.15538  0.36780  0.00001
 1.15538  0.36780  0.00059
 1.15538  0.36780  0.00075
 1.15538  0.36780  0.00001
 1.89975  0.33911  0.00001
 1.89975  0.33911  0.00054
 1.89975  0.33911  0.00068
 1.87679  0.33911  0.00001
 4.91295  0.28172  0.00001
 4.91295  0.28172  0.00039
 4.91295  0.28172  0.00048
 4.86539  0.28172  0.00000
********  0.12870  0.00000
********  0.12870  0.00001
********  0.12870  0.00001
********  0.12870  0.00000
 1.78499  0.81732  0.00001
 1.78499  0.81732  0.00036
 1.78499  0.81732  0.00046
 1.78499  0.81732  0.00000
 4.86539  0.64517  0.00000
 4.86539  0.64517  0.00026
 4.86539  0.64517  0.00033
 4.81783  0.64517  0.00000
********  0.16695  0.00000
********  0.16695  0.00000
********  0.16695  0.00000
********  0.16695  0.00000
 4.67516  1.06459  0.00000
 4.67516  1.06459  0.00023
 4.67516  1.06459  0.00029
 4.67516  1.03730  0.00000
********  0.21871  0.00000
********  0.21871  0.00000
********  0.21871  0.00000
********  0.21871  0.00000
 4.19958  3.10628  0.00000
 4.19958  3.10628  0.00017
 4.15202  3.10628  0.00021
 4.15202  3.10628  0.00000
********  0.50536  0.00000
********  0.50536  0.00000
********  0.50536  0.00000
********  0.50536  0.00000
80.17777 62.24917  0.00000
80.17777 62.24917  0.00000
80.17777 62.24917  0.00000
80.17777 62.24917  0.00000
 1.15377  0.38229  0.00000
 1.15377  0.38229  0.00042
 1.15377  0.38229  0.00043
 1.15377  0.38229  0.00000
 1.86833  0.35360  0.00000
 1.86833  0.35360  0.00039
 1.86833  0.35360  0.00039
 1.86833  0.35360  0.00000
 4.97499  0.29621  0.00000
 4.97499  0.29621  0.00029
 4.97499  0.29621  0.00028
 4.97499  0.29621  0.00000
********  0.14318  0.00000
********  0.14318  0.00000
********  0.14318  0.00000
********  0.14318  0.00000
 1.77653  0.81268  0.00000
 1.77653  0.81268  0.00027
 1.77653  0.81268  0.00027
 1.77653  0.81268  0.00000
 4.78476  0.65965  0.00000
 4.78476  0.65965  0.00020
 4.78476  0.65965  0.00019
 4.78476  0.65965  0.00000
********  0.18144  0.00000
********  0.18144  0.00000
********  0.18144  0.00000
********  0.18144  0.00000
 4.68965  1.05179  0.00000
 4.68965  1.05179  0.00018
 4.68965  1.05179  0.00018
 4.59453  1.05179  0.00000
********  0.23320  0.00000
********  0.23320  0.00000
********  0.23320  0.00000
********  0.23320  0.00000
 4.16650  3.12076  0.00000
 4.16650  3.12076  0.00012
 4.16650  3.06422  0.00012
 4.16650  3.06422  0.00000
********  0.51985  0.00000
********  0.51985  0.00000
********  0.51985  0.00000
********  0.51985  0.00000
80.19226 62.26365  0.00000
80.19226 62.26365  0.00000
80.19226 62.26365  0.00000
80.19226 62.26365  0.00000
 1.17018  0.39869  0.00000
 1.17018  0.39869  0.00047
 1.17018  0.39869  0.00084
 1.17018  0.39869  0.00001
 1.90768  0.37000  0.00000
 1.88473  0.37000  0.00043
 1.88473  0.37000  0.00077
 1.88473  0.37000  0.00001
 4.94384  0.31261  0.00000
 4.94384  0.31261  0.00031
 4.94384  0.31261  0.00056
 4.94384  0.31261  0.00001
********  0.15959  0.00000
********  0.15959  0.00000
********  0.15959  0.00001
********  0.15959  0.00000
 1.76998  0.82908  0.00000
 1.76998  0.82908  0.00029
 1.76998  0.82908  0.00053
 1.76998  0.82908  0.00001
 4.80116  0.67606  0.00000
 4.80116  0.67606  0.00021
 4.80116  0.67606  0.00038
 4.80116  0.65693  0.00000
********  0.19784  0.00000
********  0.19784  0.00000
********  0.19784  0.00001
********  0.19784  0.00000
 4.70605  1.09548  0.00000
 4.70605  1.09548  0.00019
 4.70605  1.09548  0.00035
 4.70605  1.09548  0.00000
********  0.24960  0.00000
********  0.24960  0.00000
********  0.24960  0.00000
********  0.24960  0.00000
 4.13535  3.08062  0.00000
 4.13535  3.08062  0.00014
 4.13535  3.08062  0.00025
 4.13535  3.08062  0.00000
********  0.53625  0.00000
********  0.53625  0.00000
********  0.53625  0.00000
********  0.53625  0.00000
80.20866 62.28006  0.00000
80.20866 62.28006  0.00000
80.20866 62.28006  0.00000
80.20866 62.28006  0.00000
 1.17266  0.41726  0.00000
 1.17266  0.41726  0.00021
 1.17266  0.41726  0.00041
 1.17266  0.41726  0.00002
 1.88035  0.37901  0.00000
 1.90330  0.38857  0.00019
 1.90330  0.38857  0.00037
 1.90330  0.38857  0.00002
 5.00997  0.32162  0.00000
 4.91485  0.33118  0.00014
 4.91485  0.33118  0.00026
 4.86729  0.33118  0.00002
********  0.17816  0.00000
********  0.17816  0.00000
********  0.17816  0.00000
********  0.17816  0.00000
 1.74265  0.84766  0.00000
 1.74265  0.84766  0.00013
 1.74265  0.84766  0.00025
 1.74265  0.84766  0.00001
 4.81974  0.67550  0.00000
 4.81974  0.67550  0.00010
 4.81974  0.67550  0.00018
 4.72462  0.67550  0.00001
********  0.21641  0.00000
********  0.21641  0.00000
********  0.21641  0.00000
********  0.21641  0.00000
 4.67706  1.08676  0.00000
 4.67706  1.08676  0.00009
 4.67706  1.08676  0.00016
 4.62950  1.11405  0.00001
********  0.26817  0.00000
********  0.26817  0.00000
********  0.26817  0.00000
********  0.26817  0.00000
 4.10636  3.09920  0.00000
 4.10636  3.09920  0.00006
 4.10636  3.04265  0.00012
 4.10636  3.04265  0.00001
********  0.55482  0.00000
********  0.55482  0.00000
********  0.55482  0.00000
********  0.55482  0.00000
80.22723 62.29863  0.00000
80.22723 62.29863  0.00000
80.22723 62.29863  0.00000
80.22723 62.29863  0.00000
 1.87843  0.40003  0.00001
 1.87843  0.40003  0.00207
 1.87843  0.40003  0.00229
 1.87843  0.40003  0.00010
 4.84076  0.34265  0.00001
 4.84076  0.34265  0.00147
 4.84076  0.34265  0.00162
 4.84076  0.34265  0.00007
********  0.19918  0.00000
********  0.19918  0.00002
********  0.19918  0.00002
********  0.19918  0.00000
 1.76367  0.84955  0.00001
 1.76367  0.84955  0.00130
 1.76367  0.84955  0.00147
 1.76367  0.84955  0.00006
 4.79320  0.71565  0.00000
 4.79320  0.71565  0.00092
 4.79320  0.71565  0.00104
 4.65053  0.69652  0.00004
********  0.23744  0.00000
********  0.23744  0.00001
********  0.23744  0.00001
********  0.23744  0.00000
 4.60297  1.10779  0.00000
 4.60297  1.10779  0.00079
 4.60297  1.10779  0.00091
 4.60297  1.10779  0.00004
********  0.28920  0.00000
********  0.28920  0.00001
********  0.28920  0.00001
********  0.28920  0.00000
 4.07983  3.06368  0.00000
 4.07983  3.06368  0.00058
 4.07983  3.06368  0.00066
 4.07983  3.06368  0.00003
********  0.57585  0.00000
********  0.57585  0.00001
********  0.57585  0.00001
********  0.57585  0.00000
80.24826 62.31965  0.00000
80.24826 62.31965  0.00000
80.24826 62.31965  0.00000
80.24826 62.31965  0.00000
 1.85633  0.42384  0.00000
 1.85633  0.42384  0.00025
 1.85633  0.42384  0.00075
 1.85633  0.42384  0.00007
 4.86457  0.36645  0.00000
 4.86457  0.36645  0.00018
 4.86457  0.36645  0.00053
 4.86457  0.36645  0.00005
********  0.22299  0.00000
********  0.22299  0.00000
********  0.22299  0.00001
********  0.22299  0.00000
 4.76945  0.72033  0.00000
 4.76945  0.72033  0.00011
 4.76945  0.72033  0.00034
 4.72189  0.72033  0.00003
********  0.26125  0.00000
********  0.26125  0.00000
********  0.26125  0.00000
********  0.26125  0.00000
 4.53166  1.13159  0.00000
 4.53166  1.13159  0.00010
 4.53166  1.13159  0.00031
 4.53166  1.13159  0.00003
********  0.31301  0.00000
********  0.31301  0.00000
********  0.31301  0.00000
********  0.31301  0.00000
 4.10364  3.03095  0.00000
 4.10364  3.03095  0.00007
 4.10364  3.03095  0.00023
 4.10364  3.03095  0.00002
********  0.59965  0.00000
********  0.59965  0.00000
********  0.59965  0.00000
********  0.59965  0.00000
80.27206 62.34346  0.00000
80.27206 62.34346  0.00000
80.27206 62.34346  0.00000
80.27206 62.34346  0.00000
 1.86034  0.45079  0.00000
 1.86034  0.45079  0.00051
 1.86034  0.45079  0.00175
 1.86034  0.45079  0.00018
 4.84396  0.39341  0.00000
 4.84396  0.39341  0.00036
 4.84396  0.39341  0.00124
 4.84396  0.39341  0.00013
********  0.24994  0.00000
********  0.24994  0.00001
********  0.24994  0.00002
********  0.24994  0.00000
 4.70129  0.74729  0.00000
 4.70129  0.74729  0.00023
 4.70129  0.74729  0.00080
 4.65373  0.74729  0.00008
********  0.28820  0.00000
********  0.28820  0.00000
********  0.28820  0.00001
********  0.28820  0.00000
 4.51106  1.13126  0.00000
 4.51106  1.13126  0.00020
 4.51106  1.13126  0.00070
 4.51106  1.13126  0.00007
********  0.33996  0.00000
********  0.33996  0.00000
********  0.33996  0.00001
********  0.33996  0.00000
 4.13059  3.00136  0.00000
 4.13059  3.00136  0.00014
 4.13059  3.00136  0.00051
 4.13059  3.00136  0.00005
********  0.62661  0.00000
********  0.62661  0.00000
********  0.62661  0.00001
********  0.62661  0.00000
80.29902 62.37041  0.00000
80.29902 62.37041  0.00000
80.29902 62.37041  0.00000
80.29902 62.37041  0.00000
 4.67124  0.45848  0.00000
 4.67124  0.45848  0.00010
 4.67124  0.45848  0.00064
 4.67124  0.45848  0.00008
********  0.31502  0.00000
********  0.31502  0.00000
********  0.31502  0.00001
********  0.31502  0.00000
 4.67124  0.81236  0.00000
 4.67124  0.81236  0.00007
 4.67124  0.81236  0.00042
 4.67124  0.81236  0.00005
********  0.35327  0.00000
********  0.35327  0.00000
********  0.35327  0.00001
********  0.35327  0.00000
 4.57613  1.19633  0.00000
 4.57613  1.19633  0.00006
 4.57613  1.19633  0.00038
 4.57613  1.16905  0.00004
********  0.40503  0.00000
********  0.40503  0.00000
********  0.40503  0.00001
********  0.40503  0.00000
 4.24322  3.17951  0.00000
 4.24322  3.17951  0.00004
 3.91031  3.00989  0.00028
 3.86275  3.00989  0.00003
********  0.69168  0.00000
********  0.69168  0.00000
********  0.69168  0.00000
********  0.69168  0.00000
80.36409 62.43549  0.00000
80.36409 62.43549  0.00000
80.36409 62.43549  0.00000
80.36409 62.43549  0.00000
 4.75792  0.49760  0.00000
 4.75792  0.49760  0.00028
 4.75792  0.49760  0.00143
 4.71037  0.49760  0.00040
********  0.35414  0.00000
********  0.35414  0.00000
********  0.35414  0.00002
********  0.35414  0.00001
 4.71037  0.83235  0.00000
 4.71037  0.83235  0.00019
 4.71037  0.83235  0.00096
 4.71037  0.81322  0.00026
********  0.39239  0.00000
********  0.39239  0.00000
********  0.39239  0.00001
********  0.39239  0.00000
 4.56769  1.23546  0.00000
 4.56769  1.23546  0.00017
 4.56769  1.23546  0.00085
 4.42502  1.20817  0.00023
********  0.44415  0.00000
********  0.44415  0.00000
********  0.44415  0.00001
********  0.44415  0.00000
 4.13967  3.21863  0.00000
 4.13967  3.21863  0.00012
 4.13967  3.16209  0.00059
 4.13967  3.16209  0.00016
********  0.73080  0.00000
********  0.73080  0.00000
********  0.73080  0.00001
********  0.73080  0.00000
80.40321 62.47461  0.00000
80.40321 62.47461  0.00000
80.40321 62.47461  0.00000
80.40321 62.47461  0.00000
 4.75466  0.53233  0.00008
 4.75466  0.53233  0.00091
 4.75466  0.53233  0.00050
********  0.39843  0.00000
********  0.39843  0.00001
********  0.39843  0.00001
 4.65954  0.87664  0.00005
 4.65954  0.87664  0.00061
 4.65954  0.87664  0.00033
********  0.43669  0.00000
********  0.43669  0.00001
********  0.43669  0.00000
 4.46931  1.25246  0.00005
 4.46931  1.25246  0.00056
 4.46931  1.25246  0.00030
********  0.48845  0.00000
********  0.48845  0.00001
********  0.48845  0.00000
 4.08885  3.14985  0.00004
 4.08885  3.14985  0.00041
 4.08885  3.14985  0.00022
********  0.77509  0.00000
********  0.77509  0.00001
********  0.77509  0.00000
80.44750 62.51890  0.00000
80.44750 62.51890  0.00000
80.44750 62.51890  0.00000
 4.70970  0.58248  0.00000
 4.70970  0.58248  0.00063
 4.66214  0.58248  0.00071
********  0.44858  0.00000
********  0.44858  0.00001
********  0.44858  0.00001
 4.56702  0.90767  0.00000
 4.56702  0.90767  0.00042
 4.51946  0.90767  0.00046
********  0.48684  0.00000
********  0.48684  0.00001
********  0.48684  0.00001
 4.51946  1.27533  0.00000
 4.51946  1.27533  0.00037
 4.51946  1.27533  0.00041
********  0.53860  0.00000
********  0.53860  0.00001
********  0.53860  0.00001
 4.04388  3.14345  0.00000
 4.04388  3.14345  0.00027
 3.99632  3.14345  0.00030
********  0.82525  0.00000
********  0.82525  0.00000
********  0.82525  0.00000
80.49766 62.56905  0.00000
80.49766 62.56905  0.00000
80.49766 62.56905  0.00000
 4.76648  0.62970  0.00000
 4.76648  0.62970  0.00037
 4.76648  0.62970  0.00066
********  0.50536  0.00000
********  0.50536  0.00001
********  0.50536  0.00001
 4.57624  0.94532  0.00000
 4.57624  0.94532  0.00024
 4.57624  0.94532  0.00042
********  0.54362  0.00000
********  0.54362  0.00000
********  0.54362  0.00001
 4.38601  1.30482  0.00000
 4.38601  1.30482  0.00021
 4.38601  1.30482  0.00037
********  0.59538  0.00000
********  0.59538  0.00000
********  0.59538  0.00001
 3.95799  3.14370  0.00000
 3.95799  3.14370  0.00015
 3.91043  3.14370  0.00027
********  0.88203  0.00000
********  0.88203  0.00000
********  0.88203  0.00000
80.55444 62.62583  0.00000
80.55444 62.62583  0.00000
80.55444 62.62583  0.00000
 4.64053  0.69399  0.00000
 4.64053  0.69399  0.00012
 4.45030  0.69399  0.00072
********  0.56965  0.00000
********  0.56965  0.00000
********  0.56965  0.00001
 4.68809  1.04787  0.00000
 4.68809  1.04787  0.00008
 4.68809  1.02874  0.00047
********  0.60791  0.00000
********  0.60791  0.00000
********  0.60791  0.00001
 4.49786  1.42369  0.00000
 4.49786  1.42369  0.00007
 4.49786  1.42369  0.00041
********  0.65967  0.00000
********  0.65967  0.00000
********  0.65967  0.00001
 3.97472  3.20798  0.00000
 3.97472  3.20798  0.00005
 3.87960  3.26453  0.00029
********  0.94632  0.00000
********  0.94632  0.00000
********  0.94632  0.00000
80.61873 61.36800  0.00000
80.61873 61.36800  0.00000
80.61873 61.36800  0.00000
 4.66577  0.77634  0.00003
 4.66577  0.77634  0.00054
********  0.64244  0.00000
********  0.64244  0.00001
 4.52309  1.10153  0.00002
 4.52309  1.08240  0.00035
********  0.68070  0.00000
********  0.68070  0.00001
 4.38042  1.44190  0.00002
 4.38042  1.44190  0.00031
********  0.73246  0.00000
********  0.73246  0.00000
 3.95239  3.22423  0.00001
 3.85728  3.22423  0.00023
********  1.01911  0.00000
********  1.01911  0.00000
79.57946 61.44079  0.00000
79.57946 61.44079  0.00000
 4.51039  0.84919  0.00000
 4.46283  0.84919  0.00004
********  0.72486  0.00000
********  0.72486  0.00000
 1.85328  1.24133  0.00000
 1.85328  1.24133  0.00003
 4.36771  1.14569  0.00000
 4.36771  1.14569  0.00002
********  0.76311  0.00000
********  0.76311  0.00000
 4.22504  1.49703  0.00000
 4.22504  1.49703  0.00002
********  0.81487  0.00000
********  0.81487  0.00000
 4.03481  3.30665  0.00000
 3.84457  3.19356  0.00002
********  1.10152  0.00000
********  1.10152  0.00000
79.66187 61.52321  0.00000
79.66187 61.52321  0.00000
 4.31835  0.93294  0.00014
********  0.81817  0.00000
 4.31835  1.23900  0.00009
********  0.85643  0.00000
 4.12812  1.59034  0.00008
********  0.90818  0.00000
********  1.19483  0.00000
79.75518 61.61652  0.00000
 4.32888  1.03859  0.00001
********  0.92382  0.00000
 4.23376  1.32552  0.00000
********  0.96207  0.00000
 4.09109  1.64142  0.00000
********  1.01383  0.00000
********  1.30048  0.00000
79.86083 61.72217  0.00000
 4.35338  1.15820  0.00000
 4.35338  1.15820  0.00000
********  1.04343  0.00000
********  1.04343  0.00000
 4.16315  1.44513  0.00000
 4.16315  1.44513  0.00000
********  1.08169  0.00000
********  1.08169  0.00000
********  1.13345  0.00000
********  1.13345  0.00000
********  1.42010  0.00000
********  1.42010  0.00000
79.98045 61.84178  0.00000
79.98045 61.84178  0.00000
********  1.17887  0.00000
********  1.17887  0.00000
********  1.21712  0.00000
********  1.21712  0.00000
********  1.26888  0.00000
********  1.26888  0.00000
********  1.55553  0.00000
********  1.55553  0.00000
79.00382 61.97722  0.00000
79.00382 61.97722  0.00000
********  1.33221  0.00000
********  1.33221  0.00000
********  1.33221  0.00000
********  1.37046  0.00000
********  1.37046  0.00000
********  1.37046  0.00000
********  1.42222  0.00000
********  1.42222  0.00000
********  1.42222  0.00000
********  1.70887  0.00000
********  1.70887  0.00000
********  1.70887  0.00000
79.15716 62.13056  0.00000
79.15716 62.13056  0.00000
79.15716 62.13056  0.00000
********  1.50582  0.00000
********  1.50582  0.00000
********  1.54407  0.00000
********  1.54407  0.00000
********  1.59583  0.00000
********  1.59583  0.00000
********  1.88248  0.00000
********  1.88248  0.00000
79.33077 60.98205  0.00000
79.33077 60.98205  0.00000
********  1.70239  0.00000
********  1.74064  0.00000
********  1.79240  0.00000
********  2.07905  0.00000
78.41529 61.17862  0.00000
********  1.92495  0.00000
********  1.96320  0.00000
********  2.01496  0.00000
********  2.30161  0.00000
78.63784 61.40118  0.00000
********  2.17693  0.00000
********  2.21519  0.00000
********  2.26695  0.00000
********  2.55359  0.00000
77.77777 61.65316  0.00000
********  2.46223  0.00000
********  2.46223  0.00000
********  2.46223  0.00000
********  2.50049  0.00000
********  2.50049  0.00000
********  2.50049  0.00000
********  2.55225  0.00000
********  2.55225  0.00000
********  2.55225  0.00000
********  2.83890  0.00000
********  2.83890  0.00000
********  2.83890  0.00000
76.95101 60.61634  0.00000
76.95101 60.61634  0.00000
76.95101 60.61634  0.00000
********  2.78526  0.00000
********  2.82352  0.00000
********  2.87527  0.00000
********  3.16192  0.00000
77.27404 60.93937  0.00000
********  3.15099  0.00000
********  3.15099  0.00000
********  3.15099  0.00000
********  3.18925  0.00000
********  3.18925  0.00000
********  3.18925  0.00000
********  3.24101  0.00000
********  3.24101  0.00000
********  3.24101  0.00000
********  3.52765  0.00000
********  3.52765  0.00000
********  3.52765  0.00000
76.52771 61.30510  0.00000
76.52771 61.30510  0.00000
76.52771 61.30510  0.00000
********  3.56508  0.00000
********  3.60334  0.00000
********  3.65510  0.00000
********  3.94174  0.00000
********  4.03393  0.00044
********  4.07218  0.00029
********  4.12394  0.00026
********  4.41059  0.00019
********  4.56476  0.00003
********  4.60301  0.00002
********  4.65477  0.00002
********  4.88488  0.00001
********  5.16578  0.00000
********  5.20403  0.00000
********  5.25579  0.00000
********  5.54244  0.00000
********  5.84626  0.00040
********  5.88451  0.00027
********  5.93627  0.00024
********  6.16638  0.00017
 0.52795  0.43138  0.00004
 0.52795  0.43138  0.00903
 0.52795  0.43138  0.01913
 0.52795  0.43138  0.00343
 0.52795  0.43138  0.00002
 1.29957  0.31373  0.00003
 1.29957  0.31373  0.00612
 1.29957  0.31373  0.01305
 1.29957  0.31373  0.00234
 1.29957  0.31373  0.00001
 1.96966  0.25490  0.00003
 1.96966  0.25490  0.00532
 1.96966  0.25490  0.01145
 1.96966  0.25490  0.00206
 1.94648  0.25490  0.00001
 5.28188  0.18628  0.00002
 5.13783  0.18628  0.00367
 5.13783  0.18628  0.00795
 5.13783  0.18628  0.00143
 5.13783  0.18628  0.00001
********  0.01961  0.00000
********  0.01961  0.00005
********  0.01961  0.00011
********  0.01961  0.00002
********  0.01961  0.00000
 1.08839  0.88236  0.00002
 1.08839  0.88236  0.00414
 1.08839  0.88236  0.00885
 1.08839  0.88236  0.00159
 1.08839  0.88236  0.00001
 1.85379  0.78432  0.00002
 1.85379  0.78432  0.00360
 1.85379  0.78432  0.00776
 1.83062  0.78432  0.00139
 1.83062  0.78432  0.00001
 5.04180  0.58824  0.00001
 5.04180  0.58824  0.00249
 5.04180  0.58824  0.00539
 5.04180  0.58824  0.00097
 5.04180  0.56863  0.00001
********  0.07843  0.00000
********  0.07843  0.00004
********  0.07843  0.00008
********  0.07843  0.00001
********  0.07843  0.00000
 1.71476  1.34257  0.00001
 1.71476  1.34257  0.00319
 1.71476  1.34257  0.00692
 1.71476  1.34257  0.00123
 1.71476  1.34257  0.00001
 4.89774  1.06287  0.00001
 4.84973  1.00693  0.00220
 4.84973  1.00693  0.00480
 4.84973  1.00693  0.00086
 4.80171  1.00693  0.00000
********  0.11188  0.00000
********  0.11188  0.00003
********  0.11188  0.00007
********  0.11188  0.00001
********  0.11188  0.00000
 4.32154  3.12979  0.00001
 4.32154  3.12979  0.00155
 4.32154  3.12979  0.00339
 4.32154  3.12979  0.00060
 4.32154  3.12979  0.00000
********  0.40571  0.00000
********  0.40571  0.00002
********  0.40571  0.00005
********  0.40571  0.00001
********  0.40571  0.00000
80.84073 63.69729  0.00000
80.84073 63.69729  0.00000
80.84073 63.69729  0.00000
80.84073 63.69729  0.00000
80.84073 63.69729  0.00000
 0.52831  0.43174  0.00000
 0.52831  0.43174  0.00006
 0.52831  0.43174  0.00030
 0.52831  0.43174  0.00012
 0.52831  0.43174  0.00000
 1.29993  0.31409  0.00000
 1.29993  0.31409  0.00004
 1.29993  0.31409  0.00021
 1.29993  0.31409  0.00009
 1.29993  0.31409  0.00000
 1.97002  0.25527  0.00000
 1.97002  0.25527  0.00004
 1.97002  0.25527  0.00019
 1.97002  0.25527  0.00008
 1.94685  0.25527  0.00000
 5.28224  0.18664  0.00000
 5.13819  0.18664  0.00003
 5.13819  0.18664  0.00013
 5.13819  0.18664  0.00006
 5.13819  0.18664  0.00000
********  0.01997  0.00000
********  0.01997  0.00000
********  0.01997  0.00000
********  0.01997  0.00000
********  0.01997  0.00000
 1.08875  0.88272  0.00000
 1.08875  0.88272  0.00003
 1.08875  0.88272  0.00015
 1.08875  0.88272  0.00006
 1.07251  0.88272  0.00000
 1.85416  0.78468  0.00000
 1.85416  0.78468  0.00003
 1.85416  0.78468  0.00013
 1.83098  0.78468  0.00005
 1.85416  0.78468  0.00000
 5.04216  0.58860  0.00000
 5.04216  0.58860  0.00002
 5.04216  0.58860  0.00009
 5.04216  0.58860  0.00004
 5.04216  0.56900  0.00000
********  0.07879  0.00000
********  0.07879  0.00000
********  0.07879  0.00000
********  0.07879  0.00000
********  0.07879  0.00000
 1.71512  1.34294  0.00000
 1.71512  1.34294  0.00003
 1.71512  1.34294  0.00012
 1.71512  1.34294  0.00005
 1.71512  1.34294  0.00000
 4.89811  1.06323  0.00000
 4.85009  1.00729  0.00002
 4.85009  1.00729  0.00009
 4.85009  1.00729  0.00004
 4.80207  1.00729  0.00000
********  0.11224  0.00000
********  0.11224  0.00000
********  0.11224  0.00000
********  0.11224  0.00000
********  0.11224  0.00000
 4.32190  3.13015  0.00000
 4.32190  3.13015  0.00001
 4.32190  3.13015  0.00006
 4.32190  3.13015  0.00003
 4.32190  3.13015  0.00000
********  0.40608  0.00000
********  0.40608  0.00000
********  0.40608  0.00000
********  0.40608  0.00000
********  0.40608  0.00000
80.84109 63.69765  0.00000
80.84109 63.69765  0.00000
80.84109 63.69765  0.00000
80.84109 63.69765  0.00000
80.84109 63.69765  0.00000
 0.52893  0.43235  0.00000
 0.52893  0.43235  0.00007
 0.52893  0.43235  0.00040
 0.52893  0.43235  0.00012
 0.52893  0.43235  0.00000
 1.30055  0.31471  0.00000
 1.30055  0.31471  0.00005
 1.30055  0.31471  0.00027
 1.30055  0.31471  0.00008
 1.30055  0.31471  0.00000
 1.97063  0.25588  0.00000
 1.97063  0.25588  0.00004
 1.97063  0.25588  0.00024
 1.97063  0.25588  0.00007
 1.94746  0.25588  0.00000
 5.28286  0.18725  0.00000
 5.28286  0.18725  0.00003
 5.13881  0.18725  0.00017
 5.13881  0.18725  0.00005
 5.13881  0.18725  0.00000
********  0.02059  0.00000
********  0.02059  0.00000
********  0.02059  0.00000
********  0.02059  0.00000
********  0.02059  0.00000
 1.07312  0.88334  0.00000
 1.07312  0.88334  0.00003
 1.07312  0.88334  0.00019
 1.07312  0.88334  0.00005
 1.07312  0.88334  0.00000
 1.85477  0.78530  0.00000
 1.85477  0.78530  0.00003
 1.85477  0.78530  0.00016
 1.85477  0.78530  0.00005
 1.85477  0.78530  0.00000
 5.04277  0.58922  0.00000
 5.04277  0.58922  0.00002
 5.04277  0.58922  0.00011
 5.04277  0.58922  0.00003
 5.04277  0.56961  0.00000
********  0.07941  0.00000
********  0.07941  0.00000
********  0.07941  0.00000
********  0.07941  0.00000
********  0.07941  0.00000
 1.71574  1.34355  0.00000
 1.71574  1.34355  0.00003
 1.71574  1.34355  0.00015
 1.71574  1.34355  0.00004
 1.71574  1.34355  0.00000
 4.89872  1.03588  0.00000
 4.85071  1.00791  0.00002
 4.85071  1.00791  0.00011
 4.85071  1.00791  0.00003
 4.80269  1.00791  0.00000
********  0.11286  0.00000
********  0.11286  0.00000
********  0.11286  0.00000
********  0.11286  0.00000
********  0.11286  0.00000
 4.32252  3.13077  0.00000
 4.32252  3.13077  0.00001
 4.32252  3.13077  0.00008
 4.32252  3.13077  0.00002
 4.32252  3.13077  0.00000
********  0.40669  0.00000
********  0.40669  0.00000
********  0.40669  0.00000
********  0.40669  0.00000
********  0.40669  0.00000
80.84171 63.69827  0.00000
80.84171 63.69827  0.00000
80.84171 63.69827  0.00000
80.84171 63.69827  0.00000
80.84171 63.69827  0.00000
 0.52906  0.43248  0.00060
 0.52906  0.43248  0.00181
 0.52906  0.43248  0.00028
 1.30067  0.31484  0.00040
 1.30067  0.31484  0.00122
 1.30067  0.31484  0.00019
 1.97076  0.25601  0.00038
 1.97076  0.25601  0.00116
 1.97076  0.25601  0.00018
 5.28299  0.18738  0.00029
 5.13894  0.18738  0.00087
 5.13894  0.18738  0.00014
********  0.02072  0.00000
********  0.02072  0.00001
********  0.02072  0.00000
 1.07325  0.88347  0.00027
 1.07325  0.88347  0.00081
 1.07325  0.88347  0.00013
 1.85490  0.78543  0.00026
 1.85490  0.78543  0.00077
 1.85490  0.78543  0.00012
 5.04290  0.58935  0.00019
 5.04290  0.58935  0.00058
 5.04290  0.58935  0.00009
********  0.07954  0.00000
********  0.07954  0.00001
********  0.07954  0.00000
 1.71587  1.34368  0.00022
 1.71587  1.34368  0.00065
 1.71587  1.34368  0.00010
 4.85083  1.00804  0.00016
 4.85083  1.00804  0.00049
 4.85083  1.00804  0.00008
********  0.11299  0.00000
********  0.11299  0.00001
********  0.11299  0.00000
 4.32265  3.13090  0.00011
 4.32265  3.13090  0.00033
 4.32265  3.13090  0.00005
********  0.40682  0.00000
********  0.40682  0.00000
********  0.40682  0.00000
80.84184 63.69840  0.00000
80.84184 63.69840  0.00000
80.84184 63.69840  0.00000
 0.52920  0.43263  0.00000
 0.52920  0.43263  0.00000
 0.52920  0.43263  0.00002
 0.52920  0.43263  0.00001
 0.52920  0.43263  0.00000
 1.30082  0.31498  0.00000
 1.30082  0.31498  0.00000
 1.30082  0.31498  0.00002
 1.30082  0.31498  0.00001
 1.30082  0.31498  0.00000
 1.97091  0.25616  0.00000
 1.97091  0.25616  0.00000
 1.97091  0.25616  0.00001
 1.97091  0.25616  0.00001
 1.97091  0.25616  0.00000
 5.28313  0.18753  0.00000
 5.28313  0.18753  0.00000
 5.13908  0.18753  0.00001
 5.13908  0.18753  0.00000
 5.13908  0.18753  0.00000
********  0.02086  0.00000
********  0.02086  0.00000
********  0.02086  0.00000
********  0.02086  0.00000
********  0.02086  0.00000
 1.07340  0.88362  0.00000
 1.07340  0.88362  0.00000
 1.07340  0.88362  0.00001
 1.07340  0.88362  0.00000
 1.07340  0.88362  0.00000
 1.85505  0.78558  0.00000
 1.85505  0.78558  0.00000
 1.85505  0.78558  0.00001
 1.85505  0.78558  0.00000
 1.85505  0.78558  0.00000
 5.04305  0.58949  0.00000
 5.04305  0.58949  0.00000
 5.04305  0.58949  0.00001
 5.04305  0.58949  0.00000
 5.04305  0.56989  0.00000
********  0.07969  0.00000
********  0.07969  0.00000
********  0.07969  0.00000
********  0.07969  0.00000
********  0.07969  0.00000
 1.71601  1.34383  0.00000
 1.71601  1.34383  0.00000
 1.71601  1.34383  0.00001
 1.71601  1.34383  0.00000
 1.71601  1.34383  0.00000
 4.89900  1.03615  0.00000
 4.85098  1.00818  0.00000
 4.85098  1.00818  0.00001
 4.85098  1.00818  0.00000
 4.80296  1.00818  0.00000
********  0.11313  0.00000
********  0.11313  0.00000
********  0.11313  0.00000
********  0.11313  0.00000
********  0.11313  0.00000
 4.32279  3.13104  0.00000
 4.32279  3.13104  0.00000
 4.32279  3.13104  0.00000
 4.32279  3.13104  0.00000
 4.32279  3.13104  0.00000
********  0.40697  0.00000
********  0.40697  0.00000
********  0.40697  0.00000
********  0.40697  0.00000
********  0.40697  0.00000
80.84198 63.69854  0.00000
80.84198 63.69854  0.00000
80.84198 63.69854  0.00000
80.84198 63.69854  0.00000
80.84198 63.69854  0.00000
 0.52937  0.43280  0.00000
 0.52937  0.43280  0.00022
 0.52937  0.43280  0.00005
 0.52937  0.43280  0.00000
 1.30099  0.31515  0.00000
 1.30099  0.31515  0.00015
 1.30099  0.31515  0.00003
 1.30099  0.31515  0.00000
 1.97108  0.25632  0.00000
 1.97108  0.25632  0.00014
 1.97108  0.25632  0.00003
 1.94790  0.25632  0.00000
 5.28330  0.18770  0.00000
 5.13925  0.18770  0.00011
 5.13925  0.18770  0.00002
 5.13925  0.18770  0.00000
********  0.02103  0.00000
********  0.02103  0.00000
********  0.02103  0.00000
********  0.02103  0.00000
 1.07356  0.88378  0.00000
 1.07356  0.88378  0.00010
 1.07356  0.88378  0.00002
 1.07356  0.88378  0.00000
 1.85521  0.78574  0.00000
 1.85521  0.78574  0.00009
 1.85521  0.78574  0.00002
 1.85521  0.78574  0.00000
 5.04321  0.58966  0.00000
 5.04321  0.58966  0.00007
 5.04321  0.58966  0.00002
 5.04321  0.57005  0.00000
********  0.07985  0.00000
********  0.07985  0.00000
********  0.07985  0.00000
********  0.07985  0.00000
 1.71618  1.34399  0.00000
 1.71618  1.34399  0.00008
 1.71618  1.34399  0.00002
 1.71618  1.34399  0.00000
 4.85115  1.00835  0.00000
 4.85115  1.00835  0.00006
 4.85115  1.00835  0.00001
 4.80313  1.00835  0.00000
********  0.11330  0.00000
********  0.11330  0.00000
********  0.11330  0.00000
********  0.11330  0.00000
 4.32296  3.13121  0.00000
 4.32296  3.13121  0.00004
 4.32296  3.13121  0.00001
 4.32296  3.13121  0.00000
********  0.40713  0.00000
********  0.40713  0.00000
********  0.40713  0.00000
********  0.40713  0.00000
80.84215 63.69871  0.00000
80.84215 63.69871  0.00000
80.84215 63.69871  0.00000
80.84215 63.69871  0.00000
 0.52956  0.43298  0.00000
 0.52956  0.43298  0.00006
 0.52956  0.43298  0.00015
 0.52956  0.43298  0.00007
 0.52956  0.43298  0.00000
 1.30117  0.31534  0.00000
 1.30117  0.31534  0.00004
 1.30117  0.31534  0.00010
 1.30117  0.31534  0.00005
 1.28493  0.31534  0.00000
 1.97126  0.25651  0.00000
 1.97126  0.25651  0.00004
 1.97126  0.25651  0.00010
 1.97126  0.25651  0.00005
 1.94809  0.25651  0.00000
 5.28349  0.18788  0.00000
 5.28349  0.18788  0.00003
 5.13944  0.18788  0.00007
 5.13944  0.18788  0.00003
 5.13944  0.18788  0.00000
********  0.02122  0.00000
********  0.02122  0.00000
********  0.02122  0.00000
********  0.02122  0.00000
********  0.02122  0.00000
 1.07375  0.88397  0.00000
 1.07375  0.88397  0.00003
 1.07375  0.88397  0.00007
 1.07375  0.88397  0.00003
 1.07375  0.88397  0.00000
 1.85540  0.78593  0.00000
 1.85540  0.78593  0.00002
 1.85540  0.78593  0.00007
 1.85540  0.78593  0.00003
 1.85540  0.78593  0.00000
 5.04340  0.58985  0.00000
 5.04340  0.58985  0.00002
 5.04340  0.58985  0.00005
 5.04340  0.58985  0.00002
 5.04340  0.57024  0.00000
********  0.08004  0.00000
********  0.08004  0.00000
********  0.08004  0.00000
********  0.08004  0.00000
********  0.08004  0.00000
 1.71637  1.34418  0.00000
 1.71637  1.34418  0.00002
 1.71637  1.34418  0.00006
 1.71637  1.34418  0.00003
 1.71637  1.34418  0.00000
 4.89935  1.03651  0.00000
 4.85133  1.00854  0.00002
 4.85133  1.00854  0.00004
 4.85133  1.00854  0.00002
 4.80332  1.00854  0.00000
********  0.11349  0.00000
********  0.11349  0.00000
********  0.11349  0.00000
********  0.11349  0.00000
********  0.11349  0.00000
 4.32315  3.13140  0.00000
 4.32315  3.13140  0.00001
 4.32315  3.13140  0.00003
 4.32315  3.13140  0.00002
 4.32315  3.13140  0.00000
********  0.40732  0.00000
********  0.40732  0.00000
********  0.40732  0.00000
********  0.40732  0.00000
********  0.40732  0.00000
80.84234 63.69890  0.00000
80.84234 63.69890  0.00000
80.84234 63.69890  0.00000
80.84234 63.69890  0.00000
80.84234 63.69890  0.00000
 0.53059  0.43402  0.00000
 0.53059  0.43402  0.00008
 0.53059  0.43402  0.00038
 0.53059  0.43402  0.00017
 0.53059  0.43402  0.00000
 1.28596  0.31637  0.00000
 1.28596  0.31637  0.00005
 1.28596  0.31637  0.00026
 1.28596  0.31637  0.00011
 1.28596  0.31637  0.00000
 1.97230  0.25755  0.00000
 1.97230  0.25755  0.00004
 1.97230  0.25755  0.00022
 1.94913  0.25755  0.00009
 1.94913  0.25755  0.00000
 5.28452  0.18892  0.00000
 5.28452  0.18892  0.00003
 5.14047  0.18892  0.00015
 5.14047  0.18892  0.00006
 5.09245  0.18892  0.00000
********  0.02225  0.00000
********  0.02225  0.00000
********  0.02225  0.00000
********  0.02225  0.00000
********  0.02225  0.00000
 1.07478  0.88500  0.00000
 1.07478  0.88500  0.00004
 1.07478  0.88500  0.00018
 1.07478  0.88500  0.00008
 1.07478  0.88500  0.00000
 1.85644  0.78696  0.00000
 1.85644  0.78696  0.00003
 1.85644  0.78696  0.00015
 1.85644  0.78696  0.00007
 1.85644  0.78696  0.00000
 5.04444  0.59088  0.00000
 5.04444  0.59088  0.00002
 5.04444  0.59088  0.00010
 5.04444  0.59088  0.00005
 5.04444  0.57127  0.00000
********  0.08107  0.00000
********  0.08107  0.00000
********  0.08107  0.00000
********  0.08107  0.00000
********  0.08107  0.00000
 1.71740  1.34522  0.00000
 1.71740  1.34522  0.00003
 1.71740  1.34522  0.00014
 1.69423  1.34522  0.00006
 1.69423  1.34522  0.00000
 4.90039  1.03754  0.00000
 4.85237  1.00957  0.00002
 4.85237  1.00957  0.00010
 4.85237  1.00957  0.00004
 4.80435  1.00957  0.00000
********  0.11452  0.00000
********  0.11452  0.00000
********  0.11452  0.00000
********  0.11452  0.00000
********  0.11452  0.00000
 4.32418  3.13243  0.00000
 4.32418  3.13243  0.00001
 4.32418  3.13243  0.00007
 4.32418  3.13243  0.00003
 4.32418  3.13243  0.00000
********  0.40835  0.00000
********  0.40835  0.00000
********  0.40835  0.00000
********  0.40835  0.00000
********  0.40835  0.00000
80.84337 63.69993  0.00000
80.84337 63.69993  0.00000
80.84337 63.69993  0.00000
80.84337 63.69993  0.00000
80.84337 63.69993  0.00000
 0.52417  0.43572  0.00002
 0.52417  0.43572  0.00018
 0.52417  0.43572  0.00010
 0.52417  0.43572  0.00000
 1.28766  0.31807  0.00001
 1.28766  0.31807  0.00012
 1.28766  0.31807  0.00007
 1.28766  0.31807  0.00000
 1.95082  0.25924  0.00001
 1.95082  0.25924  0.00011
 1.95082  0.25924  0.00006
 1.95082  0.25924  0.00000
 5.28622  0.19062  0.00001
 5.14217  0.19062  0.00008
 5.14217  0.19062  0.00004
 5.09415  0.19062  0.00000
********  0.02395  0.00000
********  0.02395  0.00000
********  0.02395  0.00000
********  0.02395  0.00000
 1.07648  0.86709  0.00001
 1.07648  0.86709  0.00008
 1.07648  0.86709  0.00005
 1.07648  0.86709  0.00000
 1.83496  0.78866  0.00001
 1.83496  0.78866  0.00007
 1.83496  0.78866  0.00004
 1.83496  0.78866  0.00000
 5.04614  0.59258  0.00000
 5.04614  0.59258  0.00005
 5.04614  0.59258  0.00003
 5.04614  0.57297  0.00000
********  0.08277  0.00000
********  0.08277  0.00000
********  0.08277  0.00000
********  0.08277  0.00000
 1.69593  1.34691  0.00001
 1.69593  1.34691  0.00007
 1.69593  1.34691  0.00004
 1.69593  1.34691  0.00000
 4.80605  1.01127  0.00000
 4.80605  1.01127  0.00005
 4.80605  1.01127  0.00003
 4.80605  1.01127  0.00000
********  0.11622  0.00000
********  0.11622  0.00000
********  0.11622  0.00000
********  0.11622  0.00000
 4.32588  3.13413  0.00000
 4.32588  3.13413  0.00004
 4.32588  3.13413  0.00002
 4.32588  3.13413  0.00000
********  0.41005  0.00000
********  0.41005  0.00000
********  0.41005  0.00000
********  0.41005  0.00000
80.84507 63.70163  0.00000
80.84507 63.70163  0.00000
80.84507 63.70163  0.00000
80.84507 63.70163  0.00000
 0.52790  0.42965  0.00007
 0.52790  0.42965  0.00007
 0.52790  0.42965  0.00000
 1.29140  0.31200  0.00005
 1.29140  0.31200  0.00005
 1.29140  0.31200  0.00000
 2.00090  0.26298  0.00004
 2.00090  0.26298  0.00004
 2.00090  0.26298  0.00000
 5.24194  0.19435  0.00003
 5.14590  0.19435  0.00003
 5.09789  0.19435  0.00000
********  0.02768  0.00000
********  0.02768  0.00000
********  0.02768  0.00000
 1.08022  0.87083  0.00003
 1.08022  0.87083  0.00003
 1.08022  0.87083  0.00000
 1.83870  0.79240  0.00003
 1.83870  0.79240  0.00003
 1.83870  0.79240  0.00000
 5.04987  0.57671  0.00002
 5.04987  0.57671  0.00002
 5.00185  0.57671  0.00000
********  0.08651  0.00000
********  0.08651  0.00000
********  0.08651  0.00000
 1.69966  1.35065  0.00003
 1.69966  1.35065  0.00003
 1.69966  1.35065  0.00000
 4.90582  1.04298  0.00002
 4.80978  1.01501  0.00002
 4.76177  1.01501  0.00000
********  0.11996  0.00000
********  0.11996  0.00000
********  0.11996  0.00000
 4.32961  3.13786  0.00001
 4.32961  3.13786  0.00002
 4.32961  3.13786  0.00000
********  0.41379  0.00000
********  0.41379  0.00000
********  0.41379  0.00000
80.84880 63.70537  0.00000
80.84880 63.70537  0.00000
80.84880 63.70537  0.00000
 0.52085  0.43072  0.00000
 0.52085  0.43072  0.00001
 0.52085  0.43072  0.00003
 1.29247  0.31307  0.00000
 1.29247  0.31307  0.00001
 1.29247  0.31307  0.00002
 2.00197  0.26405  0.00000
 2.00197  0.26405  0.00001
 2.00197  0.26405  0.00002
 5.24301  0.19542  0.00000
 5.24301  0.19542  0.00001
 5.24301  0.19542  0.00001
********  0.02875  0.00000
********  0.02875  0.00000
********  0.02875  0.00000
 1.08129  0.87190  0.00000
 1.08129  0.87190  0.00001
 1.08129  0.87190  0.00001
 1.83976  0.79346  0.00000
 1.83976  0.79346  0.00001
 1.83976  0.79346  0.00001
 5.05094  0.57778  0.00000
 5.05094  0.57778  0.00000
 5.05094  0.57778  0.00001
********  0.08757  0.00000
********  0.08757  0.00000
********  0.08757  0.00000
 1.70073  1.35172  0.00000
 1.70073  1.35172  0.00000
 1.70073  1.35172  0.00001
 4.90689  1.04404  0.00000
 4.90689  1.04404  0.00000
 4.90689  1.04404  0.00001
********  0.12102  0.00000
********  0.12102  0.00000
********  0.12102  0.00000
 4.33068  3.13893  0.00000
 4.33068  3.13893  0.00000
 4.33068  3.13893  0.00001
********  0.41486  0.00000
********  0.41486  0.00000
********  0.41486  0.00000
80.84987 63.70643  0.00000
80.84987 63.70643  0.00000
80.84987 63.70643  0.00000
 1.25418  0.32996  0.00000
 1.25418  0.32996  0.00001
 1.25418  0.32996  0.00013
 1.25418  0.32996  0.00009
 1.25418  0.32996  0.00000
 1.98232  0.29074  0.00000
 1.98232  0.29074  0.00001
 1.98232  0.29074  0.00011
 1.98232  0.29074  0.00008
 1.98232  0.29074  0.00000
 5.17366  0.22211  0.00000
 5.17366  0.22211  0.00001
 5.17366  0.22211  0.00008
 5.17366  0.22211  0.00005
 5.12565  0.22211  0.00000
********  0.05544  0.00000
********  0.05544  0.00000
********  0.05544  0.00000
********  0.05544  0.00000
********  0.05544  0.00000
 1.05924  0.87898  0.00000
 1.05924  0.87898  0.00001
 1.05924  0.87898  0.00009
 1.05924  0.87898  0.00006
 1.05924  0.87898  0.00000
 1.79694  0.80055  0.00000
 1.79694  0.80055  0.00001
 1.79694  0.80055  0.00008
 1.79694  0.80055  0.00005
 1.79694  0.80055  0.00000
 4.98160  0.60447  0.00000
 4.98160  0.60447  0.00001
 4.98160  0.60447  0.00005
 4.98160  0.60447  0.00004
 4.93358  0.60447  0.00000
********  0.11427  0.00000
********  0.11427  0.00000
********  0.11427  0.00000
********  0.11427  0.00000
********  0.11427  0.00000
 1.70425  1.35044  0.00000
 1.70425  1.35044  0.00001
 1.68108  1.35044  0.00007
 1.68108  1.35044  0.00005
 1.68108  1.35044  0.00000
 4.93358  1.04277  0.00000
 4.88556  1.04277  0.00001
 4.88556  1.04277  0.00005
 4.88556  1.04277  0.00003
 4.83755  1.04277  0.00000
********  0.14772  0.00000
********  0.14772  0.00000
********  0.14772  0.00000
********  0.14772  0.00000
********  0.14772  0.00000
 4.26134  3.16562  0.00000
 4.26134  3.16562  0.00000
 4.26134  3.16562  0.00003
 4.26134  3.10767  0.00002
 4.26134  3.10767  0.00000
********  0.44155  0.00000
********  0.44155  0.00000
********  0.44155  0.00000
********  0.44155  0.00000
********  0.44155  0.00000
80.87656 63.73313  0.00000
80.87656 63.73313  0.00000
80.87656 63.73313  0.00000
80.87656 63.73313  0.00000
80.87656 63.73313  0.00000
 1.24267  0.33469  0.00000
 1.24267  0.33469  0.00002
 1.24267  0.33469  0.00018
 1.24267  0.33469  0.00010
 1.24267  0.33469  0.00000
 1.98706  0.29548  0.00000
 1.98706  0.29548  0.00001
 1.98706  0.29548  0.00017
 1.98706  0.29548  0.00009
 1.98706  0.29548  0.00000
 5.17840  0.22685  0.00000
 5.13039  0.22685  0.00001
 5.13039  0.22685  0.00012
 5.13039  0.22685  0.00007
 5.13039  0.22685  0.00000
********  0.06018  0.00000
********  0.06018  0.00000
********  0.06018  0.00000
********  0.06018  0.00000
********  0.06018  0.00000
 1.04774  0.88372  0.00000
 1.04774  0.88372  0.00001
 1.04774  0.88372  0.00012
 1.04774  0.88372  0.00007
 1.04774  0.88372  0.00000
 1.80168  0.78568  0.00000
 1.80168  0.78568  0.00001
 1.80168  0.78568  0.00011
 1.80168  0.78568  0.00006
 1.80168  0.78568  0.00000
 4.93832  0.60921  0.00000
 4.93832  0.60921  0.00001
 4.93832  0.60921  0.00008
 4.93832  0.60921  0.00004
 4.93832  0.60921  0.00000
********  0.09940  0.00000
********  0.09940  0.00000
********  0.09940  0.00000
********  0.09940  0.00000
********  0.09940  0.00000
 1.68582  1.35518  0.00000
 1.68582  1.35518  0.00001
 1.68582  1.35518  0.00010
 1.68582  1.35518  0.00005
 1.68582  1.35518  0.00000
 4.93832  1.04750  0.00000
 4.93832  1.04750  0.00001
 4.84228  1.04750  0.00007
 4.84228  1.04750  0.00004
 4.84228  1.04750  0.00000
********  0.15245  0.00000
********  0.15245  0.00000
********  0.15245  0.00000
********  0.15245  0.00000
********  0.15245  0.00000
 4.26608  3.11240  0.00000
 4.26608  3.11240  0.00000
 4.26608  3.11240  0.00005
 4.31410  3.22832  0.00003
 4.26608  3.11240  0.00000
********  0.44629  0.00000
********  0.44629  0.00000
********  0.44629  0.00000
********  0.44629  0.00000
********  0.44629  0.00000
80.88130 63.73786  0.00000
80.88130 63.73786  0.00000
80.88130 63.73786  0.00000
80.88130 63.73786  0.00000
80.88130 63.73786  0.00000
 1.22162  0.34613  0.00000
 1.22162  0.34613  0.00004
 1.22162  0.34613  0.00043
 1.22162  0.34613  0.00028
 1.22162  0.34613  0.00001
 1.97532  0.30692  0.00000
 1.97532  0.30692  0.00004
 1.97532  0.30692  0.00039
 1.97532  0.30692  0.00026
 1.97532  0.29711  0.00001
 5.14182  0.22848  0.00000
 5.14182  0.22848  0.00003
 5.14182  0.22848  0.00028
 5.14182  0.22848  0.00018
 5.09381  0.22848  0.00000
********  0.07162  0.00000
********  0.07162  0.00000
********  0.07162  0.00000
********  0.07162  0.00000
********  0.07162  0.00000
 1.78994  0.79712  0.00000
 1.78994  0.79712  0.00002
 1.78994  0.79712  0.00027
 1.78994  0.79712  0.00017
 1.78994  0.79712  0.00000
 5.04579  0.62064  0.00000
 5.04579  0.62064  0.00002
 4.90174  0.62064  0.00019
 4.90174  0.62064  0.00013
 4.90174  0.62064  0.00000
********  0.11084  0.00000
********  0.11084  0.00000
********  0.11084  0.00000
********  0.11084  0.00000
********  0.11084  0.00000
 1.67408  1.33864  0.00000
 1.67408  1.33864  0.00002
 1.67408  1.33864  0.00024
 1.67408  1.33864  0.00016
 1.67408  1.33864  0.00000
 4.85372  1.05894  0.00000
 4.85372  1.05894  0.00002
 4.85372  1.05894  0.00017
 4.85372  1.05894  0.00011
 4.85372  1.05894  0.00000
********  0.16389  0.00000
********  0.16389  0.00000
********  0.16389  0.00000
********  0.16389  0.00000
********  0.16389  0.00000
 4.27752  3.12384  0.00000
 4.27752  3.12384  0.00001
 4.27752  3.12384  0.00012
 4.32553  3.23976  0.00008
 4.27752  3.23976  0.00000
********  0.45772  0.00000
********  0.45772  0.00000
********  0.45772  0.00000
********  0.45772  0.00000
********  0.45772  0.00000
80.89274 63.74930  0.00000
80.89274 63.74930  0.00000
80.89274 63.74930  0.00000
80.89274 63.74930  0.00000
80.89274 63.74930  0.00000
 1.22850  0.34321  0.00000
 1.22850  0.34321  0.00027
 1.22850  0.34321  0.00122
 1.22850  0.34321  0.00047
 1.22850  0.34321  0.00000
 1.98220  0.30399  0.00000
 1.98220  0.30399  0.00025
 1.98220  0.30399  0.00114
 1.98220  0.30399  0.00043
 1.98220  0.30399  0.00000
 5.14870  0.23536  0.00000
 5.14870  0.23536  0.00019
 5.14870  0.23536  0.00084
 5.14870  0.23536  0.00032
 5.05267  0.23536  0.00000
********  0.07850  0.00000
********  0.07850  0.00000
********  0.07850  0.00001
********  0.07850  0.00000
********  0.07850  0.00000
 1.81999  0.82360  0.00000
 1.81999  0.80399  0.00018
 1.84317  0.82360  0.00080
 1.84317  0.82360  0.00030
 1.81999  0.80399  0.00000
 4.95663  0.64713  0.00000
 4.95663  0.64713  0.00013
 4.90862  0.62752  0.00059
 4.90862  0.62752  0.00022
 4.86060  0.62752  0.00000
********  0.11771  0.00000
********  0.11771  0.00000
********  0.11771  0.00001
********  0.11771  0.00000
********  0.11771  0.00000
 1.70413  1.34552  0.00000
 1.70413  1.34552  0.00016
 1.70413  1.34552  0.00073
 1.65779  1.34552  0.00028
 1.65779  1.34552  0.00000
 4.86060  1.06582  0.00000
 4.86060  1.06582  0.00012
 4.86060  1.06582  0.00054
 4.86060  1.06582  0.00020
 4.76456  1.06582  0.00000
********  0.17077  0.00000
********  0.17077  0.00000
********  0.17077  0.00001
********  0.17077  0.00000
********  0.17077  0.00000
 4.18836  3.13072  0.00000
 4.18836  3.13072  0.00009
 4.18836  3.13072  0.00038
 4.28439  3.24664  0.00014
 4.28439  3.18868  0.00000
********  0.46460  0.00000
********  0.46460  0.00000
********  0.46460  0.00001
********  0.46460  0.00000
********  0.46460  0.00000
80.89962 63.75618  0.00000
80.89962 63.75618  0.00000
80.89962 63.75618  0.00000
80.89962 63.75618  0.00000
80.89962 63.75618  0.00000
 1.22004  0.35099  0.00000
 1.22004  0.35099  0.00004
 1.22004  0.35099  0.00049
 1.22004  0.35099  0.00033
 1.22004  0.35099  0.00001
 1.96681  0.31178  0.00000
 1.96681  0.31178  0.00004
 1.96681  0.31178  0.00045
 1.96681  0.31178  0.00031
 1.96681  0.31178  0.00001
 5.06045  0.24315  0.00000
 5.06045  0.24315  0.00003
 5.06045  0.24315  0.00033
 5.06045  0.24315  0.00023
 5.06045  0.24315  0.00001
********  0.08628  0.00000
********  0.08628  0.00000
********  0.08628  0.00000
********  0.08628  0.00000
********  0.08628  0.00000
 1.82778  0.83139  0.00000
 1.82778  0.83139  0.00002
 1.82778  0.83139  0.00030
 1.82778  0.83139  0.00021
 1.82778  0.83139  0.00001
 4.96442  0.63531  0.00000
 4.96442  0.63531  0.00002
 4.96442  0.63531  0.00022
 4.96442  0.63531  0.00015
 4.96442  0.63531  0.00000
********  0.12550  0.00000
********  0.12550  0.00000
********  0.12550  0.00000
********  0.12550  0.00000
********  0.12550  0.00000
 1.68874  1.35331  0.00000
 1.68874  1.35331  0.00002
 1.68874  1.35331  0.00026
 1.68874  1.35331  0.00017
 1.68874  1.35331  0.00000
 4.86838  1.04563  0.00000
 4.86838  1.04563  0.00002
 4.86838  1.04563  0.00019
 4.86838  1.04563  0.00013
 4.77235  1.07361  0.00000
********  0.17856  0.00000
********  0.17856  0.00000
********  0.17856  0.00000
********  0.17856  0.00000
********  0.17856  0.00000
 4.29218  3.19646  0.00000
 4.19615  3.13850  0.00001
 4.19615  3.13850  0.00013
 4.29218  3.19646  0.00009
 4.24416  3.19646  0.00000
********  0.47239  0.00000
********  0.47239  0.00000
********  0.47239  0.00000
********  0.47239  0.00000
********  0.47239  0.00000
80.90740 63.76397  0.00000
80.90740 63.76397  0.00000
80.90740 63.76397  0.00000
80.90740 63.76397  0.00000
80.90740 63.76397  0.00000
 1.19637  0.35981  0.00000
 1.19637  0.35981  0.00028
 1.19637  0.35981  0.00211
 1.19637  0.35981  0.00123
 1.19637  0.35981  0.00003
 1.95246  0.32059  0.00000
 1.95246  0.32059  0.00026
 1.95246  0.32059  0.00194
 1.95246  0.32059  0.00112
 1.95246  0.32059  0.00002
 5.06927  0.25196  0.00000
 5.06927  0.25196  0.00019
 5.06927  0.25196  0.00142
 5.06927  0.25196  0.00082
 5.02125  0.25196  0.00002
********  0.09510  0.00000
********  0.09510  0.00000
********  0.09510  0.00002
********  0.09510  0.00001
********  0.09510  0.00000
 1.81342  0.82060  0.00000
 1.81342  0.82060  0.00018
 1.81342  0.82060  0.00131
 1.81342  0.82060  0.00076
 1.81342  0.82060  0.00002
 4.97323  0.64412  0.00000
 4.97323  0.64412  0.00013
 4.97323  0.64412  0.00096
 4.97323  0.64412  0.00055
 4.97323  0.64412  0.00001
********  0.13431  0.00000
********  0.13431  0.00000
********  0.13431  0.00001
********  0.13431  0.00001
********  0.13431  0.00000
 1.67439  1.36212  0.00000
 1.67439  1.36212  0.00017
 1.67439  1.36212  0.00121
 1.67439  1.36212  0.00070
 1.67439  1.36212  0.00001
 4.92522  1.08242  0.00000
 4.78117  1.08242  0.00012
 4.78117  1.08242  0.00088
 4.78117  1.08242  0.00051
 4.78117  1.05445  0.00001
********  0.18737  0.00000
********  0.18737  0.00000
********  0.18737  0.00001
********  0.18737  0.00001
********  0.18737  0.00000
 4.25298  3.20528  0.00000
 4.25298  3.20528  0.00009
 4.30100  3.20528  0.00064
 4.30100  3.20528  0.00037
 4.25298  3.20528  0.00001
********  0.48120  0.00000
********  0.48120  0.00000
********  0.48120  0.00001
********  0.48120  0.00000
********  0.48120  0.00000
80.91622 63.77278  0.00000
80.91622 63.77278  0.00000
80.91622 63.77278  0.00000
80.91622 63.77278  0.00000
80.91622 63.77278  0.00000
 1.18516  0.37129  0.00000
 1.18516  0.37129  0.00003
 1.18516  0.37129  0.00050
 1.18516  0.37129  0.00051
 1.18516  0.37129  0.00002
 1.90422  0.34187  0.00000
 1.90422  0.34187  0.00002
 1.90422  0.34187  0.00047
 1.90422  0.34187  0.00047
 1.90422  0.34187  0.00002
 5.09055  0.28305  0.00000
 5.09055  0.28305  0.00002
 5.09055  0.28305  0.00034
 5.09055  0.28305  0.00035
 5.09055  0.27324  0.00001
********  0.11638  0.00000
********  0.11638  0.00000
********  0.11638  0.00000
********  0.11638  0.00000
********  0.11638  0.00000
 1.81153  0.84188  0.00000
 1.81153  0.84188  0.00002
 1.81153  0.84188  0.00032
 1.81153  0.84188  0.00032
 1.81153  0.84188  0.00001
 4.99452  0.64580  0.00000
 4.99452  0.64580  0.00001
 4.99452  0.64580  0.00023
 4.94650  0.66541  0.00023
 4.89848  0.66541  0.00001
********  0.15560  0.00000
********  0.15560  0.00000
********  0.15560  0.00000
********  0.15560  0.00000
********  0.15560  0.00000
 4.85047  1.10370  0.00000
 4.85047  1.10370  0.00001
 4.85047  1.10370  0.00021
 4.85047  1.10370  0.00021
 4.70641  1.07573  0.00001
********  0.20865  0.00000
********  0.20865  0.00000
********  0.20865  0.00000
********  0.20865  0.00000
********  0.20865  0.00000
 4.22624  3.22656  0.00000
 4.22624  3.22656  0.00001
 4.22624  3.22656  0.00015
 4.22624  3.22656  0.00015
 4.22624  3.16860  0.00001
********  0.50249  0.00000
********  0.50249  0.00000
********  0.50249  0.00000
********  0.50249  0.00000
********  0.50249  0.00000
80.93750 63.79406  0.00000
80.93750 63.79406  0.00000
80.93750 63.79406  0.00000
80.93750 63.79406  0.00000
80.93750 63.79406  0.00000
 1.16547  0.38408  0.00002
 1.16547  0.38408  0.00027
 1.16547  0.38408  0.00029
 1.16547  0.38408  0.00001
 1.94019  0.35467  0.00001
 1.94019  0.35467  0.00023
 1.94019  0.35467  0.00025
 1.94019  0.35467  0.00001
 5.00731  0.29584  0.00001
 5.00731  0.29584  0.00015
 5.00731  0.29584  0.00017
 5.00731  0.28604  0.00001
********  0.12918  0.00000
********  0.12918  0.00000
********  0.12918  0.00000
********  0.12918  0.00000
 1.80116  0.83507  0.00001
 1.80116  0.83507  0.00015
 1.80116  0.83507  0.00016
 1.80116  0.83507  0.00001
 4.91128  0.65859  0.00001
 4.91128  0.65859  0.00010
 4.91128  0.65859  0.00011
 4.91128  0.65859  0.00001
********  0.18800  0.00000
********  0.18800  0.00000
********  0.18800  0.00000
********  0.18800  0.00000
 4.81524  1.11650  0.00001
 4.81524  1.11650  0.00009
 4.81524  1.11650  0.00010
 4.81524  1.11650  0.00000
********  0.24942  0.00000
********  0.24942  0.00000
********  0.24942  0.00000
********  0.24942  0.00000
 4.23904  3.18140  0.00000
 4.23904  3.18140  0.00007
 4.23904  3.18140  0.00007
 4.19102  3.18140  0.00000
********  0.51528  0.00000
********  0.51528  0.00000
********  0.51528  0.00000
********  0.51528  0.00000
82.07308 63.80686  0.00000
82.07308 63.80686  0.00000
82.07308 63.80686  0.00000
82.07308 63.80686  0.00000
 1.16371  0.38876  0.00000
 1.16371  0.38876  0.00004
 1.16371  0.38876  0.00075
 1.16371  0.38876  0.00066
 1.16371  0.38876  0.00003
 1.95468  0.36915  0.00000
 1.95468  0.36915  0.00003
 1.93150  0.36915  0.00069
 1.93150  0.36915  0.00061
 1.93150  0.36915  0.00003
 5.11783  0.30053  0.00000
 5.02180  0.30053  0.00002
 5.02180  0.30053  0.00051
 5.02180  0.30053  0.00045
 5.02180  0.30053  0.00002
********  0.14366  0.00000
********  0.14366  0.00000
********  0.14366  0.00001
********  0.14366  0.00001
********  0.14366  0.00000
 1.81564  0.84955  0.00000
 1.79247  0.84955  0.00002
 1.79247  0.84955  0.00048
 1.79247  0.84955  0.00042
 1.76930  0.84955  0.00002
 5.02180  0.69269  0.00000
 5.02180  0.69269  0.00002
 4.92576  0.67308  0.00035
 4.92576  0.67308  0.00031
 4.82973  0.67308  0.00001
********  0.20249  0.00000
********  0.20249  0.00000
********  0.20249  0.00000
********  0.20249  0.00000
********  0.20249  0.00000
 4.78171  1.13098  0.00000
 4.78171  1.13098  0.00002
 4.78171  1.13098  0.00031
 4.78171  1.13098  0.00028
 4.78171  1.10301  0.00001
********  0.23594  0.00000
********  0.23594  0.00000
********  0.23594  0.00000
********  0.23594  0.00000
********  0.23594  0.00000
 4.25353  3.19588  0.00000
 4.25353  3.19588  0.00001
 4.25353  3.19588  0.00022
 4.20551  3.19588  0.00020
 4.15749  3.19588  0.00001
********  0.52977  0.00000
********  0.52977  0.00000
********  0.52977  0.00000
********  0.52977  0.00000
********  0.52977  0.00000
82.08757 63.82135  0.00000
82.08757 63.82135  0.00000
82.08757 63.82135  0.00000
82.08757 63.82135  0.00000
82.08757 63.82135  0.00000
 1.19636  0.40517  0.00001
 1.19636  0.40517  0.00056
 1.19636  0.40517  0.00090
 1.19636  0.40517  0.00005
 1.92473  0.37575  0.00001
 1.92473  0.37575  0.00052
 1.92473  0.37575  0.00083
 1.92473  0.37575  0.00005
 5.03820  0.31693  0.00001
 5.03820  0.31693  0.00038
 5.03820  0.31693  0.00060
 5.03820  0.31693  0.00003
********  0.16006  0.00000
********  0.16006  0.00001
********  0.16006  0.00001
********  0.16006  0.00000
 1.78570  0.86595  0.00001
 1.78570  0.86595  0.00035
 1.78570  0.86595  0.00056
 1.78570  0.86595  0.00003
 4.94217  0.70909  0.00001
 4.94217  0.70909  0.00026
 4.94217  0.70909  0.00041
 4.84613  0.68948  0.00002
********  0.21889  0.00000
********  0.21889  0.00000
********  0.21889  0.00001
********  0.21889  0.00000
 4.75010  1.11942  0.00001
 4.75010  1.11942  0.00023
 4.75010  1.11942  0.00036
 4.70208  1.11942  0.00002
********  0.28031  0.00000
********  0.28031  0.00000
********  0.28031  0.00000
********  0.28031  0.00000
 4.26993  3.15433  0.00000
 4.26993  3.15433  0.00016
 4.26993  3.15433  0.00025
 4.26993  3.15433  0.00001
********  0.54617  0.00000
********  0.54617  0.00000
********  0.54617  0.00000
********  0.54617  0.00000
82.10397 63.83775  0.00000
82.10397 63.83775  0.00000
82.10397 63.83775  0.00000
82.10397 63.83775  0.00000
 1.19868  0.42374  0.00001
 1.19868  0.42374  0.00033
 1.19868  0.42374  0.00042
 1.19868  0.42374  0.00003
 1.92013  0.39432  0.00001
 1.92013  0.39432  0.00030
 1.92013  0.39432  0.00038
 1.92013  0.39432  0.00002
 5.10479  0.33550  0.00000
 5.05677  0.32570  0.00022
 5.05677  0.32570  0.00028
 4.96074  0.33550  0.00002
********  0.17864  0.00000
********  0.17864  0.00000
********  0.17864  0.00000
********  0.17864  0.00000
 1.75793  0.86492  0.00000
 1.75793  0.86492  0.00021
 1.75793  0.86492  0.00026
 1.75793  0.86492  0.00002
 4.91272  0.70805  0.00000
 4.91272  0.70805  0.00015
 4.91272  0.70805  0.00019
 4.86470  0.70805  0.00001
********  0.23746  0.00000
********  0.23746  0.00000
********  0.23746  0.00000
********  0.23746  0.00000
 4.72065  1.13799  0.00000
 4.72065  1.13799  0.00014
 4.72065  1.13799  0.00017
 4.67264  1.13799  0.00001
********  0.29888  0.00000
********  0.29888  0.00000
********  0.29888  0.00000
********  0.29888  0.00000
 4.14445  3.17290  0.00000
 4.14445  3.17290  0.00010
 4.14445  3.17290  0.00012
 4.09643  3.17290  0.00001
********  0.56474  0.00000
********  0.56474  0.00000
********  0.56474  0.00000
********  0.56474  0.00000
80.99976 63.85632  0.00000
80.99976 63.85632  0.00000
80.99976 63.85632  0.00000
80.99976 63.85632  0.00000
 1.91799  0.41535  0.00001
 1.91799  0.41535  0.00028
 1.89481  0.40555  0.00048
 1.89481  0.40555  0.00004
 5.02978  0.35653  0.00001
 5.02978  0.35653  0.00020
 5.02978  0.35653  0.00034
 4.88573  0.34672  0.00003
********  0.19966  0.00000
********  0.19966  0.00000
********  0.19966  0.00000
********  0.19966  0.00000
 1.77895  0.88594  0.00001
 1.77895  0.88594  0.00019
 1.77895  0.88594  0.00032
 1.77895  0.88594  0.00003
 4.83771  0.72908  0.00001
 4.83771  0.72908  0.00013
 4.83771  0.72908  0.00023
 4.83771  0.72908  0.00002
********  0.25849  0.00000
********  0.25849  0.00000
********  0.25849  0.00000
********  0.25849  0.00000
 4.78970  1.15901  0.00001
 4.78970  1.15901  0.00012
 4.64564  1.15901  0.00021
 4.64564  1.13104  0.00002
********  0.31991  0.00000
********  0.31991  0.00000
********  0.31991  0.00000
********  0.31991  0.00000
 4.11746  3.13597  0.00000
 4.11746  3.13597  0.00009
 4.11746  3.13597  0.00015
 4.11746  3.13597  0.00001
********  0.58577  0.00000
********  0.58577  0.00000
********  0.58577  0.00000
********  0.58577  0.00000
81.02078 63.87735  0.00000
81.02078 63.87735  0.00000
81.02078 63.87735  0.00000
81.02078 63.87735  0.00000
 1.87228  0.42935  0.00020
 1.87228  0.42935  0.00200
 1.87228  0.42935  0.00196
 1.87228  0.42935  0.00018
 5.00557  0.38033  0.00014
 5.00557  0.38033  0.00142
 4.95755  0.38033  0.00138
 4.95755  0.38033  0.00012
********  0.22347  0.00000
********  0.22347  0.00002
********  0.22347  0.00002
********  0.22347  0.00000
 1.77959  0.89014  0.00013
 1.77959  0.89014  0.00126
 1.77959  0.89014  0.00125
 1.77959  0.89014  0.00011
 4.81350  0.75289  0.00009
 4.81350  0.75289  0.00089
 4.81350  0.75289  0.00089
 4.76549  0.73328  0.00008
********  0.28229  0.00000
********  0.28229  0.00001
********  0.28229  0.00001
********  0.28229  0.00000
 4.90954  1.15485  0.00008
 4.90954  1.15485  0.00077
 4.90954  1.15485  0.00078
 4.71747  1.18282  0.00007
********  0.34371  0.00000
********  0.34371  0.00001
********  0.34371  0.00001
********  0.34371  0.00000
 4.42937  3.33365  0.00006
 4.42937  3.33365  0.00056
 4.14126  3.15977  0.00056
 4.14126  3.10181  0.00005
********  0.60957  0.00000
********  0.60957  0.00001
********  0.60957  0.00001
********  0.60957  0.00000
81.04459 63.90115  0.00000
81.04459 63.90115  0.00000
81.04459 63.90115  0.00000
81.04459 63.90115  0.00000
 1.87606  0.45631  0.00002
 1.87606  0.45631  0.00062
 1.87606  0.45631  0.00153
 1.87606  0.45631  0.00024
 4.88847  0.40729  0.00001
 4.88847  0.40729  0.00044
 4.88847  0.39748  0.00108
 4.88847  0.39748  0.00017
********  0.25042  0.00000
********  0.25042  0.00001
********  0.25042  0.00002
********  0.25042  0.00000
 4.84046  0.77984  0.00001
 4.84046  0.77984  0.00028
 4.84046  0.77984  0.00070
 4.69641  0.76023  0.00011
********  0.30925  0.00000
********  0.30925  0.00000
********  0.30925  0.00001
********  0.30925  0.00000
 4.69641  1.18181  0.00001
 4.69641  1.18181  0.00024
 4.69641  1.18181  0.00062
 4.64839  1.18181  0.00010
********  0.37067  0.00000
********  0.37067  0.00000
********  0.37067  0.00001
********  0.37067  0.00000
 4.36029  3.30265  0.00000
 4.36029  3.30265  0.00018
 4.36029  3.30265  0.00044
 4.31227  3.30265  0.00007
********  0.63653  0.00000
********  0.63653  0.00000
********  0.63653  0.00001
********  0.63653  0.00000
81.07154 63.92811  0.00000
81.07154 63.92811  0.00000
81.07154 63.92811  0.00000
81.07154 63.92811  0.00000
 5.00156  0.46255  0.00000
 5.00156  0.46255  0.00008
 5.00156  0.46255  0.00054
 5.00156  0.46255  0.00010
********  0.31549  0.00000
********  0.31549  0.00000
********  0.31549  0.00001
********  0.31549  0.00000
 4.80949  0.82530  0.00000
 4.80949  0.82530  0.00005
 4.80949  0.82530  0.00036
 4.80949  0.80570  0.00007
********  0.37432  0.00000
********  0.37432  0.00000
********  0.37432  0.00000
********  0.37432  0.00000
 4.61743  1.21891  0.00000
 4.61743  1.21891  0.00005
 4.61743  1.21891  0.00032
 4.66544  1.24688  0.00006
********  0.40777  0.00000
********  0.40777  0.00000
********  0.40777  0.00000
********  0.40777  0.00000
 4.23329  3.30976  0.00000
 4.23329  3.30976  0.00004
 4.23329  3.30976  0.00023
 4.18527  3.30976  0.00004
********  0.70160  0.00000
********  0.70160  0.00000
********  0.70160  0.00000
********  0.70160  0.00000
81.13662 63.99318  0.00000
81.13662 63.99318  0.00000
81.13662 63.99318  0.00000
81.13662 63.99318  0.00000
 4.84862  0.50168  0.00000
 4.84862  0.50168  0.00059
 4.94465  0.50168  0.00160
 4.84862  0.50168  0.00025
********  0.35462  0.00000
********  0.35462  0.00001
********  0.35462  0.00002
********  0.35462  0.00000
 4.75258  0.84482  0.00000
 4.75258  0.84482  0.00039
 4.75258  0.84482  0.00106
 4.65655  0.84482  0.00016
********  0.41344  0.00000
********  0.41344  0.00001
********  0.41344  0.00002
********  0.41344  0.00000
 4.60853  1.28600  0.00000
 4.60853  1.28600  0.00034
 4.60853  1.28600  0.00093
 4.60853  1.25803  0.00014
********  0.47486  0.00000
********  0.47486  0.00000
********  0.47486  0.00001
********  0.47486  0.00000
 4.17638  3.29092  0.00000
 4.17638  3.29092  0.00024
 4.17638  3.29092  0.00066
 4.12836  3.29092  0.00010
********  0.74072  0.00000
********  0.74072  0.00000
********  0.74072  0.00001
********  0.74072  0.00000
81.17574 64.03230  0.00000
81.17574 64.03230  0.00000
81.17574 64.03230  0.00000
81.17574 64.03230  0.00000
 4.79688  0.53617  0.00000
 4.79688  0.53617  0.00021
 4.79688  0.53617  0.00097
 4.84489  0.54597  0.00024
********  0.39891  0.00000
********  0.39891  0.00000
********  0.39891  0.00001
********  0.39891  0.00000
 4.70084  0.88911  0.00000
 4.70084  0.88911  0.00014
 4.70084  0.90872  0.00066
 4.70084  0.88911  0.00016
********  0.45774  0.00000
********  0.45774  0.00000
********  0.45774  0.00001
********  0.45774  0.00000
 4.70084  1.27435  0.00000
 4.70084  1.27435  0.00013
 4.70084  1.27435  0.00059
 4.70084  1.27435  0.00015
********  0.49118  0.00000
********  0.49118  0.00000
********  0.49118  0.00001
********  0.49118  0.00000
 4.12464  3.27726  0.00000
 4.12464  3.27726  0.00010
 4.12464  3.27726  0.00043
 4.07662  3.27726  0.00010
********  0.78502  0.00000
********  0.78502  0.00000
********  0.78502  0.00001
********  0.78502  0.00000
81.22003 64.07659  0.00000
81.22003 64.07659  0.00000
81.22003 64.07659  0.00000
81.22003 64.07659  0.00000
 4.94306  0.58632  0.00000
 4.75099  0.58632  0.00008
 4.75099  0.59612  0.00084
 4.70298  0.58632  0.00042
********  0.44906  0.00000
********  0.44906  0.00000
********  0.44906  0.00001
********  0.44906  0.00001
 4.75099  0.91965  0.00000
 4.75099  0.91965  0.00005
 4.75099  0.91965  0.00055
 4.75099  0.91965  0.00027
********  0.50789  0.00000
********  0.50789  0.00000
********  0.50789  0.00001
********  0.50789  0.00000
 4.55892  1.29653  0.00000
 4.55892  1.29653  0.00004
 4.55892  1.29653  0.00048
 4.55892  1.29653  0.00024
********  0.54133  0.00000
********  0.54133  0.00000
********  0.54133  0.00001
********  0.54133  0.00000
 4.03074  3.26945  0.00000
 4.03074  3.26945  0.00003
 4.03074  3.26945  0.00035
 4.03074  3.21149  0.00017
********  0.83517  0.00000
********  0.83517  0.00000
********  0.83517  0.00000
********  0.83517  0.00000
80.14739 64.12674  0.00000
80.14739 64.12674  0.00000
80.14739 64.12674  0.00000
80.14739 64.12674  0.00000
 4.80777  0.64310  0.00000
 4.80777  0.64310  0.00002
 4.80777  0.64310  0.00041
 4.80777  0.63330  0.00038
********  0.50584  0.00000
********  0.50584  0.00000
********  0.50584  0.00001
********  0.50584  0.00001
 4.85579  1.01565  0.00000
 4.90381  1.01565  0.00001
 4.85579  1.01565  0.00028
 4.61571  0.95683  0.00025
********  0.54506  0.00000
********  0.54506  0.00000
********  0.54506  0.00000
********  0.54506  0.00000
 4.71174  1.40926  0.00000
 4.71174  1.40926  0.00001
 4.71174  1.40926  0.00025
 4.66372  1.40926  0.00022
********  0.59812  0.00000
********  0.59812  0.00000
********  0.59812  0.00000
********  0.59812  0.00000
 4.03950  3.38419  0.00000
 4.03950  3.38419  0.00001
 4.03950  3.38419  0.00018
 4.03950  3.26827  0.00016
********  0.89195  0.00000
********  0.89195  0.00000
********  0.89195  0.00000
********  0.89195  0.00000
80.20418 64.18353  0.00000
80.20418 64.18353  0.00000
80.20418 64.18353  0.00000
80.20418 64.18353  0.00000
 4.87206  0.71719  0.00000
 4.87206  0.71719  0.00005
 4.87206  0.71719  0.00054
 4.87206  0.70739  0.00059
********  0.57013  0.00000
********  0.57013  0.00000
********  0.57013  0.00001
********  0.57013  0.00001
 4.72801  1.06033  0.00000
 4.72801  1.06033  0.00003
 4.72801  1.06033  0.00035
 4.68000  1.06033  0.00038
********  0.62896  0.00000
********  0.62896  0.00000
********  0.62896  0.00000
********  0.62896  0.00001
 4.58396  1.44557  0.00000
 4.58396  1.44557  0.00003
 4.58396  1.44557  0.00030
 4.53594  1.44557  0.00033
********  0.66241  0.00000
********  0.66241  0.00000
********  0.66241  0.00000
********  0.66241  0.00000
 4.00776  3.33256  0.00000
 4.00776  3.33256  0.00002
 4.00776  3.33256  0.00022
 3.91172  3.33256  0.00024
********  0.95624  0.00000
********  0.95624  0.00000
********  0.95624  0.00000
********  0.95624  0.00000
80.26847 64.24782  0.00000
80.26847 64.24782  0.00000
80.26847 64.24782  0.00000
80.26847 64.24782  0.00000
 4.70477  0.78018  0.00000
 4.70477  0.78018  0.00000
 4.70477  0.78018  0.00020
 4.70477  0.78018  0.00061
********  0.64292  0.00000
********  0.64292  0.00000
********  0.64292  0.00000
********  0.64292  0.00001
 4.56072  1.11352  0.00000
 4.56072  1.11352  0.00000
 4.56072  1.11352  0.00013
 4.56072  1.11352  0.00040
********  0.68214  0.00000
********  0.68214  0.00000
********  0.68214  0.00000
********  0.68214  0.00001
 4.41667  1.49039  0.00000
 4.41667  1.49039  0.00000
 4.41667  1.49039  0.00012
 4.36865  1.49039  0.00036
********  0.73520  0.00000
********  0.73520  0.00000
********  0.73520  0.00000
********  0.73520  0.00001
 4.17658  3.40535  0.00000
 3.98451  3.28943  0.00000
 3.98451  3.28943  0.00009
 3.93649  3.28943  0.00026
********  1.02903  0.00000
********  1.02903  0.00000
********  1.02903  0.00000
********  1.02903  0.00000
80.34126 64.32061  0.00000
80.34126 64.32061  0.00000
80.34126 64.32061  0.00000
80.34126 64.32061  0.00000
 4.44834  0.94610  0.00000
 4.44834  0.94610  0.00000
 4.44834  0.94610  0.00002
 4.44834  0.94610  0.00029
********  0.81865  0.00000
********  0.81865  0.00000
********  0.81865  0.00000
********  0.81865  0.00000
 4.35231  1.26963  0.00000
 4.35231  1.26963  0.00000
 4.35231  1.26963  0.00001
 4.35231  1.26963  0.00019
********  0.85786  0.00000
********  0.85786  0.00000
********  0.85786  0.00000
********  0.85786  0.00000
 4.30429  1.63815  0.00000
 4.30429  1.63815  0.00000
 4.30429  1.63815  0.00001
 4.30429  1.63815  0.00017
********  0.91092  0.00000
********  0.91092  0.00000
********  0.91092  0.00000
********  0.91092  0.00000
********  1.20475  0.00000
********  1.20475  0.00000
********  1.20475  0.00000
********  1.20475  0.00000
80.51698 64.49633  0.00000
80.51698 64.49633  0.00000
80.51698 64.49633  0.00000
80.51698 64.49633  0.00000
 4.40994  1.04194  0.00000
 4.40994  1.04194  0.00000
 4.40994  1.04194  0.00000
 4.40994  1.04194  0.00004
********  0.92430  0.00000
********  0.92430  0.00000
********  0.92430  0.00000
********  0.92430  0.00000
 4.45795  1.35567  0.00000
 4.45795  1.35567  0.00000
 4.45795  1.35567  0.00000
 4.45795  1.35567  0.00003
********  0.96351  0.00000
********  0.96351  0.00000
********  0.96351  0.00000
********  0.96351  0.00000
 4.26588  1.71583  0.00000
 4.26588  1.71583  0.00000
 4.26588  1.71583  0.00000
 4.26588  1.71583  0.00002
********  1.01657  0.00000
********  1.01657  0.00000
********  1.01657  0.00000
********  1.01657  0.00000
********  1.31040  0.00000
********  1.31040  0.00000
********  1.31040  0.00000
********  1.31040  0.00000
80.62263 63.24672  0.00000
80.62263 63.24672  0.00000
80.62263 63.24672  0.00000
80.62263 63.24672  0.00000
 4.38550  1.16156  0.00000
 4.38550  1.16156  0.00000
 4.38550  1.16156  0.00000
 4.38550  1.16156  0.00000
********  1.04391  0.00000
********  1.04391  0.00000
********  1.04391  0.00000
********  1.04391  0.00000
 4.33748  1.45568  0.00000
 4.33748  1.45568  0.00000
 4.33748  1.45568  0.00000
 4.19343  1.45568  0.00000
********  1.10274  0.00000
********  1.10274  0.00000
********  1.10274  0.00000
********  1.10274  0.00000
********  1.13619  0.00000
********  1.13619  0.00000
********  1.13619  0.00000
********  1.13619  0.00000
********  1.43002  0.00000
********  1.43002  0.00000
********  1.43002  0.00000
********  1.43002  0.00000
79.61946 63.36633  0.00000
79.61946 63.36633  0.00000
79.61946 63.36633  0.00000
79.61946 63.36633  0.00000
********  1.17934  0.00000
********  1.17934  0.00000
********  1.17934  0.00000
********  1.21856  0.00000
********  1.21856  0.00000
********  1.21856  0.00000
********  1.27162  0.00000
********  1.27162  0.00000
********  1.27162  0.00000
********  1.56545  0.00000
********  1.56545  0.00000
********  1.56545  0.00000
79.75489 63.50177  0.00000
79.75489 63.50177  0.00000
79.75489 63.50177  0.00000
********  1.33268  0.00000
********  1.33268  0.00000
********  1.33268  0.00000
********  1.37190  0.00000
********  1.37190  0.00000
********  1.37190  0.00000
********  1.42496  0.00000
********  1.42496  0.00000
********  1.42496  0.00000
********  1.71879  0.00000
********  1.71879  0.00000
********  1.71879  0.00000
78.78544 63.65511  0.00000
78.78544 63.65511  0.00000
78.78544 63.65511  0.00000
********  1.50630  0.00000
********  1.50630  0.00000
********  1.54551  0.00000
********  1.54551  0.00000
********  1.59857  0.00000
********  1.59857  0.00000
********  1.89240  0.00000
********  1.89240  0.00000
78.95905 63.82872  0.00000
78.95905 63.82872  0.00000
********  1.70287  0.00000
********  1.70287  0.00000
********  1.74208  0.00000
********  1.74208  0.00000
********  1.79514  0.00000
********  1.79514  0.00000
********  2.08897  0.00000
********  2.08897  0.00000
79.15562 64.02529  0.00000
79.15562 64.02529  0.00000
********  1.92542  0.00000
********  1.92542  0.00000
********  1.92542  0.00000
********  1.92542  0.00000
********  1.96464  0.00000
********  1.96464  0.00000
********  1.96464  0.00000
********  1.96464  0.00000
********  2.01770  0.00000
********  2.01770  0.00000
********  2.01770  0.00000
********  2.01770  0.00000
********  2.31153  0.00000
********  2.31153  0.00000
********  2.31153  0.00000
********  2.31153  0.00000
79.37818 62.89258  0.00000
79.37818 62.89258  0.00000
79.37818 62.89258  0.00000
79.37818 62.89258  0.00000
********  2.17741  0.00000
********  2.17741  0.00000
********  2.17741  0.00000
********  2.21663  0.00000
********  2.21663  0.00000
********  2.21663  0.00000
********  2.26968  0.00000
********  2.26968  0.00000
********  2.26968  0.00000
********  2.56352  0.00000
********  2.56352  0.00000
********  2.56352  0.00000
78.50738 63.14457  0.00000
78.50738 63.14457  0.00000
78.50738 63.14457  0.00000
********  2.46271  0.00000
********  2.46271  0.00000
********  2.46271  0.00000
********  2.46271  0.00000
********  2.50193  0.00000
********  2.50193  0.00000
********  2.50193  0.00000
********  2.50193  0.00000
********  2.55498  0.00000
********  2.55498  0.00000
********  2.55498  0.00000
********  2.55498  0.00000
********  2.84882  0.00000
********  2.84882  0.00000
********  2.84882  0.00000
********  2.84882  0.00000
77.66989 63.42987  0.00000
77.66989 63.42987  0.00000
77.66989 63.42987  0.00000
77.66989 63.42987  0.00000
********  2.78574  0.00000
********  2.78574  0.00000
********  2.78574  0.00000
********  2.78574  0.00000
********  2.82495  0.00000
********  2.82495  0.00000
********  2.82495  0.00000
********  2.82495  0.00000
********  2.87801  0.00000
********  2.87801  0.00000
********  2.87801  0.00000
********  2.87801  0.00000
********  3.17184  0.00000
********  3.17184  0.00000
********  3.17184  0.00000
********  3.17184  0.00000
76.87013 62.39764  0.00000
76.87013 62.39764  0.00000
76.87013 62.39764  0.00000
76.87013 62.39764  0.00000
********  3.15147  0.00000
********  3.15147  0.00000
********  3.19069  0.00000
********  3.19069  0.00000
********  3.24374  0.00000
********  3.24374  0.00000
********  3.53758  0.00000
********  3.53758  0.00000
********  3.56556  0.00000
********  3.56556  0.00000
********  3.60478  0.00000
********  3.60478  0.00000
********  3.65783  0.00000
********  3.65783  0.00000
********  3.95167  0.00000
********  3.95167  0.00000
********  4.03440  0.00000
********  4.03440  0.00044
********  4.07362  0.00000
********  4.07362  0.00029
********  4.12668  0.00000
********  4.12668  0.00026
********  4.42051  0.00000
********  4.42051  0.00019
********  4.56523  0.00000
********  4.56523  0.00003
********  4.60445  0.00000
********  4.60445  0.00002
 5.74605  5.04909  0.00001
 5.74605  5.04909  0.00000
********  4.65751  0.00000
********  4.65751  0.00002
********  4.95134  0.00000
********  4.95134  0.00001
********  5.16625  0.00000
********  5.20547  0.00000
********  5.25853  0.00000
********  5.55236  0.00000
********  5.84674  0.00040
********  5.88595  0.00026
********  5.93901  0.00023
********  6.17488  0.00017
********  6.61720  0.00034
********  6.65641  0.00023
********  6.70947  0.00020
********  6.94534  0.00014
 0.52750  0.43623  0.00005
 0.52750  0.43623  0.00746
 0.52750  0.43623  0.01787
 0.52750  0.43623  0.00440
 0.52750  0.43623  0.00009
 1.29846  0.31726  0.00003
 1.29846  0.31726  0.00506
 1.29846  0.31726  0.01218
 1.29846  0.31726  0.00300
 1.29846  0.31726  0.00006
 2.01429  0.26769  0.00003
 2.06059  0.26769  0.00440
 2.06059  0.26769  0.01069
 2.03744  0.26769  0.00263
 2.01429  0.26769  0.00006
 5.37335  0.19829  0.00002
 5.37335  0.19829  0.00304
 5.37335  0.19829  0.00742
 5.27739  0.18837  0.00182
 5.22942  0.18837  0.00004
********  0.01983  0.00000
********  0.01983  0.00004
********  0.01983  0.00011
********  0.01983  0.00003
********  0.01983  0.00000
 1.08746  0.89230  0.00002
 1.08746  0.89230  0.00343
 1.08746  0.89230  0.00826
 1.08746  0.89230  0.00203
 1.08746  0.89230  0.00004
 1.85222  0.79315  0.00002
 1.82907  0.79315  0.00298
 1.82907  0.79315  0.00725
 1.82907  0.79315  0.00178
 1.82907  0.79315  0.00004
 5.22942  0.59486  0.00001
 5.22942  0.59486  0.00206
 5.22942  0.59486  0.00503
 5.22942  0.59486  0.00124
 5.03751  0.59486  0.00003
********  0.07932  0.00000
********  0.07932  0.00003
********  0.07932  0.00007
********  0.07932  0.00002
********  0.07932  0.00000
 1.73646  1.38598  0.00002
 1.73646  1.38598  0.00264
 1.73646  1.38598  0.00645
 1.71330  1.35769  0.00157
 1.71330  1.35769  0.00003
 5.08549  1.04655  0.00001
 5.08549  1.04655  0.00182
 5.13347  1.07484  0.00448
 4.98954  1.04655  0.00109
 4.98954  1.04655  0.00002
********  0.14143  0.00000
********  0.14143  0.00003
********  0.14143  0.00006
********  0.14143  0.00002
********  0.14143  0.00000
 4.41382  3.28225  0.00001
 4.41382  3.28225  0.00128
 4.41382  3.28225  0.00316
 4.41382  3.28225  0.00077
 4.31787  3.16503  0.00002
********  0.46889  0.00000
********  0.46889  0.00002
********  0.46889  0.00005
********  0.46889  0.00001
********  0.46889  0.00000
80.77206 65.78502  0.00000
80.77206 65.78502  0.00000
80.77206 65.78502  0.00000
80.77206 65.78502  0.00000
80.77206 65.78502  0.00000
 0.52782  0.43655  0.00000
 0.52782  0.43655  0.00005
 0.52782  0.43655  0.00029
 1.29878  0.31758  0.00000
 1.29878  0.31758  0.00004
 1.29878  0.31758  0.00019
 2.01461  0.26801  0.00000
 2.06091  0.26801  0.00003
 2.06091  0.26801  0.00016
 5.37367  0.19861  0.00000
 5.37367  0.19861  0.00002
 5.37367  0.19861  0.00011
********  0.02015  0.00000
********  0.02015  0.00000
********  0.02015  0.00000
 1.08778  0.89262  0.00000
 1.08778  0.89262  0.00002
 1.08778  0.89262  0.00013
 1.85254  0.79347  0.00000
 1.82939  0.79347  0.00002
 1.82939  0.79347  0.00011
 5.22974  0.59518  0.00000
 5.22974  0.59518  0.00001
 5.22974  0.59518  0.00007
********  0.07964  0.00000
********  0.07964  0.00000
********  0.07964  0.00000
 1.73678  1.38630  0.00000
 1.71362  1.38630  0.00002
 1.71362  1.38630  0.00010
 4.98986  1.04687  0.00000
 4.98986  1.04687  0.00001
 4.98986  1.04687  0.00007
********  0.14175  0.00000
********  0.14175  0.00000
********  0.14175  0.00000
 4.41414  3.28257  0.00000
 4.41414  3.28257  0.00001
 4.41414  3.28257  0.00005
********  0.46921  0.00000
********  0.46921  0.00000
********  0.46921  0.00000
80.77238 65.78534  0.00000
80.77238 65.78534  0.00000
80.77238 65.78534  0.00000
 0.52786  0.43660  0.00000
 0.52786  0.43660  0.00004
 0.52786  0.43660  0.00023
 0.52786  0.43660  0.00008
 0.52786  0.43660  0.00000
 1.29883  0.31762  0.00000
 1.29883  0.31762  0.00002
 1.29883  0.31762  0.00015
 1.29883  0.31762  0.00006
 1.29883  0.31762  0.00000
 2.01465  0.26805  0.00000
 2.06096  0.26805  0.00002
 2.06096  0.26805  0.00014
 2.03780  0.26805  0.00005
 2.01465  0.26805  0.00000
 5.37371  0.19865  0.00000
 5.37371  0.19865  0.00002
 5.37371  0.19865  0.00009
 5.27776  0.18874  0.00003
 5.22978  0.18874  0.00000
********  0.02019  0.00000
********  0.02019  0.00000
********  0.02019  0.00000
********  0.02019  0.00000
********  0.02019  0.00000
 1.08783  0.89266  0.00000
 1.08783  0.89266  0.00002
 1.08783  0.89266  0.00010
 1.08783  0.89266  0.00004
 1.07159  0.89266  0.00000
 1.85258  0.79351  0.00000
 1.82943  0.79351  0.00001
 1.82943  0.79351  0.00009
 1.82943  0.79351  0.00003
 1.82943  0.79351  0.00000
 5.22978  0.59523  0.00000
 5.22978  0.59523  0.00001
 5.22978  0.59523  0.00006
 5.22978  0.59523  0.00002
 5.03787  0.59523  0.00000
********  0.07968  0.00000
********  0.07968  0.00000
********  0.07968  0.00000
********  0.07968  0.00000
********  0.07968  0.00000
 1.71367  1.38634  0.00000
 1.71367  1.38634  0.00001
 1.71367  1.38634  0.00009
 1.71367  1.35805  0.00003
 1.71367  1.35805  0.00000
 4.98990  1.04692  0.00000
 4.98990  1.04692  0.00001
 4.98990  1.04692  0.00006
 4.98990  1.04692  0.00002
 4.98990  1.04692  0.00000
********  0.14179  0.00000
********  0.14179  0.00000
********  0.14179  0.00000
********  0.14179  0.00000
********  0.14179  0.00000
 4.41418  3.28261  0.00000
 4.41418  3.28261  0.00001
 4.41418  3.28261  0.00005
 4.41418  3.28261  0.00002
 4.31823  3.16539  0.00000
********  0.46926  0.00000
********  0.46926  0.00000
********  0.46926  0.00000
********  0.46926  0.00000
********  0.46926  0.00000
80.77242 65.78539  0.00000
80.77242 65.78539  0.00000
80.77242 65.78539  0.00000
80.77242 65.78539  0.00000
80.77242 65.78539  0.00000
 0.52848  0.43721  0.00000
 0.52848  0.43721  0.00005
 0.52848  0.43721  0.00022
 0.52848  0.43721  0.00008
 0.52848  0.43721  0.00000
 1.29944  0.31824  0.00000
 1.29944  0.31824  0.00003
 1.29944  0.31824  0.00015
 1.29944  0.31824  0.00005
 1.29944  0.31824  0.00000
 2.01527  0.26867  0.00000
 2.06157  0.26867  0.00003
 2.06157  0.26867  0.00013
 2.06157  0.26867  0.00005
 2.01527  0.26867  0.00000
 5.37432  0.19927  0.00000
 5.37432  0.19927  0.00002
 5.37432  0.19927  0.00009
 5.27837  0.18935  0.00003
 5.23040  0.18935  0.00000
********  0.02081  0.00000
********  0.02081  0.00000
********  0.02081  0.00000
********  0.02081  0.00000
********  0.02081  0.00000
 1.07221  0.89327  0.00000
 1.07221  0.89327  0.00002
 1.07221  0.89327  0.00010
 1.07221  0.89327  0.00004
 1.07221  0.89327  0.00000
 1.85320  0.79413  0.00000
 1.83005  0.79413  0.00002
 1.83005  0.79413  0.00009
 1.83005  0.79413  0.00003
 1.83005  0.79413  0.00000
 5.23040  0.59584  0.00000
 5.23040  0.59584  0.00001
 5.23040  0.59584  0.00006
 5.23040  0.59584  0.00002
 5.03849  0.59584  0.00000
********  0.08029  0.00000
********  0.08029  0.00000
********  0.08029  0.00000
********  0.08029  0.00000
********  0.08029  0.00000
 1.71428  1.38695  0.00000
 1.71428  1.38695  0.00002
 1.71428  1.38695  0.00008
 1.71428  1.35867  0.00003
 1.71428  1.35867  0.00000
 4.99051  1.04753  0.00000
 4.99051  1.04753  0.00001
 4.99051  1.04753  0.00006
 4.99051  1.04753  0.00002
 4.99051  1.04753  0.00000
********  0.14240  0.00000
********  0.14240  0.00000
********  0.14240  0.00000
********  0.14240  0.00000
********  0.14240  0.00000
 4.51075  3.28323  0.00000
 4.41480  3.28323  0.00001
 4.41480  3.28323  0.00004
 4.41480  3.28323  0.00002
 4.31885  3.16601  0.00000
********  0.46987  0.00000
********  0.46987  0.00000
********  0.46987  0.00000
********  0.46987  0.00000
********  0.46987  0.00000
80.77304 65.78600  0.00000
80.77304 65.78600  0.00000
80.77304 65.78600  0.00000
80.77304 65.78600  0.00000
80.77304 65.78600  0.00000
 0.52875  0.43749  0.00000
 0.52875  0.43749  0.00002
 1.29972  0.31851  0.00000
 1.29972  0.31851  0.00001
 2.06185  0.26894  0.00000
 2.06185  0.26894  0.00001
 5.37460  0.19954  0.00000
 5.37460  0.19954  0.00001
********  0.02108  0.00000
********  0.02108  0.00000
 1.07249  0.89355  0.00000
 1.07249  0.89355  0.00001
 1.83032  0.79441  0.00000
 1.83032  0.79441  0.00001
 5.23067  0.59612  0.00000
 5.23067  0.59612  0.00000
********  0.08057  0.00000
********  0.08057  0.00000
 1.71456  1.38723  0.00000
 1.71456  1.38723  0.00001
 4.99079  1.04781  0.00000
 4.99079  1.04781  0.00000
********  0.14268  0.00000
********  0.14268  0.00000
 4.41507  3.28351  0.00000
 4.41507  3.28351  0.00000
********  0.47015  0.00000
********  0.47015  0.00000
80.77331 65.78628  0.00000
80.77331 65.78628  0.00000
 0.52911  0.43784  0.00000
 0.52911  0.43784  0.00000
 0.52911  0.43784  0.00002
 0.52911  0.43784  0.00003
 0.52911  0.43784  0.00000
 1.30007  0.31887  0.00000
 1.30007  0.31887  0.00000
 1.30007  0.31887  0.00001
 1.30007  0.31887  0.00002
 1.30007  0.31887  0.00000
 2.01590  0.26930  0.00000
 2.06220  0.26930  0.00000
 2.06220  0.26930  0.00001
 2.06220  0.26930  0.00002
 2.01590  0.26930  0.00000
 5.37495  0.19990  0.00000
 5.37495  0.19990  0.00000
 5.37495  0.19990  0.00001
 5.27900  0.18998  0.00001
 5.23103  0.18998  0.00000
********  0.02144  0.00000
********  0.02144  0.00000
********  0.02144  0.00000
********  0.02144  0.00000
********  0.02144  0.00000
 1.07284  0.89390  0.00000
 1.07284  0.89390  0.00000
 1.07284  0.89390  0.00001
 1.07284  0.89390  0.00001
 1.07284  0.89390  0.00000
 1.85383  0.79476  0.00000
 1.83067  0.79476  0.00000
 1.83067  0.79476  0.00001
 1.83067  0.79476  0.00001
 1.83067  0.79476  0.00000
 5.23103  0.59647  0.00000
 5.23103  0.59647  0.00000
 5.23103  0.59647  0.00001
 5.23103  0.59647  0.00001
 5.03912  0.59647  0.00000
********  0.08092  0.00000
********  0.08092  0.00000
********  0.08092  0.00000
********  0.08092  0.00000
********  0.08092  0.00000
 1.71491  1.38758  0.00000
 1.71491  1.38758  0.00000
 1.71491  1.38758  0.00001
 1.71491  1.35930  0.00001
 1.71491  1.35930  0.00000
 4.99114  1.04816  0.00000
 4.99114  1.04816  0.00000
 4.99114  1.04816  0.00001
 4.99114  1.04816  0.00001
 4.99114  1.04816  0.00000
********  0.14303  0.00000
********  0.14303  0.00000
********  0.14303  0.00000
********  0.14303  0.00000
********  0.14303  0.00000
 4.51138  3.28386  0.00000
 4.41543  3.28386  0.00000
 4.41543  3.28386  0.00000
 4.41543  3.28386  0.00001
 4.31948  3.16664  0.00000
********  0.47050  0.00000
********  0.47050  0.00000
********  0.47050  0.00000
********  0.47050  0.00000
********  0.47050  0.00000
80.77367 65.78663  0.00000
80.77367 65.78663  0.00000
80.77367 65.78663  0.00000
80.77367 65.78663  0.00000
80.77367 65.78663  0.00000
 0.52956  0.43829  0.00000
 0.52956  0.43829  0.00000
 1.30052  0.31932  0.00000
 1.28429  0.31932  0.00000
 2.03950  0.26975  0.00000
 2.01635  0.26975  0.00000
 5.27945  0.19043  0.00000
 5.23148  0.19043  0.00000
********  0.02189  0.00000
********  0.02189  0.00000
 1.07329  0.89436  0.00000
 1.07329  0.89436  0.00000
 1.83113  0.79521  0.00000
 1.83113  0.79521  0.00000
 5.23148  0.59692  0.00000
 5.03957  0.59692  0.00000
********  0.08138  0.00000
********  0.08138  0.00000
 1.71536  1.35975  0.00000
 1.71536  1.35975  0.00000
 4.99160  1.04861  0.00000
 4.99160  1.04861  0.00000
********  0.14349  0.00000
********  0.14349  0.00000
 4.41588  3.28431  0.00000
 4.31993  3.16709  0.00000
********  0.47095  0.00000
********  0.47095  0.00000
80.77412 65.78708  0.00000
80.77412 65.78708  0.00000
 0.52203  0.43888  0.00000
 0.52203  0.43888  0.00001
 0.52203  0.43888  0.00007
 0.52203  0.43888  0.00006
 0.52203  0.43888  0.00000
 1.28487  0.31990  0.00000
 1.28487  0.31990  0.00001
 1.28487  0.31990  0.00005
 1.28487  0.31990  0.00004
 1.28487  0.31990  0.00000
 2.01693  0.27033  0.00000
 2.04008  0.27033  0.00001
 2.04008  0.27033  0.00005
 2.04008  0.27033  0.00004
 2.01693  0.26042  0.00000
 5.37599  0.20093  0.00000
 5.37599  0.20093  0.00000
 5.37599  0.20093  0.00004
 5.28004  0.19101  0.00003
 5.23206  0.19101  0.00000
********  0.02247  0.00000
********  0.02247  0.00000
********  0.02247  0.00000
********  0.02247  0.00000
********  0.02247  0.00000
 1.07387  0.89494  0.00000
 1.07387  0.89494  0.00000
 1.07387  0.89494  0.00003
 1.07387  0.89494  0.00003
 1.07387  0.89494  0.00000
 1.85486  0.79579  0.00000
 1.83171  0.79579  0.00000
 1.83171  0.79579  0.00003
 1.83171  0.79579  0.00002
 1.83171  0.79579  0.00000
 5.23206  0.59751  0.00000
 5.23206  0.59751  0.00000
 5.23206  0.59751  0.00002
 5.18408  0.59751  0.00002
 5.04015  0.59751  0.00000
********  0.08196  0.00000
********  0.08196  0.00000
********  0.08196  0.00000
********  0.08196  0.00000
********  0.08196  0.00000
 1.71594  1.38862  0.00000
 1.71594  1.38862  0.00000
 1.71594  1.38862  0.00003
 1.69279  1.36033  0.00002
 1.69279  1.36033  0.00000
 4.99218  1.04919  0.00000
 4.99218  1.04919  0.00000
 4.99218  1.04919  0.00002
 4.99218  1.04919  0.00002
 4.99218  1.04919  0.00000
********  0.14407  0.00000
********  0.14407  0.00000
********  0.14407  0.00000
********  0.14407  0.00000
********  0.14407  0.00000
 4.51241  3.28489  0.00000
 4.41646  3.28489  0.00000
 4.41646  3.28489  0.00002
 4.41646  3.28489  0.00001
 4.32051  3.16767  0.00000
********  0.47153  0.00000
********  0.47153  0.00000
********  0.47153  0.00000
********  0.47153  0.00000
********  0.47153  0.00000
80.77470 65.78766  0.00000
80.77470 65.78766  0.00000
80.77470 65.78766  0.00000
80.77470 65.78766  0.00000
80.77470 65.78766  0.00000
 0.52238  0.43922  0.00000
 0.52238  0.43922  0.00001
 0.52238  0.43922  0.00004
 1.28522  0.32025  0.00000
 1.28522  0.32025  0.00000
 1.28522  0.32025  0.00003
 2.01728  0.27068  0.00000
 2.04043  0.27068  0.00000
 2.04043  0.27068  0.00002
 5.37634  0.20128  0.00000
 5.37634  0.20128  0.00000
 5.37634  0.20128  0.00002
********  0.02282  0.00000
********  0.02282  0.00000
********  0.02282  0.00000
 1.07422  0.89529  0.00000
 1.07422  0.89529  0.00000
 1.07422  0.89529  0.00002
 1.85521  0.79614  0.00000
 1.83206  0.79614  0.00000
 1.83206  0.79614  0.00002
 5.23241  0.59785  0.00000
 5.23241  0.59785  0.00000
 5.23241  0.59785  0.00001
********  0.08231  0.00000
********  0.08231  0.00000
********  0.08231  0.00000
 1.71629  1.38897  0.00000
 1.71629  1.38897  0.00000
 1.71629  1.38897  0.00001
 4.99253  1.04954  0.00000
 4.99253  1.04954  0.00000
 4.99253  1.04954  0.00001
********  0.14442  0.00000
********  0.14442  0.00000
********  0.14442  0.00000
 4.51276  3.28524  0.00000
 4.41681  3.28524  0.00000
 4.41681  3.28524  0.00001
********  0.47188  0.00000
********  0.47188  0.00000
********  0.47188  0.00000
80.77505 65.78801  0.00000
80.77505 65.78801  0.00000
80.77505 65.78801  0.00000
 0.52373  0.44057  0.00000
 0.52373  0.44057  0.00004
 0.52373  0.44057  0.00037
 0.52373  0.44057  0.00045
 0.52373  0.44057  0.00001
 1.28657  0.32160  0.00000
 1.28657  0.32160  0.00003
 1.28657  0.32160  0.00025
 1.28657  0.32160  0.00031
 1.28657  0.32160  0.00001
 2.01863  0.27203  0.00000
 2.04178  0.27203  0.00002
 2.04178  0.27203  0.00023
 2.04178  0.27203  0.00028
 2.04178  0.27203  0.00000
 5.37769  0.20263  0.00000
 5.37769  0.20263  0.00002
 5.37769  0.20263  0.00016
 5.28173  0.19271  0.00021
 5.23376  0.19271  0.00000
********  0.02417  0.00000
********  0.02417  0.00000
********  0.02417  0.00000
********  0.02417  0.00000
********  0.02417  0.00000
 1.07557  0.89664  0.00000
 1.07557  0.89664  0.00002
 1.07557  0.89664  0.00017
 1.07557  0.89664  0.00021
 1.07557  0.89664  0.00000
 1.85656  0.79749  0.00000
 1.83341  0.79749  0.00002
 1.83341  0.79749  0.00015
 1.83341  0.79749  0.00019
 1.83341  0.79749  0.00000
 5.18578  0.59920  0.00000
 5.18578  0.59920  0.00001
 5.18578  0.59920  0.00011
 5.18578  0.59920  0.00014
 5.08983  0.61903  0.00000
********  0.08366  0.00000
********  0.08366  0.00000
********  0.08366  0.00000
********  0.08366  0.00000
********  0.08366  0.00000
 1.71764  1.39032  0.00000
 1.71764  1.39032  0.00001
 1.71764  1.39032  0.00014
 1.69449  1.36203  0.00017
 1.71764  1.39032  0.00000
 4.99388  1.05089  0.00000
 4.99388  1.05089  0.00001
 4.99388  1.05089  0.00010
 4.99388  1.05089  0.00012
 4.99388  1.05089  0.00000
********  0.14577  0.00000
********  0.14577  0.00000
********  0.14577  0.00000
********  0.14577  0.00000
********  0.14577  0.00000
 4.51411  3.28659  0.00000
 4.41816  3.28659  0.00001
 4.41816  3.28659  0.00007
 4.41816  3.28659  0.00008
 4.37018  3.28659  0.00000
********  0.47323  0.00000
********  0.47323  0.00000
********  0.47323  0.00000
********  0.47323  0.00000
********  0.47323  0.00000
80.77640 65.78936  0.00000
80.77640 65.78936  0.00000
80.77640 65.78936  0.00000
80.77640 65.78936  0.00000
80.77640 65.78936  0.00000
 0.52430  0.44115  0.00000
 0.52430  0.44115  0.00000
 1.28715  0.32217  0.00000
 1.28715  0.32217  0.00000
 2.04236  0.27260  0.00000
 2.04236  0.27260  0.00000
 5.28231  0.19329  0.00000
 5.23433  0.19329  0.00000
********  0.02474  0.00000
********  0.02474  0.00000
 1.07615  0.89721  0.00000
 1.07615  0.89721  0.00000
 1.83398  0.79807  0.00000
 1.83398  0.79807  0.00000
 5.18636  0.59978  0.00000
 5.09040  0.61961  0.00000
********  0.08423  0.00000
********  0.08423  0.00000
 1.69506  1.36260  0.00000
 1.71822  1.39089  0.00000
 4.99445  1.05147  0.00000
 4.99445  1.05147  0.00000
********  0.14634  0.00000
********  0.14634  0.00000
 4.41873  3.28717  0.00000
 4.37076  3.28717  0.00000
********  0.47381  0.00000
********  0.47381  0.00000
80.77697 65.78994  0.00000
80.77697 65.78994  0.00000
 0.52495  0.44180  0.00000
 0.52495  0.44180  0.00000
 0.52495  0.44180  0.00003
 0.52495  0.44180  0.00000
 1.28780  0.32282  0.00000
 1.28780  0.32282  0.00000
 1.28780  0.32282  0.00002
 1.28780  0.32282  0.00000
 2.04301  0.27325  0.00000
 2.04301  0.27325  0.00000
 2.04301  0.27325  0.00002
 2.04301  0.27325  0.00000
 5.37891  0.20385  0.00000
 5.37891  0.20385  0.00000
 5.28296  0.19394  0.00001
 5.23498  0.19394  0.00000
********  0.02539  0.00000
********  0.02539  0.00000
********  0.02539  0.00000
********  0.02539  0.00000
 1.07680  0.89786  0.00000
 1.07680  0.89786  0.00000
 1.07680  0.89786  0.00001
 1.07680  0.89786  0.00000
 1.83463  0.79872  0.00000
 1.83463  0.79872  0.00000
 1.83463  0.79872  0.00001
 1.83463  0.79872  0.00000
 5.18701  0.60043  0.00000
 5.18701  0.60043  0.00000
 5.18701  0.60043  0.00001
 5.09105  0.62026  0.00000
********  0.08488  0.00000
********  0.08488  0.00000
********  0.08488  0.00000
********  0.08488  0.00000
 1.71887  1.39154  0.00000
 1.71887  1.39154  0.00000
 1.69571  1.36325  0.00001
 1.71887  1.39154  0.00000
 4.99510  1.05212  0.00000
 4.99510  1.05212  0.00000
 4.99510  1.05212  0.00001
 4.99510  1.05212  0.00000
********  0.14699  0.00000
********  0.14699  0.00000
********  0.14699  0.00000
********  0.14699  0.00000
 4.41938  3.28782  0.00000
 4.41938  3.28782  0.00000
 4.41938  3.28782  0.00001
 4.37141  3.28782  0.00000
********  0.47446  0.00000
********  0.47446  0.00000
********  0.47446  0.00000
********  0.47446  0.00000
80.77762 65.79059  0.00000
80.77762 65.79059  0.00000
80.77762 65.79059  0.00000
80.77762 65.79059  0.00000
 0.51840  0.44337  0.00000
 0.51840  0.44337  0.00058
 0.51840  0.44337  0.00192
 0.51840  0.44337  0.00018
 0.51840  0.44337  0.00000
 1.28936  0.32439  0.00000
 1.28936  0.32439  0.00039
 1.28936  0.32439  0.00129
 1.28936  0.32439  0.00012
 1.28936  0.32439  0.00000
 2.04457  0.27482  0.00000
 2.04457  0.27482  0.00037
 2.04457  0.27482  0.00123
 2.04457  0.27482  0.00011
 2.04457  0.27482  0.00000
 5.38048  0.20542  0.00000
 5.38048  0.20542  0.00028
 5.38048  0.20542  0.00092
 5.28453  0.19551  0.00009
 5.23655  0.19551  0.00000
********  0.02696  0.00000
********  0.02696  0.00000
********  0.02696  0.00001
********  0.02696  0.00000
********  0.02696  0.00000
 1.07836  0.89943  0.00000
 1.07836  0.89943  0.00026
 1.07836  0.89943  0.00086
 1.07836  0.89943  0.00008
 1.07836  0.89943  0.00000
 1.83620  0.80028  0.00000
 1.83620  0.80028  0.00025
 1.83620  0.80028  0.00081
 1.83620  0.80028  0.00008
 1.81305  0.80028  0.00000
 5.18857  0.60200  0.00000
 5.18857  0.60200  0.00018
 5.18857  0.60200  0.00061
 5.18857  0.60200  0.00006
 5.09262  0.60200  0.00000
********  0.08645  0.00000
********  0.08645  0.00000
********  0.08645  0.00001
********  0.08645  0.00000
********  0.08645  0.00000
 1.72044  1.36482  0.00000
 1.72044  1.36482  0.00021
 1.72044  1.36482  0.00069
 1.69728  1.36482  0.00006
 1.72044  1.36482  0.00000
 4.99667  1.05369  0.00000
 4.99667  1.05369  0.00016
 5.09262  1.08197  0.00052
 4.99667  1.05369  0.00005
 4.99667  1.05369  0.00000
********  0.14856  0.00000
********  0.14856  0.00000
********  0.14856  0.00001
********  0.14856  0.00000
********  0.14856  0.00000
 4.51691  3.28938  0.00000
 4.37298  3.28938  0.00011
 4.37298  3.28938  0.00035
 4.37298  3.28938  0.00003
 4.32500  3.28938  0.00000
********  0.47603  0.00000
********  0.47603  0.00000
********  0.47603  0.00000
********  0.47603  0.00000
********  0.47603  0.00000
80.77919 65.79216  0.00000
80.77919 65.79216  0.00000
80.77919 65.79216  0.00000
80.77919 65.79216  0.00000
80.77919 65.79216  0.00000
 0.52746  0.43439  0.00000
 0.52746  0.43439  0.00001
 0.52746  0.43439  0.00000
 1.29031  0.32534  0.00000
 1.29031  0.32534  0.00000
 1.29031  0.32534  0.00000
 2.04552  0.27576  0.00000
 2.04552  0.27576  0.00000
 2.04552  0.27576  0.00000
 5.38142  0.20636  0.00000
 5.38142  0.20636  0.00000
 5.38142  0.20636  0.00000
********  0.02790  0.00000
********  0.02790  0.00000
********  0.02790  0.00000
 1.07931  0.90037  0.00000
 1.07931  0.90037  0.00000
 1.07931  0.90037  0.00000
 1.83714  0.80123  0.00000
 1.81399  0.80123  0.00000
 1.81399  0.80123  0.00000
 5.18952  0.60294  0.00000
 5.18952  0.60294  0.00000
 5.09356  0.62277  0.00000
********  0.08739  0.00000
********  0.08739  0.00000
********  0.08739  0.00000
 1.72138  1.36577  0.00000
 1.72138  1.36577  0.00000
 1.72138  1.36577  0.00000
 4.99761  1.05463  0.00000
 4.99761  1.05463  0.00000
 5.09356  1.08291  0.00000
********  0.14950  0.00000
********  0.14950  0.00000
********  0.14950  0.00000
 4.51785  3.29033  0.00000
 4.37392  3.29033  0.00000
 4.37392  3.29033  0.00000
********  0.47697  0.00000
********  0.47697  0.00000
********  0.47697  0.00000
80.78014 65.79310  0.00000
80.78014 65.79310  0.00000
80.78014 65.79310  0.00000
 0.52041  0.43546  0.00003
 0.52041  0.43546  0.00000
 1.27514  0.32640  0.00002
 1.27514  0.32640  0.00000
 2.04658  0.27683  0.00002
 2.04658  0.27683  0.00000
 5.38249  0.20743  0.00001
 5.38249  0.20743  0.00000
********  0.02897  0.00000
********  0.02897  0.00000
 1.08037  0.88161  0.00001
 1.08037  0.88161  0.00000
 1.81506  0.80230  0.00001
 1.81506  0.80230  0.00000
 5.09463  0.62384  0.00001
 5.09463  0.62384  0.00000
********  0.08846  0.00000
********  0.08846  0.00000
 1.72245  1.36683  0.00001
 1.72245  1.36683  0.00000
 5.09463  1.08398  0.00001
 5.09463  1.08398  0.00000
********  0.15057  0.00000
********  0.15057  0.00000
 4.37499  3.29140  0.00000
 4.37499  3.29140  0.00000
********  0.47804  0.00000
********  0.47804  0.00000
80.78120 65.79417  0.00000
80.78120 65.79417  0.00000
 1.25314  0.33327  0.00000
 1.25314  0.33327  0.00011
 1.25314  0.33327  0.00049
 1.25314  0.33327  0.00027
 1.25314  0.33327  0.00001
 2.02697  0.29361  0.00000
 2.00382  0.29361  0.00009
 2.00382  0.29361  0.00043
 2.00382  0.29361  0.00024
 2.00382  0.29361  0.00001
 5.31323  0.22421  0.00000
 5.31323  0.22421  0.00007
 5.31323  0.22421  0.00030
 5.31323  0.22421  0.00016
 5.31323  0.22421  0.00001
********  0.05566  0.00000
********  0.05566  0.00000
********  0.05566  0.00000
********  0.05566  0.00000
********  0.05566  0.00000
 1.07461  0.88847  0.00000
 1.05838  0.88847  0.00008
 1.05838  0.88847  0.00034
 1.05838  0.88847  0.00019
 1.05838  0.88847  0.00001
 1.86490  0.82899  0.00000
 1.86490  0.82899  0.00007
 1.84175  0.82899  0.00030
 1.84175  0.82899  0.00016
 1.84175  0.82899  0.00001
 5.12132  0.63070  0.00000
 5.12132  0.63070  0.00005
 5.12132  0.63070  0.00021
 5.12132  0.63070  0.00011
 5.02537  0.63070  0.00001
********  0.11515  0.00000
********  0.11515  0.00000
********  0.11515  0.00000
********  0.11515  0.00000
********  0.11515  0.00000
 1.70283  1.39353  0.00000
 1.70283  1.39353  0.00006
 1.70283  1.39353  0.00028
 1.70283  1.39353  0.00015
 1.70283  1.39353  0.00001
 5.02537  1.11067  0.00000
 5.02537  1.11067  0.00004
 5.02537  1.11067  0.00019
 5.02537  1.11067  0.00010
 4.97740  1.08239  0.00001
********  0.17726  0.00000
********  0.17726  0.00000
********  0.17726  0.00000
********  0.17726  0.00000
********  0.17726  0.00000
 4.35370  3.25948  0.00000
 4.35370  3.25948  0.00003
 4.35370  3.25948  0.00014
 4.35370  3.25948  0.00007
 4.30573  3.25948  0.00000
********  0.50473  0.00000
********  0.50473  0.00000
********  0.50473  0.00000
********  0.50473  0.00000
********  0.50473  0.00000
80.80790 65.82086  0.00000
80.80790 65.82086  0.00000
80.80790 65.82086  0.00000
80.80790 65.82086  0.00000
80.80790 65.82086  0.00000
 1.23079  0.34337  0.00000
 1.23079  0.34337  0.00002
 1.23079  0.34337  0.00015
 1.23079  0.34337  0.00014
 1.23079  0.34337  0.00001
 1.99077  0.30371  0.00000
 1.99077  0.30371  0.00001
 1.99077  0.30371  0.00014
 1.99077  0.30371  0.00013
 1.99077  0.30371  0.00001
 5.32333  0.23431  0.00000
 5.32333  0.23431  0.00001
 5.41928  0.23431  0.00010
 5.27536  0.23431  0.00010
 5.27536  0.23431  0.00001
********  0.06577  0.00000
********  0.06577  0.00000
********  0.06577  0.00000
********  0.06577  0.00000
********  0.06577  0.00000
 1.85185  0.83909  0.00000
 1.85185  0.83909  0.00001
 1.82870  0.81926  0.00010
 1.82870  0.81926  0.00009
 1.82870  0.81926  0.00001
 5.13143  0.62097  0.00000
 5.13143  0.62097  0.00001
 5.13143  0.62097  0.00007
 5.13143  0.62097  0.00006
 5.13143  0.62097  0.00000
********  0.12525  0.00000
********  0.12525  0.00000
********  0.12525  0.00000
********  0.12525  0.00000
********  0.12525  0.00000
 1.73609  1.40363  0.00000
 1.71294  1.37534  0.00001
 1.71294  1.37534  0.00008
 1.71294  1.37534  0.00008
 1.71294  1.37534  0.00000
 4.98750  1.09249  0.00000
 4.98750  1.09249  0.00001
 4.98750  1.09249  0.00006
 4.98750  1.09249  0.00006
 4.93952  1.09249  0.00000
********  0.18736  0.00000
********  0.18736  0.00000
********  0.18736  0.00000
********  0.18736  0.00000
********  0.18736  0.00000
 4.36381  3.26958  0.00000
 4.36381  3.26958  0.00000
 4.31583  3.26958  0.00004
 4.31583  3.26958  0.00004
 4.26785  3.26958  0.00000
********  0.51483  0.00000
********  0.51483  0.00000
********  0.51483  0.00000
********  0.51483  0.00000
********  0.51483  0.00000
80.81800 65.83096  0.00000
80.81800 65.83096  0.00000
80.81800 65.83096  0.00000
80.81800 65.83096  0.00000
80.81800 65.83096  0.00000
 1.23686  0.34944  0.00000
 1.23686  0.34944  0.00002
 1.23686  0.34944  0.00020
 1.23686  0.34944  0.00015
 1.23686  0.34944  0.00001
 1.99684  0.30979  0.00000
 1.97369  0.30979  0.00002
 1.97369  0.30979  0.00018
 1.97369  0.30979  0.00013
 1.97369  0.30979  0.00001
 5.32941  0.24039  0.00000
 5.32941  0.24039  0.00001
 5.32941  0.24039  0.00012
 5.32941  0.24039  0.00009
 5.23345  0.24039  0.00001
********  0.07184  0.00000
********  0.07184  0.00000
********  0.07184  0.00000
********  0.07184  0.00000
********  0.07184  0.00000
 1.85793  0.82534  0.00000
 1.85793  0.82534  0.00001
 1.85793  0.82534  0.00012
 1.85793  0.82534  0.00009
 1.83477  0.82534  0.00000
 5.13750  0.62705  0.00000
 5.13750  0.62705  0.00001
 5.13750  0.62705  0.00008
 5.13750  0.62705  0.00006
 5.13750  0.62705  0.00000
********  0.13133  0.00000
********  0.13133  0.00000
********  0.13133  0.00000
********  0.13133  0.00000
********  0.13133  0.00000
 1.71901  1.40970  0.00000
 1.71901  1.40970  0.00001
 1.69586  1.38142  0.00010
 1.69586  1.38142  0.00008
 1.69586  1.38142  0.00000
 4.99357  1.09856  0.00000
 4.99357  1.09856  0.00001
 4.99357  1.09856  0.00007
 4.99357  1.09856  0.00005
 4.94560  1.09856  0.00000
********  0.19344  0.00000
********  0.19344  0.00000
********  0.19344  0.00000
********  0.19344  0.00000
********  0.19344  0.00000
 4.36988  3.27565  0.00000
 4.36988  3.27565  0.00000
 4.36988  3.27565  0.00005
 4.32190  3.27565  0.00004
 4.27393  3.27565  0.00000
********  0.52090  0.00000
********  0.52090  0.00000
********  0.52090  0.00000
********  0.52090  0.00000
********  0.52090  0.00000
80.82407 65.83703  0.00000
80.82407 65.83703  0.00000
80.82407 65.83703  0.00000
80.82407 65.83703  0.00000
80.82407 65.83703  0.00000
 1.22751  0.35632  0.00000
 1.22751  0.35632  0.00004
 1.22751  0.35632  0.00044
 1.22751  0.35632  0.00050
 1.22751  0.35632  0.00003
 1.98057  0.31666  0.00000
 1.98057  0.31666  0.00004
 1.95741  0.31666  0.00040
 1.95741  0.31666  0.00045
 1.95741  0.31666  0.00002
 5.33628  0.24726  0.00000
 5.33628  0.24726  0.00003
 5.33628  0.24726  0.00028
 5.33628  0.24726  0.00033
 5.14438  0.24726  0.00002
********  0.07872  0.00000
********  0.07872  0.00000
********  0.07872  0.00000
********  0.07872  0.00000
********  0.07872  0.00000
 1.86480  0.85204  0.00000
 1.84165  0.83221  0.00003
 1.84165  0.83221  0.00027
 1.84165  0.83221  0.00032
 1.84165  0.83221  0.00002
 5.14438  0.63392  0.00000
 5.14438  0.63392  0.00002
 5.19235  0.65375  0.00020
 5.19235  0.65375  0.00023
 5.04842  0.63392  0.00001
********  0.13820  0.00000
********  0.13820  0.00000
********  0.13820  0.00000
********  0.13820  0.00000
********  0.13820  0.00000
 1.72589  1.38829  0.00000
 1.72589  1.38829  0.00003
 1.72589  1.38829  0.00025
 1.67958  1.38829  0.00029
 1.67958  1.38829  0.00002
 4.95247  1.10544  0.00000
 4.95247  1.10544  0.00002
 4.95247  1.10544  0.00018
 4.95247  1.10544  0.00021
 4.90450  1.10544  0.00001
********  0.20031  0.00000
********  0.20031  0.00000
********  0.20031  0.00000
********  0.20031  0.00000
********  0.20031  0.00000
 4.37676  3.22392  0.00000
 4.37676  3.22392  0.00001
 4.37676  3.22392  0.00013
 4.37676  3.22392  0.00015
 4.23283  3.28253  0.00001
********  0.52778  0.00000
********  0.52778  0.00000
********  0.52778  0.00000
********  0.52778  0.00000
********  0.52778  0.00000
80.83095 65.84391  0.00000
80.83095 65.84391  0.00000
80.83095 65.84391  0.00000
80.83095 65.84391  0.00000
80.83095 65.84391  0.00000
 1.21906  0.35419  0.00000
 1.21906  0.35419  0.00038
 1.21906  0.35419  0.00202
 1.21906  0.35419  0.00100
 1.21906  0.35419  0.00004
 1.96520  0.32445  0.00000
 1.96520  0.32445  0.00035
 1.98835  0.32445  0.00188
 1.98835  0.32445  0.00092
 1.98835  0.32445  0.00004
 5.34407  0.25505  0.00000
 5.34407  0.25505  0.00026
 5.24812  0.25505  0.00138
 5.34407  0.25505  0.00067
 5.15216  0.25505  0.00003
********  0.08650  0.00000
********  0.08650  0.00000
********  0.08650  0.00002
********  0.08650  0.00001
********  0.08650  0.00000
 1.84944  0.84000  0.00000
 1.84944  0.84000  0.00024
 1.82628  0.84000  0.00128
 1.82628  0.84000  0.00062
 1.82628  0.84000  0.00003
 5.05621  0.64171  0.00000
 5.05621  0.64171  0.00018
 5.20014  0.66154  0.00094
 5.15216  0.66154  0.00045
 5.05621  0.64171  0.00002
********  0.14599  0.00000
********  0.14599  0.00000
********  0.14599  0.00001
********  0.14599  0.00001
********  0.14599  0.00000
 1.71052  1.39608  0.00000
 1.71052  1.39608  0.00022
 1.71052  1.39608  0.00114
 1.71052  1.39608  0.00054
 1.71052  1.39608  0.00002
 4.96026  1.11323  0.00000
 4.96026  1.11323  0.00016
 4.96026  1.11323  0.00084
 4.91228  1.11323  0.00039
 4.91228  1.11323  0.00002
********  0.20810  0.00000
********  0.20810  0.00000
********  0.20810  0.00001
********  0.20810  0.00001
********  0.20810  0.00000
 4.38454  3.23170  0.00000
 4.38454  3.23170  0.00011
 4.38454  3.23170  0.00059
 4.38454  3.23170  0.00027
 4.38454  3.23170  0.00001
********  0.53557  0.00000
********  0.53557  0.00000
********  0.53557  0.00001
********  0.53557  0.00000
********  0.53557  0.00000
80.83873 65.85170  0.00000
80.83873 65.85170  0.00000
80.83873 65.85170  0.00000
80.83873 65.85170  0.00000
80.83873 65.85170  0.00000
 1.18424  0.37438  0.00000
 1.18424  0.37438  0.00005
 1.18424  0.37438  0.00027
 1.18424  0.37438  0.00018
 1.18424  0.37438  0.00001
 1.99530  0.34463  0.00000
 1.99530  0.34463  0.00005
 1.97215  0.34463  0.00026
 1.97215  0.34463  0.00017
 1.97215  0.34463  0.00001
 5.18226  0.27523  0.00000
 5.18226  0.27523  0.00003
 5.32619  0.28515  0.00019
 5.32619  0.28515  0.00012
 5.18226  0.27523  0.00001
********  0.11660  0.00000
********  0.11660  0.00000
********  0.11660  0.00000
********  0.11660  0.00000
********  0.11660  0.00000
 1.83323  0.87010  0.00000
 1.83323  0.87010  0.00003
 1.83323  0.87010  0.00017
 1.81008  0.85027  0.00011
 1.81008  0.85027  0.00001
 5.08631  0.69164  0.00000
 5.08631  0.69164  0.00002
 5.08631  0.69164  0.00013
 5.08631  0.69164  0.00008
 5.03833  0.67181  0.00001
********  0.17609  0.00000
********  0.17609  0.00000
********  0.17609  0.00000
********  0.17609  0.00000
********  0.17609  0.00000
 4.84643  1.11504  0.00000
 4.84643  1.11504  0.00002
 4.84643  1.11504  0.00012
 4.84643  1.11504  0.00008
 4.79845  1.11504  0.00001
********  0.23820  0.00000
********  0.23820  0.00000
********  0.23820  0.00000
********  0.23820  0.00000
********  0.23820  0.00000
 4.41464  3.26180  0.00000
 4.41464  3.20319  0.00002
 4.41464  3.20319  0.00009
 4.41464  3.20319  0.00006
 4.22274  3.20319  0.00000
********  0.50705  0.00000
********  0.50705  0.00000
********  0.50705  0.00000
********  0.50705  0.00000
********  0.50705  0.00000
80.86883 65.88180  0.00000
80.86883 65.88180  0.00000
80.86883 65.88180  0.00000
80.86883 65.88180  0.00000
80.86883 65.88180  0.00000
 1.18080  0.38717  0.00000
 1.18080  0.38717  0.00026
 1.18080  0.38717  0.00173
 1.18080  0.38717  0.00125
 1.18080  0.38717  0.00008
 1.96179  0.35743  0.00000
 1.96179  0.35743  0.00024
 1.96179  0.35743  0.00160
 1.96179  0.35743  0.00115
 1.93863  0.35743  0.00007
 5.29101  0.29794  0.00000
 5.29101  0.29794  0.00018
 5.29101  0.29794  0.00117
 5.24303  0.29794  0.00083
 5.09910  0.28803  0.00005
********  0.12940  0.00000
********  0.12940  0.00000
********  0.12940  0.00002
********  0.12940  0.00001
********  0.12940  0.00000
 1.82287  0.86306  0.00000
 1.82287  0.86306  0.00016
 1.82287  0.86306  0.00108
 1.82287  0.86306  0.00078
 1.82287  0.86306  0.00005
 5.05113  0.68460  0.00000
 5.05113  0.68460  0.00012
 5.05113  0.68460  0.00079
 5.05113  0.68460  0.00056
 5.00315  0.68460  0.00003
********  0.18888  0.00000
********  0.18888  0.00000
********  0.18888  0.00001
********  0.18888  0.00001
********  0.18888  0.00000
 4.81125  1.12784  0.00000
 4.81125  1.12784  0.00011
 4.81125  1.12784  0.00073
 4.81125  1.12784  0.00051
 4.76327  1.12784  0.00003
********  0.25099  0.00000
********  0.25099  0.00000
********  0.25099  0.00001
********  0.25099  0.00001
********  0.25099  0.00000
 4.37946  3.27460  0.00000
 4.23553  3.21599  0.00008
 4.23553  3.21599  0.00053
 4.23553  3.21599  0.00037
 4.23553  3.21599  0.00002
********  0.51985  0.00000
********  0.51985  0.00000
********  0.51985  0.00001
********  0.51985  0.00000
********  0.51985  0.00000
80.88163 65.89459  0.00000
80.88163 65.89459  0.00000
80.88163 65.89459  0.00000
80.88163 65.89459  0.00000
80.88163 65.89459  0.00000
 1.21152  0.40166  0.00000
 1.21152  0.40166  0.00006
 1.21152  0.40166  0.00060
 1.19529  0.40166  0.00064
 1.19529  0.40166  0.00005
 1.97627  0.37191  0.00000
 1.97627  0.37191  0.00005
 1.95312  0.37191  0.00054
 1.95312  0.37191  0.00058
 1.95312  0.37191  0.00004
 5.20954  0.31243  0.00000
 5.20954  0.31243  0.00004
 5.20954  0.31243  0.00039
 5.20954  0.31243  0.00042
 5.16157  0.31243  0.00003
********  0.14388  0.00000
********  0.14388  0.00000
********  0.14388  0.00001
********  0.14388  0.00001
********  0.14388  0.00000
 1.83736  0.87755  0.00000
 1.83736  0.87755  0.00003
 1.83736  0.87755  0.00038
 1.81421  0.87755  0.00040
 1.79105  0.87755  0.00003
 5.01764  0.69909  0.00000
 5.01764  0.69909  0.00002
 5.01764  0.69909  0.00027
 5.01764  0.69909  0.00029
 4.96966  0.69909  0.00002
********  0.20337  0.00000
********  0.20337  0.00000
********  0.20337  0.00000
********  0.20337  0.00000
********  0.20337  0.00000
 4.96966  1.17061  0.00000
 4.82573  1.14232  0.00002
 4.77776  1.14232  0.00025
 4.77776  1.14232  0.00027
 4.72978  1.14232  0.00002
********  0.26548  0.00000
********  0.26548  0.00000
********  0.26548  0.00000
********  0.26548  0.00000
********  0.26548  0.00000
 4.53788  3.46492  0.00000
 4.34597  3.28908  0.00002
 4.25002  3.23047  0.00018
 4.25002  3.23047  0.00019
 4.25002  3.17186  0.00001
********  0.59295  0.00000
********  0.59295  0.00000
********  0.59295  0.00000
********  0.59295  0.00000
********  0.59295  0.00000
80.89611 65.90908  0.00000
80.89611 65.90908  0.00000
80.89611 65.90908  0.00000
80.89611 65.90908  0.00000
80.89611 65.90908  0.00000
 1.21169  0.41806  0.00000
 1.21169  0.41806  0.00005
 1.21169  0.41806  0.00072
 1.21169  0.41806  0.00070
 1.21169  0.41806  0.00007
 1.94637  0.38832  0.00000
 1.94637  0.38832  0.00004
 1.94637  0.38832  0.00067
 1.94637  0.38832  0.00065
 1.94637  0.38832  0.00007
 5.17797  0.32883  0.00000
 5.17797  0.32883  0.00003
 5.17797  0.32883  0.00049
 5.17797  0.32883  0.00047
 5.12999  0.31892  0.00005
********  0.16029  0.00000
********  0.16029  0.00000
********  0.16029  0.00001
********  0.16029  0.00001
********  0.16029  0.00000
 1.80745  0.89395  0.00000
 1.80745  0.89395  0.00003
 1.80745  0.87412  0.00045
 1.80745  0.87412  0.00043
 1.80745  0.87412  0.00004
 4.98606  0.71549  0.00000
 4.98606  0.71549  0.00002
 4.98606  0.71549  0.00033
 4.98606  0.71549  0.00032
 4.93809  0.71549  0.00003
********  0.21977  0.00000
********  0.21977  0.00000
********  0.21977  0.00000
********  0.21977  0.00000
********  0.21977  0.00000
 4.93809  1.15873  0.00000
 4.93809  1.15873  0.00002
 4.84214  1.13044  0.00029
 4.74618  1.15873  0.00028
 4.69821  1.13044  0.00003
********  0.28188  0.00000
********  0.28188  0.00000
********  0.28188  0.00000
********  0.28188  0.00000
********  0.28188  0.00000
 4.50630  3.42271  0.00000
 4.50630  3.42271  0.00001
 4.50630  3.42271  0.00020
 4.31440  3.30549  0.00019
 4.26642  3.18826  0.00002
********  0.60935  0.00000
********  0.60935  0.00000
********  0.60935  0.00000
********  0.60935  0.00000
********  0.60935  0.00000
82.03435 65.92548  0.00000
82.03435 65.92548  0.00000
82.03435 65.92548  0.00000
82.03435 65.92548  0.00000
82.03435 65.92548  0.00000
 1.21403  0.43663  0.00000
 1.19780  0.42672  0.00002
 1.19780  0.42672  0.00036
 1.19780  0.42672  0.00049
 1.19780  0.42672  0.00005
 1.94179  0.40689  0.00000
 1.94179  0.40689  0.00002
 1.94179  0.40689  0.00033
 1.94179  0.40689  0.00045
 1.91864  0.39697  0.00005
 5.10059  0.33749  0.00000
 5.14856  0.33749  0.00001
 5.14856  0.33749  0.00024
 5.10059  0.33749  0.00032
 5.10059  0.33749  0.00004
********  0.17886  0.00000
********  0.17886  0.00000
********  0.17886  0.00000
********  0.17886  0.00000
********  0.17886  0.00000
 1.80287  0.89269  0.00000
 1.80287  0.89269  0.00001
 1.80287  0.89269  0.00023
 1.80287  0.89269  0.00031
 1.77972  0.89269  0.00003
 5.05261  0.73406  0.00000
 4.90868  0.73406  0.00001
 4.90868  0.73406  0.00016
 4.90868  0.73406  0.00022
 4.86071  0.71423  0.00002
********  0.23834  0.00000
********  0.23834  0.00000
********  0.23834  0.00000
********  0.23834  0.00000
********  0.23834  0.00000
 4.95666  1.17730  0.00000
 4.95666  1.17730  0.00001
 4.86071  1.17730  0.00015
 4.86071  1.17730  0.00020
 4.86071  1.17730  0.00002
********  0.30045  0.00000
********  0.30045  0.00000
********  0.30045  0.00000
********  0.30045  0.00000
********  0.30045  0.00000
 4.47690  3.44128  0.00000
 4.47690  3.44128  0.00001
 4.47690  3.44128  0.00011
 4.47690  3.44128  0.00014
 4.09309  3.20683  0.00002
********  0.62792  0.00000
********  0.62792  0.00000
********  0.62792  0.00000
********  0.62792  0.00000
********  0.62792  0.00000
82.05292 65.94405  0.00000
82.05292 65.94405  0.00000
82.05292 65.94405  0.00000
82.05292 65.94405  0.00000
82.05292 65.94405  0.00000
 1.93966  0.41800  0.00002
 1.91651  0.41800  0.00025
 1.91651  0.41800  0.00027
 1.91651  0.41800  0.00002
 5.07364  0.35851  0.00001
 5.07364  0.35851  0.00019
 5.07364  0.35851  0.00020
 5.02566  0.35851  0.00002
********  0.19988  0.00000
********  0.19988  0.00000
********  0.19988  0.00000
********  0.19988  0.00000
 1.80075  0.91372  0.00001
 1.80075  0.91372  0.00017
 1.80075  0.91372  0.00019
 1.80075  0.91372  0.00002
 5.26554  0.73526  0.00001
 4.88173  0.73526  0.00013
 4.88173  0.73526  0.00014
 4.83376  0.73526  0.00001
********  0.25937  0.00000
********  0.25937  0.00000
********  0.25937  0.00000
********  0.25937  0.00000
 4.88173  1.17004  0.00001
 4.88173  1.17004  0.00012
 4.88173  1.17004  0.00013
 4.88173  1.17004  0.00001
********  0.32148  0.00000
********  0.32148  0.00000
********  0.32148  0.00000
********  0.32148  0.00000
 4.44995  3.40370  0.00001
 4.44995  3.40370  0.00009
 4.44995  3.40370  0.00010
 4.40197  3.40370  0.00001
********  0.59034  0.00000
********  0.59034  0.00000
********  0.59034  0.00000
********  0.59034  0.00000
80.95211 65.96508  0.00000
80.95211 65.96508  0.00000
80.95211 65.96508  0.00000
80.95211 65.96508  0.00000
 1.91716  0.44181  0.00000
 1.91716  0.44181  0.00030
 1.91716  0.44181  0.00206
 1.91716  0.44181  0.00195
 1.91716  0.44181  0.00023
 5.28935  0.38232  0.00000
 5.00149  0.38232  0.00021
 5.00149  0.38232  0.00146
 5.00149  0.38232  0.00138
 4.95352  0.38232  0.00016
********  0.22369  0.00000
********  0.22369  0.00000
********  0.22369  0.00002
********  0.22369  0.00002
********  0.22369  0.00000
 1.77825  0.91770  0.00000
 1.77825  0.91770  0.00019
 1.77825  0.91770  0.00131
 1.77825  0.91770  0.00125
 1.77825  0.91770  0.00015
 5.09744  0.75907  0.00000
 4.95352  0.77890  0.00013
 4.90554  0.75907  0.00093
 4.90554  0.73924  0.00089
 4.95352  0.75907  0.00011
********  0.28318  0.00000
********  0.28318  0.00000
********  0.28318  0.00001
********  0.28318  0.00001
********  0.28318  0.00000
 4.95352  1.22213  0.00000
 4.95352  1.22213  0.00012
 4.95352  1.22213  0.00081
 4.90554  1.19384  0.00078
 4.71363  1.19384  0.00010
********  0.34529  0.00000
********  0.34529  0.00000
********  0.34529  0.00001
********  0.34529  0.00001
********  0.34529  0.00000
 4.37780  3.36889  0.00000
 4.37780  3.42750  0.00008
 4.37780  3.42750  0.00059
 4.37780  3.42750  0.00057
 4.37780  3.36889  0.00007
********  0.61414  0.00000
********  0.61414  0.00000
********  0.61414  0.00001
********  0.61414  0.00001
********  0.61414  0.00000
80.97592 65.98888  0.00000
80.97592 65.98888  0.00000
80.97592 65.98888  0.00000
80.97592 65.98888  0.00000
80.97592 65.98888  0.00000
 1.92097  0.45885  0.00000
 1.87466  0.45885  0.00005
 1.92097  0.45885  0.00075
 1.92097  0.45885  0.00123
 1.92097  0.45885  0.00024
 5.31630  0.39936  0.00000
 5.31630  0.39936  0.00003
 5.31630  0.39936  0.00053
 5.31630  0.39936  0.00087
 4.88452  0.39936  0.00017
********  0.25064  0.00000
********  0.25064  0.00000
********  0.25064  0.00001
********  0.25064  0.00001
********  0.25064  0.00000
 5.07642  0.80585  0.00000
 5.02845  0.78602  0.00002
 5.02845  0.78602  0.00034
 5.02845  0.78602  0.00057
 4.93249  0.78602  0.00011
********  0.31013  0.00000
********  0.31013  0.00000
********  0.31013  0.00000
********  0.31013  0.00001
********  0.31013  0.00000
 4.88452  1.24908  0.00000
 4.88452  1.24908  0.00002
 4.88452  1.24908  0.00030
 4.74059  1.22080  0.00050
 4.74059  1.19251  0.00010
********  0.37224  0.00000
********  0.37224  0.00000
********  0.37224  0.00000
********  0.37224  0.00001
********  0.37224  0.00000
 4.30880  3.39584  0.00000
 4.35678  3.39584  0.00001
 4.35678  3.39584  0.00021
 4.35678  3.39584  0.00036
 4.30880  3.33723  0.00007
********  0.64110  0.00000
********  0.64110  0.00000
********  0.64110  0.00000
********  0.64110  0.00000
********  0.64110  0.00000
81.00288 66.01584  0.00000
81.00288 66.01584  0.00000
81.00288 66.01584  0.00000
81.00288 66.01584  0.00000
81.00288 66.01584  0.00000
 1.90518  0.48936  0.00000
 1.88203  0.48936  0.00000
 1.88203  0.48936  0.00007
 1.88203  0.48936  0.00016
 1.88203  0.48936  0.00006
 5.20289  0.43979  0.00000
 5.15492  0.42988  0.00000
 5.15492  0.42988  0.00005
 5.01099  0.43979  0.00012
 4.96301  0.43979  0.00004
********  0.28116  0.00000
********  0.28116  0.00000
********  0.28116  0.00000
********  0.28116  0.00000
********  0.28116  0.00000
 5.01099  0.81654  0.00000
 5.01099  0.81654  0.00000
 5.01099  0.81654  0.00003
 4.96301  0.79671  0.00007
 4.96301  0.79671  0.00003
********  0.34065  0.00000
********  0.34065  0.00000
********  0.34065  0.00000
********  0.34065  0.00000
********  0.34065  0.00000
 4.96301  1.22303  0.00000
 4.81908  1.25132  0.00000
 4.81908  1.25132  0.00003
 4.81908  1.25132  0.00006
 4.77111  1.25132  0.00002
********  0.40276  0.00000
********  0.40276  0.00000
********  0.40276  0.00000
********  0.40276  0.00000
********  0.40276  0.00000
 4.29134  3.36775  0.00000
 4.29134  3.36775  0.00000
 4.29134  3.36775  0.00002
 4.29134  3.36775  0.00005
 4.24337  3.36775  0.00002
********  0.67161  0.00000
********  0.67161  0.00000
********  0.67161  0.00000
********  0.67161  0.00000
********  0.67161  0.00000
81.03339 66.04636  0.00000
81.03339 66.04636  0.00000
81.03339 66.04636  0.00000
81.03339 66.04636  0.00000
81.03339 66.04636  0.00000
 4.98871  0.51347  0.00000
 4.98871  0.51347  0.00002
 4.98871  0.51347  0.00061
 4.98871  0.51347  0.00124
 4.84478  0.50355  0.00028
********  0.35484  0.00000
********  0.35484  0.00000
********  0.35484  0.00001
********  0.35484  0.00002
********  0.35484  0.00000
 5.03669  0.87039  0.00000
 5.03669  0.87039  0.00001
 5.03669  0.87039  0.00040
 4.84478  0.87039  0.00081
 4.79681  0.87039  0.00018
********  0.41432  0.00000
********  0.41432  0.00000
********  0.41432  0.00001
********  0.41432  0.00001
********  0.41432  0.00000
 4.84478  1.29671  0.00000
 4.84478  1.26842  0.00001
 4.84478  1.26842  0.00035
 4.84478  1.26842  0.00070
 4.65288  1.26842  0.00016
********  0.44815  0.00000
********  0.44815  0.00000
********  0.44815  0.00000
********  0.44815  0.00001
********  0.44815  0.00000
 4.17311  3.32420  0.00000
 4.17311  3.32420  0.00001
 4.17311  3.32420  0.00024
 4.17311  3.32420  0.00049
 4.12514  3.32420  0.00011
********  0.74529  0.00000
********  0.74529  0.00000
********  0.74529  0.00000
********  0.74529  0.00001
********  0.74529  0.00000
81.10707 66.12003  0.00000
81.10707 66.12003  0.00000
81.10707 66.12003  0.00000
81.10707 66.12003  0.00000
81.10707 66.12003  0.00000
 5.08098  0.54785  0.00000
 5.08098  0.54785  0.00001
 5.08098  0.54785  0.00064
 5.08098  0.54785  0.00122
 5.08098  0.53793  0.00029
********  0.39913  0.00000
********  0.39913  0.00000
********  0.39913  0.00001
********  0.39913  0.00002
********  0.39913  0.00000
 4.88908  0.93451  0.00000
 4.88908  0.89485  0.00001
 4.88908  0.89485  0.00043
 4.88908  0.89485  0.00083
 4.88908  0.89485  0.00019
********  0.43879  0.00000
********  0.43879  0.00000
********  0.43879  0.00001
********  0.43879  0.00001
********  0.43879  0.00000
 4.93705  1.36929  0.00000
 4.79312  1.34100  0.00001
 4.79312  1.34100  0.00040
 4.69717  1.34100  0.00075
 4.69717  1.28443  0.00018
********  0.49244  0.00000
********  0.49244  0.00000
********  0.49244  0.00001
********  0.49244  0.00001
********  0.49244  0.00000
 4.21741  3.42711  0.00000
 4.21741  3.42711  0.00000
 4.21741  3.42711  0.00029
 4.12146  3.30989  0.00055
 4.07348  3.30989  0.00013
********  0.78958  0.00000
********  0.78958  0.00000
********  0.78958  0.00000
********  0.78958  0.00001
********  0.78958  0.00000
81.15136 64.79380  0.00000
81.15136 64.79380  0.00000
81.15136 64.79380  0.00000
81.15136 64.79380  0.00000
81.15136 64.79380  0.00000
 4.98720  0.59800  0.00000
 4.93923  0.58808  0.00018
 4.93923  0.58808  0.00071
 4.93923  0.58808  0.00029
********  0.44928  0.00000
********  0.44928  0.00000
********  0.44928  0.00001
********  0.44928  0.00000
 5.03518  0.98466  0.00000
 4.93923  0.94500  0.00012
 4.79530  0.96483  0.00046
 4.74732  0.94500  0.00019
********  0.48894  0.00000
********  0.48894  0.00000
********  0.48894  0.00001
********  0.48894  0.00000
 4.84327  1.39115  0.00000
 4.84327  1.39115  0.00011
 4.84327  1.39115  0.00041
 4.79530  1.39115  0.00017
********  0.54259  0.00000
********  0.54259  0.00000
********  0.54259  0.00001
********  0.54259  0.00000
 4.17161  3.36004  0.00000
 4.17161  3.36004  0.00008
 4.17161  3.36004  0.00030
 4.07565  3.36004  0.00012
********  0.83974  0.00000
********  0.83974  0.00000
********  0.83974  0.00000
********  0.83974  0.00000
81.20151 64.84396  0.00000
81.20151 64.84396  0.00000
81.20151 64.84396  0.00000
81.20151 64.84396  0.00000
 5.04399  0.65478  0.00000
 5.04399  0.65478  0.00000
 5.04399  0.65478  0.00012
 5.04399  0.65478  0.00061
 4.90006  0.64487  0.00033
********  0.50606  0.00000
********  0.50606  0.00000
********  0.50606  0.00000
********  0.50606  0.00001
********  0.50606  0.00000
 4.90006  1.02161  0.00000
 4.90006  1.02161  0.00000
 4.90006  1.02161  0.00008
 4.90006  1.02161  0.00040
 4.85208  1.02161  0.00022
********  0.56555  0.00000
********  0.56555  0.00000
********  0.56555  0.00000
********  0.56555  0.00001
********  0.56555  0.00000
 4.70815  1.41965  0.00000
 4.70815  1.41965  0.00000
 4.70815  1.41965  0.00007
 4.70815  1.41965  0.00035
 4.66017  1.41965  0.00019
********  0.59938  0.00000
********  0.59938  0.00000
********  0.59938  0.00000
********  0.59938  0.00001
********  0.59938  0.00000
 4.13244  3.41682  0.00000
 4.13244  3.41682  0.00000
 4.13244  3.41682  0.00005
 4.03648  3.41682  0.00025
 4.03648  3.35821  0.00014
********  0.89652  0.00000
********  0.89652  0.00000
********  0.89652  0.00000
********  0.89652  0.00000
********  0.89652  0.00000
81.25830 64.90074  0.00000
81.25830 64.90074  0.00000
81.25830 64.90074  0.00000
81.25830 64.90074  0.00000
81.25830 64.90074  0.00000
 4.91637  0.71907  0.00000
 4.91637  0.71907  0.00000
 4.91637  0.71907  0.00013
 4.91637  0.71907  0.00083
 4.86839  0.71907  0.00046
********  0.57035  0.00000
********  0.57035  0.00000
********  0.57035  0.00000
********  0.57035  0.00001
********  0.57035  0.00001
 4.72446  1.06607  0.00000
 4.72446  1.06607  0.00000
 4.72446  1.06607  0.00009
 4.72446  1.06607  0.00054
 4.67649  1.06607  0.00030
********  0.62984  0.00000
********  0.62984  0.00000
********  0.62984  0.00000
********  0.62984  0.00001
********  0.62984  0.00000
 4.58054  1.45565  0.00000
 4.58054  1.45565  0.00000
 4.58054  1.45565  0.00008
 4.58054  1.45565  0.00047
 4.53256  1.45565  0.00026
********  0.69195  0.00000
********  0.69195  0.00000
********  0.69195  0.00000
********  0.69195  0.00001
********  0.69195  0.00000
 4.10077  3.53972  0.00000
 4.10077  3.53972  0.00000
 4.00482  3.48111  0.00005
 4.00482  3.48111  0.00034
 4.00482  3.36388  0.00019
********  0.96081  0.00000
********  0.96081  0.00000
********  0.96081  0.00000
********  0.96081  0.00000
********  0.96081  0.00000
80.20075 64.96503  0.00000
80.20075 64.96503  0.00000
80.20075 64.96503  0.00000
80.20075 64.96503  0.00000
80.20075 64.96503  0.00000
 1.94302  0.82160  0.00000
 4.74928  0.78195  0.00000
 4.74928  0.78195  0.00000
 4.74928  0.78195  0.00002
 4.74928  0.78195  0.00033
 4.70130  0.78195  0.00054
********  0.64314  0.00000
********  0.64314  0.00000
********  0.64314  0.00000
********  0.64314  0.00000
********  0.64314  0.00001
 1.96617  1.23801  0.00000
 1.96617  1.23801  0.00000
 1.82726  1.21818  0.00002
 1.82726  1.21818  0.00030
 4.60535  1.11904  0.00000
 4.55737  1.11904  0.00000
 4.60535  1.11904  0.00001
 4.60535  1.11904  0.00022
 4.55737  1.11904  0.00035
********  0.70263  0.00000
********  0.70263  0.00000
********  0.70263  0.00000
********  0.70263  0.00000
********  0.70263  0.00001
 4.55737  1.52844  0.00000
 4.55737  1.52844  0.00000
 4.55737  1.52844  0.00001
 4.55737  1.52844  0.00019
 4.36547  1.50016  0.00031
********  0.73646  0.00000
********  0.73646  0.00000
********  0.73646  0.00000
********  0.73646  0.00000
********  0.73646  0.00000
 4.17356  3.43667  0.00000
 4.17356  3.43667  0.00000
 4.17356  3.43667  0.00001
 4.17356  3.43667  0.00014
 3.98166  3.43667  0.00022
********  1.03360  0.00000
********  1.03360  0.00000
********  1.03360  0.00000
********  1.03360  0.00000
********  1.03360  0.00000
80.27354 65.03782  0.00000
80.27354 65.03782  0.00000
80.27354 65.03782  0.00000
80.27354 65.03782  0.00000
80.27354 65.03782  0.00000
 4.58917  0.94776  0.00000
 4.58917  0.94776  0.00000
 4.58917  0.94776  0.00001
 4.58917  0.94776  0.00017
 4.44524  0.94776  0.00040
********  0.81887  0.00000
********  0.81887  0.00000
********  0.81887  0.00000
********  0.81887  0.00000
********  0.81887  0.00001
 4.44524  1.27493  0.00000
 4.44524  1.27493  0.00000
 4.44524  1.27493  0.00000
 4.44524  1.27493  0.00011
 4.44524  1.27493  0.00026
********  0.85853  0.00000
********  0.85853  0.00000
********  0.85853  0.00000
********  0.85853  0.00000
********  0.85853  0.00000
 4.34929  1.70417  0.00000
 4.34929  1.70417  0.00000
 4.34929  1.70417  0.00000
 4.30131  1.64760  0.00009
 4.30131  1.64760  0.00023
********  0.91218  0.00000
********  0.91218  0.00000
********  0.91218  0.00000
********  0.91218  0.00000
********  0.91218  0.00000
********  1.20932  0.00000
********  1.20932  0.00000
********  1.20932  0.00000
********  1.20932  0.00000
********  1.20932  0.00000
80.44927 65.21354  0.00000
80.44927 65.21354  0.00000
80.44927 65.21354  0.00000
80.44927 65.21354  0.00000
80.44927 65.21354  0.00000
 4.45493  1.05340  0.00000
 4.45493  1.05340  0.00000
 4.45493  1.05340  0.00001
 4.45493  1.05340  0.00011
********  0.92452  0.00000
********  0.92452  0.00000
********  0.92452  0.00000
********  0.92452  0.00000
 4.45493  1.38058  0.00000
 4.45493  1.38058  0.00000
 4.45493  1.38058  0.00001
 4.45493  1.36075  0.00007
********  0.98400  0.00000
********  0.98400  0.00000
********  0.98400  0.00000
********  0.98400  0.00000
 4.26303  1.72496  0.00000
 4.26303  1.72496  0.00000
 4.26303  1.72496  0.00001
 4.26303  1.72496  0.00006
********  1.04611  0.00000
********  1.04611  0.00000
********  1.04611  0.00000
********  1.04611  0.00000
********  1.31497  0.00000
********  1.31497  0.00000
********  1.31497  0.00000
********  1.31497  0.00000
79.43308 65.31919  0.00000
79.43308 65.31919  0.00000
79.43308 65.31919  0.00000
79.43308 65.31919  0.00000
 4.43062  1.16311  0.00000
 4.43062  1.16311  0.00000
 4.38265  1.16311  0.00000
 4.38265  1.16311  0.00000
********  1.04413  0.00000
********  1.04413  0.00000
********  1.04413  0.00000
********  1.04413  0.00000
 4.33467  1.46054  0.00000
 4.33467  1.46054  0.00000
 4.33467  1.46054  0.00000
 4.33467  1.46054  0.00000
********  1.10362  0.00000
********  1.10362  0.00000
********  1.10362  0.00000
********  1.10362  0.00000
********  1.16573  0.00000
********  1.16573  0.00000
********  1.16573  0.00000
********  1.16573  0.00000
********  1.43459  0.00000
********  1.43459  0.00000
********  1.43459  0.00000
********  1.43459  0.00000
79.55270 65.43881  0.00000
79.55270 65.43881  0.00000
79.55270 65.43881  0.00000
79.55270 65.43881  0.00000
********  1.17957  0.00000
********  1.17957  0.00000
********  1.17957  0.00000
********  1.23905  0.00000
********  1.23905  0.00000
********  1.23905  0.00000
********  1.27288  0.00000
********  1.27288  0.00000
********  1.27288  0.00000
********  1.57002  0.00000
********  1.57002  0.00000
********  1.57002  0.00000
79.68813 64.20372  0.00000
79.68813 64.20372  0.00000
79.68813 64.20372  0.00000
********  1.33291  0.00000
********  1.33291  0.00000
********  1.33291  0.00000
********  1.37256  0.00000
********  1.37256  0.00000
********  1.37256  0.00000
********  1.42622  0.00000
********  1.42622  0.00000
********  1.42622  0.00000
********  1.72336  0.00000
********  1.72336  0.00000
********  1.72336  0.00000
78.71963 64.35706  0.00000
78.71963 64.35706  0.00000
78.71963 64.35706  0.00000
********  1.50652  0.00000
********  1.50652  0.00000
********  1.50652  0.00000
********  1.50652  0.00000
********  1.50652  0.00000
********  1.54618  0.00000
********  1.54618  0.00000
********  1.54618  0.00000
********  1.54618  0.00000
********  1.54618  0.00000
********  1.59983  0.00000
********  1.59983  0.00000
********  1.59983  0.00000
********  1.59983  0.00000
********  1.59983  0.00000
********  1.89697  0.00000
********  1.89697  0.00000
********  1.89697  0.00000
********  1.89697  0.00000
********  1.89697  0.00000
78.89325 64.53067  0.00000
78.89325 64.53067  0.00000
78.89325 64.53067  0.00000
78.89325 64.53067  0.00000
78.89325 64.53067  0.00000
********  1.70309  0.00000
********  1.70309  0.00000
********  1.70309  0.00000
********  1.70309  0.00000
********  1.74275  0.00000
********  1.74275  0.00000
********  1.74275  0.00000
********  1.74275  0.00000
********  1.79640  0.00000
********  1.79640  0.00000
********  1.79640  0.00000
********  1.79640  0.00000
********  2.09354  0.00000
********  2.09354  0.00000
********  2.09354  0.00000
********  2.09354  0.00000
77.96798 64.72724  0.00000
77.96798 64.72724  0.00000
77.96798 64.72724  0.00000
77.96798 64.72724  0.00000
********  1.92565  0.00000
********  1.92565  0.00000
********  1.92565  0.00000
********  1.92565  0.00000
********  1.92565  0.00000
********  1.96530  0.00000
********  1.96530  0.00000
********  1.96530  0.00000
********  1.96530  0.00000
********  1.96530  0.00000
********  2.01896  0.00000
********  2.01896  0.00000
********  2.01896  0.00000
********  2.01896  0.00000
********  2.01896  0.00000
********  2.31610  0.00000
********  2.31610  0.00000
********  2.31610  0.00000
********  2.31610  0.00000
********  2.31610  0.00000
78.19054 63.57928  0.00000
78.19054 63.57928  0.00000
78.19054 63.57928  0.00000
78.19054 63.57928  0.00000
78.19054 63.57928  0.00000
********  2.17763  0.00000
********  2.17763  0.00000
********  2.17763  0.00000
********  2.17763  0.00000
********  2.17763  0.00000
********  2.21729  0.00000
********  2.21729  0.00000
********  2.21729  0.00000
********  2.21729  0.00000
********  2.21729  0.00000
********  2.27094  0.00000
********  2.27094  0.00000
********  2.27094  0.00000
********  2.27094  0.00000
********  2.27094  0.00000
********  2.56808  0.00000
********  2.56808  0.00000
********  2.56808  0.00000
********  2.56808  0.00000
********  2.56808  0.00000
77.32069 63.83126  0.00000
77.32069 63.83126  0.00000
77.32069 63.83126  0.00000
77.32069 63.83126  0.00000
77.32069 63.83126  0.00000
********  2.46293  0.00000
********  2.46293  0.00000
********  2.46293  0.00000
********  2.46293  0.00000
********  2.50259  0.00000
********  2.50259  0.00000
********  2.50259  0.00000
********  2.50259  0.00000
********  2.55624  0.00000
********  2.55624  0.00000
********  2.55624  0.00000
********  2.55624  0.00000
********  2.85339  0.00000
********  2.85339  0.00000
********  2.85339  0.00000
********  2.85339  0.00000
76.48416 64.11656  0.00000
76.48416 64.11656  0.00000
76.48416 64.11656  0.00000
76.48416 64.11656  0.00001
********  2.78596  0.00000
********  2.78596  0.00000
********  2.78596  0.00000
********  2.82562  0.00000
********  2.82562  0.00000
********  2.82562  0.00000
********  2.87927  0.00000
********  2.87927  0.00000
********  2.87927  0.00000
********  3.17641  0.00000
********  3.17641  0.00000
********  3.17641  0.00000
********  3.15169  0.00000
********  3.15169  0.00000
********  3.15169  0.00000
********  3.19135  0.00000
********  3.19135  0.00000
********  3.19135  0.00000
********  3.24500  0.00000
********  3.24500  0.00000
********  3.24500  0.00000
********  3.54214  0.00000
********  3.54214  0.00000
********  3.54214  0.00000
********  3.56578  0.00000
********  3.56578  0.00000
********  3.56578  0.00000
********  3.60544  0.00000
********  3.60544  0.00000
********  3.60544  0.00000
********  3.65909  0.00000
********  3.65909  0.00000
********  3.65909  0.00000
********  3.95623  0.00000
********  3.95623  0.00000
********  3.95623  0.00000
********  4.03463  0.00000
********  4.03463  0.00025
********  4.07428  0.00000
********  4.07428  0.00016
********  4.12794  0.00000
********  4.12794  0.00015
********  4.42508  0.00000
********  4.42508  0.00010
********  4.56546  0.00000
********  4.56546  0.00022
********  4.60511  0.00000
********  4.60511  0.00014
 5.74503  5.05476  0.00000
 5.74503  5.05476  0.00001
********  4.65877  0.00000
********  4.65877  0.00013
********  4.95591  0.00000
********  4.95591  0.00009
********  5.16648  0.00000
********  5.16648  0.00000
********  5.20613  0.00000
********  5.20613  0.00000
********  5.25979  0.00000
********  5.25979  0.00000
********  5.55693  0.00000
********  5.55693  0.00000
********  5.84696  0.00037
********  5.88661  0.00025
********  5.94027  0.00022
********  6.23741  0.00016
********  6.61742  0.00036
********  6.65707  0.00024
********  6.71073  0.00021
********  6.94926  0.00015
********  7.48974  0.00029
********  7.52940  0.00019
********  7.58305  0.00017
********  7.82158  0.00012
 0.52156  0.43540  0.00005
 0.52156  0.43540  0.00636
 0.52156  0.43540  0.01644
 0.52156  0.43540  0.00477
 0.52156  0.43540  0.00019
 1.29988  0.31665  0.00004
 1.28384  0.31665  0.00431
 1.28384  0.31665  0.01119
 1.28384  0.31665  0.00325
 1.28384  0.31665  0.00013
 2.22052  0.28697  0.00003
 2.22052  0.28697  0.00375
 2.08317  0.27707  0.00980
 2.08317  0.27707  0.00284
 2.06027  0.27707  0.00011
 5.59743  0.19791  0.00002
 5.40769  0.19791  0.00259
 5.31282  0.19791  0.00680
 5.31282  0.19791  0.00197
 5.40769  0.19791  0.00008
********  0.01979  0.00000
********  0.01979  0.00004
********  0.01979  0.00010
********  0.01979  0.00003
********  0.01979  0.00000
 1.12336  0.93017  0.00002
 1.12336  0.93017  0.00292
 1.12336  0.93017  0.00759
 1.07521  0.91038  0.00220
 1.07521  0.91038  0.00009
 1.99160  0.85101  0.00002
 1.96871  0.83122  0.00254
 1.96871  0.83122  0.00665
 1.94582  0.83122  0.00193
 1.92292  0.83122  0.00008
 5.36025  0.61352  0.00001
 5.36025  0.61352  0.00175
 5.36025  0.61352  0.00461
 5.21795  0.61352  0.00134
 5.12307  0.61352  0.00005
********  0.07916  0.00000
********  0.07916  0.00003
********  0.07916  0.00007
********  0.07916  0.00002
********  0.07916  0.00000
 1.78557  1.43979  0.00002
 1.78557  1.43979  0.00224
 1.78557  1.43979  0.00591
 1.76268  1.41155  0.00170
 1.76268  1.41155  0.00007
 5.07564  1.10101  0.00001
 5.07564  1.10101  0.00155
 5.07564  1.10101  0.00410
 5.07564  1.10101  0.00118
 5.02820  1.07278  0.00005
********  0.14116  0.00000
********  0.14116  0.00002
********  0.14116  0.00006
********  0.14116  0.00002
********  0.14116  0.00000
 4.64872  3.39297  0.00001
 4.55384  3.39297  0.00109
 4.55384  3.39297  0.00289
 4.55384  3.39297  0.00083
 4.45897  3.39297  0.00003
********  0.46800  0.00000
********  0.46800  0.00002
********  0.46800  0.00004
********  0.46800  0.00001
********  0.46800  0.00000
80.97139 65.65913  0.00000
80.97139 65.65913  0.00000
80.97139 65.65913  0.00000
80.97139 65.65913  0.00000
80.97139 65.65913  0.00000
 0.52192  0.43576  0.00000
 0.52192  0.43576  0.00003
 0.52192  0.43576  0.00025
 0.52192  0.43576  0.00011
 0.52192  0.43576  0.00001
 1.30025  0.31702  0.00000
 1.28420  0.31702  0.00002
 1.28420  0.31702  0.00017
 1.28420  0.31702  0.00008
 1.28420  0.31702  0.00000
 2.22088  0.28733  0.00000
 2.22088  0.28733  0.00002
 2.08353  0.27743  0.00016
 2.08353  0.27743  0.00007
 2.06064  0.27743  0.00000
 5.59780  0.19827  0.00000
 5.40805  0.19827  0.00001
 5.31318  0.19827  0.00011
 5.31318  0.19827  0.00005
 5.40805  0.18838  0.00000
********  0.02015  0.00000
********  0.02015  0.00000
********  0.02015  0.00000
********  0.02015  0.00000
********  0.02015  0.00000
 1.12372  0.93053  0.00000
 1.12372  0.93053  0.00001
 1.12372  0.93053  0.00012
 1.07558  0.91074  0.00005
 1.07558  0.91074  0.00000
 1.99196  0.85137  0.00000
 1.99196  0.85137  0.00001
 1.96907  0.83158  0.00011
 1.92329  0.83158  0.00005
 1.92329  0.83158  0.00000
 5.36062  0.61388  0.00000
 5.36062  0.61388  0.00001
 5.36062  0.61388  0.00008
 5.21831  0.61388  0.00003
 5.12344  0.61388  0.00000
********  0.07953  0.00000
********  0.07953  0.00000
********  0.07953  0.00000
********  0.07953  0.00000
********  0.07953  0.00000
 1.78593  1.44015  0.00000
 1.78593  1.44015  0.00001
 1.78593  1.44015  0.00010
 1.76304  1.41192  0.00004
 1.76304  1.41192  0.00000
 5.07600  1.10137  0.00000
 5.07600  1.10137  0.00001
 5.07600  1.10137  0.00007
 5.07600  1.10137  0.00003
 5.02857  1.07314  0.00000
********  0.14152  0.00000
********  0.14152  0.00000
********  0.14152  0.00000
********  0.14152  0.00000
********  0.14152  0.00000
 4.64908  3.39333  0.00000
 4.55421  3.39333  0.00001
 4.55421  3.39333  0.00005
 4.55421  3.39333  0.00002
 4.45933  3.39333  0.00000
********  0.46836  0.00000
********  0.46836  0.00000
********  0.46836  0.00000
********  0.46836  0.00000
********  0.46836  0.00000
80.97175 65.65949  0.00000
80.97175 65.65949  0.00000
80.97175 65.65949  0.00000
80.97175 65.65949  0.00000
80.97175 65.65949  0.00000
 0.52202  0.43586  0.00000
 0.52202  0.43586  0.00000
 0.52202  0.43586  0.00001
 0.52202  0.43586  0.00005
 1.30035  0.31712  0.00000
 1.28430  0.31712  0.00000
 1.28430  0.31712  0.00001
 1.28430  0.31712  0.00003
 2.22098  0.28743  0.00000
 2.22098  0.28743  0.00000
 2.08363  0.27754  0.00001
 2.08363  0.27754  0.00003
 5.59790  0.19837  0.00000
 5.40815  0.19837  0.00000
 5.31328  0.19837  0.00001
 5.31328  0.19837  0.00002
********  0.02026  0.00000
********  0.02026  0.00000
********  0.02026  0.00000
********  0.02026  0.00000
 1.12382  0.93064  0.00000
 1.12382  0.93064  0.00000
 1.12382  0.93064  0.00001
 1.07568  0.91084  0.00002
 1.99206  0.85147  0.00000
 1.99206  0.85147  0.00000
 1.96917  0.83168  0.00001
 1.92339  0.83168  0.00002
 5.36072  0.61398  0.00000
 5.36072  0.61398  0.00000
 5.36072  0.61398  0.00000
 5.21841  0.61398  0.00001
********  0.07963  0.00000
********  0.07963  0.00000
********  0.07963  0.00000
********  0.07963  0.00000
 1.78604  1.44025  0.00000
 1.78604  1.44025  0.00000
 1.78604  1.44025  0.00000
 1.76314  1.41202  0.00002
 5.07610  1.10148  0.00000
 5.07610  1.10148  0.00000
 5.07610  1.10148  0.00000
 5.07610  1.10148  0.00001
********  0.14162  0.00000
********  0.14162  0.00000
********  0.14162  0.00000
********  0.14162  0.00000
 4.64918  3.39343  0.00000
 4.55431  3.39343  0.00000
 4.55431  3.39343  0.00000
 4.55431  3.39343  0.00001
********  0.46846  0.00000
********  0.46846  0.00000
********  0.46846  0.00000
********  0.46846  0.00000
80.97186 65.65959  0.00000
80.97186 65.65959  0.00000
80.97186 65.65959  0.00000
80.97186 65.65959  0.00000
 0.52215  0.43599  0.00000
 0.52215  0.43599  0.00003
 0.52215  0.43599  0.00003
 0.52215  0.43599  0.00010
 0.52215  0.43599  0.00001
 1.30048  0.31725  0.00000
 1.28443  0.31725  0.00002
 1.28443  0.31725  0.00002
 1.28443  0.31725  0.00007
 1.28443  0.31725  0.00000
 2.22111  0.28756  0.00000
 2.22111  0.28756  0.00002
 2.08376  0.27767  0.00002
 2.08376  0.27767  0.00006
 2.06087  0.27767  0.00000
 5.59803  0.19850  0.00000
 5.40829  0.19850  0.00001
 5.31341  0.19850  0.00001
 5.31341  0.19850  0.00004
 5.40829  0.18861  0.00000
********  0.02039  0.00000
********  0.02039  0.00000
********  0.02039  0.00000
********  0.02039  0.00000
********  0.02039  0.00000
 1.12395  0.93077  0.00000
 1.12395  0.93077  0.00001
 1.12395  0.93077  0.00001
 1.07581  0.91098  0.00004
 1.07581  0.91098  0.00000
 1.99219  0.85160  0.00000
 1.99219  0.85160  0.00001
 1.96930  0.83181  0.00001
 1.92352  0.83181  0.00004
 1.92352  0.83181  0.00000
 5.36085  0.61411  0.00000
 5.36085  0.61411  0.00001
 5.36085  0.61411  0.00001
 5.21854  0.61411  0.00003
 5.12367  0.59432  0.00000
********  0.07976  0.00000
********  0.07976  0.00000
********  0.07976  0.00000
********  0.07976  0.00000
********  0.07976  0.00000
 1.78617  1.44038  0.00000
 1.78617  1.44038  0.00001
 1.78617  1.44038  0.00001
 1.76327  1.41215  0.00004
 1.76327  1.41215  0.00000
 5.07623  1.10161  0.00000
 5.07623  1.10161  0.00001
 5.07623  1.10161  0.00001
 5.07623  1.10161  0.00002
 5.02880  1.07338  0.00000
********  0.14175  0.00000
********  0.14175  0.00000
********  0.14175  0.00000
********  0.14175  0.00000
********  0.14175  0.00000
 4.64931  3.39357  0.00000
 4.55444  3.39357  0.00001
 4.55444  3.39357  0.00001
 4.55444  3.39357  0.00002
 4.45957  3.39357  0.00000
********  0.46859  0.00000
********  0.46859  0.00000
********  0.46859  0.00000
********  0.46859  0.00000
********  0.46859  0.00000
80.97199 65.65972  0.00000
80.97199 65.65972  0.00000
80.97199 65.65972  0.00000
80.97199 65.65972  0.00000
80.97199 65.65972  0.00000
 0.52232  0.43616  0.00000
 0.52232  0.43616  0.00000
 0.52232  0.43616  0.00005
 1.30065  0.31742  0.00000
 1.28460  0.31742  0.00000
 1.28460  0.31742  0.00004
 2.22128  0.28773  0.00000
 2.22128  0.28773  0.00000
 2.08393  0.27784  0.00003
 5.59820  0.19867  0.00000
 5.40845  0.19867  0.00000
 5.31358  0.19867  0.00002
********  0.02055  0.00000
********  0.02055  0.00000
********  0.02055  0.00000
 1.12412  0.93093  0.00000
 1.12412  0.93093  0.00000
 1.12412  0.93093  0.00002
 1.99236  0.85177  0.00000
 1.99236  0.85177  0.00000
 1.96947  0.83198  0.00002
 5.36102  0.61428  0.00000
 5.36102  0.61428  0.00000
 5.36102  0.61428  0.00001
********  0.07993  0.00000
********  0.07993  0.00000
********  0.07993  0.00000
 1.78633  1.44055  0.00000
 1.78633  1.44055  0.00000
 1.78633  1.44055  0.00002
 5.07640  1.10178  0.00000
 5.07640  1.10178  0.00000
 5.07640  1.10178  0.00001
********  0.14192  0.00000
********  0.14192  0.00000
********  0.14192  0.00000
 4.64948  3.39373  0.00000
 4.55461  3.39373  0.00000
 4.55461  3.39373  0.00001
********  0.46876  0.00000
********  0.46876  0.00000
********  0.46876  0.00000
80.97215 65.65989  0.00000
80.97215 65.65989  0.00000
80.97215 65.65989  0.00000
 0.52254  0.43638  0.00000
 0.52254  0.43638  0.00002
 0.52254  0.43638  0.00028
 0.52254  0.43638  0.00003
 0.52254  0.43638  0.00000
 1.30086  0.31763  0.00000
 1.28481  0.31763  0.00002
 1.28481  0.31763  0.00019
 1.28481  0.31763  0.00002
 1.28481  0.31763  0.00000
 2.22150  0.28795  0.00000
 2.22150  0.28795  0.00001
 2.08414  0.27805  0.00016
 2.08414  0.27805  0.00002
 2.06125  0.27805  0.00000
 5.59841  0.19889  0.00000
 5.40867  0.19889  0.00001
 5.31380  0.19889  0.00011
 5.31380  0.19889  0.00001
 5.40867  0.18899  0.00000
********  0.02077  0.00000
********  0.02077  0.00000
********  0.02077  0.00000
********  0.02077  0.00000
********  0.02077  0.00000
 1.12434  0.93115  0.00000
 1.12434  0.93115  0.00001
 1.12434  0.93115  0.00012
 1.07619  0.91136  0.00001
 1.07619  0.91136  0.00000
 1.99258  0.85199  0.00000
 1.99258  0.85199  0.00001
 1.96968  0.83219  0.00011
 1.92390  0.83219  0.00001
 1.92390  0.83219  0.00000
 5.36123  0.61450  0.00000
 5.36123  0.61450  0.00001
 5.36123  0.61450  0.00007
 5.21892  0.61450  0.00001
 5.12405  0.59470  0.00000
********  0.08014  0.00000
********  0.08014  0.00000
********  0.08014  0.00000
********  0.08014  0.00000
********  0.08014  0.00000
 1.78655  1.44076  0.00000
 1.78655  1.44076  0.00001
 1.78655  1.44076  0.00010
 1.76366  1.41253  0.00001
 1.76366  1.41253  0.00000
 5.07662  1.10199  0.00000
 5.07662  1.10199  0.00001
 5.07662  1.10199  0.00007
 5.07662  1.10199  0.00001
 5.02918  1.07376  0.00000
********  0.14213  0.00000
********  0.14213  0.00000
********  0.14213  0.00000
********  0.14213  0.00000
********  0.14213  0.00000
 4.64969  3.39395  0.00000
 4.55482  3.39395  0.00000
 4.55482  3.39395  0.00005
 4.55482  3.39395  0.00001
 4.36508  3.39395  0.00000
********  0.46897  0.00000
********  0.46897  0.00000
********  0.46897  0.00000
********  0.46897  0.00000
********  0.46897  0.00000
80.97237 65.66011  0.00000
80.97237 65.66011  0.00000
80.97237 65.66011  0.00000
80.97237 65.66011  0.00000
80.97237 65.66011  0.00000
 0.52317  0.43701  0.00000
 0.52317  0.43701  0.00000
 1.30149  0.31826  0.00000
 1.28544  0.31826  0.00000
 2.22213  0.28857  0.00000
 2.22213  0.28857  0.00000
 5.59904  0.19952  0.00000
 5.40930  0.19952  0.00000
********  0.02140  0.00000
********  0.02140  0.00000
 1.12496  0.93178  0.00000
 1.12496  0.93178  0.00000
 1.99321  0.85261  0.00000
 1.99321  0.85261  0.00000
 5.36186  0.61512  0.00000
 5.36186  0.61512  0.00000
********  0.08077  0.00000
********  0.08077  0.00000
 1.78718  1.44139  0.00000
 1.78718  1.44139  0.00000
 5.07725  1.10262  0.00000
 5.07725  1.10262  0.00000
********  0.14276  0.00000
********  0.14276  0.00000
 4.65032  3.39458  0.00000
 4.55545  3.39458  0.00000
********  0.46960  0.00000
********  0.46960  0.00000
80.97300 65.66074  0.00000
80.97300 65.66074  0.00000
 0.51618  0.43804  0.00005
 0.51618  0.43804  0.00005
 1.28648  0.31929  0.00003
 1.28648  0.31929  0.00003
 2.22316  0.28961  0.00003
 2.08581  0.27971  0.00003
 5.41033  0.20055  0.00002
 5.31546  0.20055  0.00002
********  0.02243  0.00000
********  0.02243  0.00000
 1.12600  0.93281  0.00002
 1.12600  0.93281  0.00002
 1.99424  0.85365  0.00002
 1.97135  0.83386  0.00002
 5.36290  0.61616  0.00001
 5.36290  0.61616  0.00001
********  0.08180  0.00000
********  0.08180  0.00000
 1.78821  1.44243  0.00002
 1.78821  1.44243  0.00002
 5.07828  1.10365  0.00001
 5.07828  1.10365  0.00001
********  0.14380  0.00000
********  0.14380  0.00000
 4.55649  3.39561  0.00001
 4.55649  3.39561  0.00001
********  0.47064  0.00000
********  0.47064  0.00000
80.97403 65.66177  0.00000
80.97403 65.66177  0.00000
 0.51692  0.43878  0.00000
 0.51692  0.43878  0.00000
 1.30327  0.32004  0.00000
 1.28722  0.32004  0.00000
 2.22390  0.29035  0.00000
 2.22390  0.29035  0.00000
 5.60082  0.20129  0.00000
 5.41108  0.20129  0.00000
********  0.02318  0.00000
********  0.02318  0.00000
 1.12674  0.93356  0.00000
 1.12674  0.93356  0.00000
 1.99498  0.85439  0.00000
 1.99498  0.85439  0.00000
 5.36364  0.61690  0.00000
 5.36364  0.61690  0.00000
********  0.08255  0.00000
********  0.08255  0.00000
 1.78896  1.44317  0.00000
 1.78896  1.44317  0.00000
 5.07902  1.10440  0.00000
 5.07902  1.10440  0.00000
********  0.14454  0.00000
********  0.14454  0.00000
 4.65210  3.39636  0.00000
 4.55723  3.39636  0.00000
********  0.47138  0.00000
********  0.47138  0.00000
80.97478 65.66252  0.00000
80.97478 65.66252  0.00000
 0.51737  0.43923  0.00002
 0.51737  0.43923  0.00005
 1.28767  0.32049  0.00002
 1.28767  0.32049  0.00003
 2.08700  0.28091  0.00001
 2.08700  0.28091  0.00003
 5.31665  0.20174  0.00001
 5.31665  0.20174  0.00002
********  0.02362  0.00000
********  0.02362  0.00000
 1.12719  0.93400  0.00001
 1.12719  0.93400  0.00002
 1.94965  0.83505  0.00001
 1.92676  0.83505  0.00002
 5.36409  0.61735  0.00001
 5.22178  0.59756  0.00001
********  0.08300  0.00000
********  0.08300  0.00000
 1.78940  1.44362  0.00001
 1.76651  1.41539  0.00002
 5.07947  1.10485  0.00001
 5.07947  1.10485  0.00001
********  0.14499  0.00000
********  0.14499  0.00000
 4.55768  3.39680  0.00000
 4.55768  3.39680  0.00001
********  0.47183  0.00000
********  0.47183  0.00000
80.97522 65.66296  0.00000
80.97522 65.66296  0.00000
 0.51787  0.43974  0.00000
 0.51787  0.43974  0.00001
 0.51787  0.43974  0.00008
 0.51787  0.43974  0.00004
 0.51787  0.43974  0.00001
 1.28818  0.32099  0.00000
 1.27213  0.32099  0.00001
 1.27213  0.32099  0.00006
 1.27213  0.32099  0.00003
 1.27213  0.32099  0.00000
 2.22486  0.29131  0.00000
 2.22486  0.29131  0.00001
 2.08751  0.28141  0.00005
 2.08751  0.28141  0.00003
 2.06461  0.27152  0.00000
 5.60177  0.20225  0.00000
 5.41203  0.20225  0.00001
 5.31716  0.20225  0.00004
 5.31716  0.20225  0.00002
 5.41203  0.19235  0.00000
********  0.02413  0.00000
********  0.02413  0.00000
********  0.02413  0.00000
********  0.02413  0.00000
********  0.02413  0.00000
 1.12770  0.93451  0.00000
 1.12770  0.93451  0.00001
 1.12770  0.93451  0.00004
 1.12770  0.93451  0.00002
 1.07955  0.89493  0.00000
 1.99594  0.85535  0.00000
 1.99594  0.85535  0.00000
 1.95016  0.83556  0.00003
 1.95016  0.83556  0.00002
 1.92726  0.83556  0.00000
 5.36459  0.61786  0.00000
 5.31716  0.61786  0.00000
 5.36459  0.61786  0.00002
 5.22229  0.59807  0.00001
 5.12741  0.59807  0.00000
********  0.08350  0.00000
********  0.08350  0.00000
********  0.08350  0.00000
********  0.08350  0.00000
********  0.08350  0.00000
 1.78991  1.44413  0.00000
 1.78991  1.44413  0.00000
 1.78991  1.44413  0.00003
 1.76702  1.41589  0.00002
 1.76702  1.41589  0.00000
 5.07998  1.10535  0.00000
 5.07998  1.10535  0.00000
 5.07998  1.10535  0.00002
 5.07998  1.10535  0.00001
 5.03254  1.07712  0.00000
********  0.14550  0.00000
********  0.14550  0.00000
********  0.14550  0.00000
********  0.14550  0.00000
********  0.14550  0.00000
 4.65306  3.39731  0.00000
 4.55818  3.39731  0.00000
 4.55818  3.39731  0.00002
 4.55818  3.39731  0.00001
 4.36844  3.39731  0.00000
********  0.47234  0.00000
********  0.47234  0.00000
********  0.47234  0.00000
********  0.47234  0.00000
********  0.47234  0.00000
80.97573 65.66347  0.00000
80.97573 65.66347  0.00000
80.97573 65.66347  0.00000
80.97573 65.66347  0.00000
80.97573 65.66347  0.00000
 0.51910  0.44096  0.00001
 0.51910  0.44096  0.00007
 0.51910  0.44096  0.00004
 0.51910  0.44096  0.00001
 1.27335  0.32222  0.00001
 1.27335  0.32222  0.00005
 1.27335  0.32222  0.00003
 1.27335  0.32222  0.00001
 2.20319  0.29253  0.00001
 2.06584  0.28264  0.00004
 2.06584  0.28264  0.00003
 2.06584  0.27274  0.00001
 5.55556  0.20347  0.00001
 5.31838  0.20347  0.00003
 5.31838  0.20347  0.00002
 5.41325  0.19358  0.00001
********  0.02535  0.00000
********  0.02535  0.00000
********  0.02535  0.00000
********  0.02535  0.00000
 1.11287  0.93573  0.00001
 1.11287  0.93573  0.00003
 1.11287  0.93573  0.00002
 1.11287  0.91594  0.00001
 1.99716  0.85657  0.00000
 1.95138  0.83678  0.00003
 1.95138  0.83678  0.00002
 1.92849  0.83678  0.00000
 5.31838  0.61908  0.00000
 5.31838  0.61908  0.00002
 5.22351  0.59929  0.00001
 5.12864  0.59929  0.00000
********  0.08473  0.00000
********  0.08473  0.00000
********  0.08473  0.00000
********  0.08473  0.00000
 1.79114  1.44535  0.00000
 1.79114  1.41712  0.00003
 1.74535  1.41712  0.00002
 1.74535  1.41712  0.00000
 5.08120  1.10658  0.00000
 5.08120  1.10658  0.00002
 5.08120  1.10658  0.00001
 5.03377  1.07835  0.00000
********  0.14672  0.00000
********  0.14672  0.00000
********  0.14672  0.00000
********  0.14672  0.00000
 4.55941  3.39853  0.00000
 4.55941  3.39853  0.00001
 4.55941  3.39853  0.00001
 4.36966  3.39853  0.00000
********  0.47356  0.00000
********  0.47356  0.00000
********  0.47356  0.00000
********  0.47356  0.00000
80.97695 65.66469  0.00000
80.97695 65.66469  0.00000
80.97695 65.66469  0.00000
80.97695 65.66469  0.00000
 0.51983  0.44170  0.00004
 0.51983  0.44170  0.00012
 1.27409  0.32295  0.00003
 1.27409  0.32295  0.00009
 2.06657  0.28337  0.00003
 2.06657  0.28337  0.00008
 5.31912  0.20421  0.00002
 5.31912  0.20421  0.00006
********  0.02609  0.00000
********  0.02609  0.00000
 1.11361  0.93647  0.00002
 1.11361  0.93647  0.00006
 1.95211  0.83752  0.00002
 1.95211  0.83752  0.00005
 5.31912  0.61982  0.00001
 5.22425  0.60003  0.00004
********  0.08546  0.00000
********  0.08546  0.00000
 1.79187  1.41785  0.00002
 1.74609  1.41785  0.00005
 5.08194  1.10731  0.00001
 5.08194  1.10731  0.00003
********  0.14745  0.00000
********  0.14745  0.00000
 4.56014  3.39927  0.00001
 4.51271  3.39927  0.00002
********  0.47430  0.00000
********  0.47430  0.00000
80.97769 65.66543  0.00000
80.97769 65.66543  0.00000
 0.51264  0.44253  0.00000
 0.51264  0.44253  0.00002
 0.51264  0.44253  0.00021
 1.29097  0.32379  0.00000
 1.27492  0.32379  0.00002
 1.27492  0.32379  0.00015
 2.20476  0.29410  0.00000
 2.20476  0.29410  0.00001
 2.06741  0.28420  0.00014
 5.55713  0.20504  0.00000
 5.55713  0.20504  0.00001
 5.31995  0.20504  0.00010
********  0.02692  0.00000
********  0.02692  0.00000
********  0.02692  0.00000
 1.11444  0.93730  0.00000
 1.11444  0.93730  0.00001
 1.11444  0.93730  0.00010
 1.97584  0.85814  0.00000
 1.97584  0.85814  0.00001
 1.95295  0.83835  0.00009
 5.31995  0.62065  0.00000
 5.31995  0.62065  0.00001
 5.31995  0.62065  0.00007
********  0.08630  0.00000
********  0.08630  0.00000
********  0.08630  0.00000
 1.79270  1.44692  0.00000
 1.79270  1.41869  0.00001
 1.79270  1.41869  0.00008
 5.08277  1.07991  0.00000
 5.08277  1.07991  0.00001
 5.08277  1.07991  0.00006
********  0.14829  0.00000
********  0.14829  0.00000
********  0.14829  0.00000
 4.65585  3.40010  0.00000
 4.51354  3.40010  0.00000
 4.51354  3.40010  0.00004
********  0.47513  0.00000
********  0.47513  0.00000
********  0.47513  0.00000
80.97852 65.66626  0.00000
80.97852 65.66626  0.00000
80.97852 65.66626  0.00000
 0.51359  0.44347  0.00003
 0.51359  0.44347  0.00000
 1.27586  0.32473  0.00002
 1.27586  0.32473  0.00000
 2.20570  0.29504  0.00002
 2.06835  0.28515  0.00000
 5.55807  0.20598  0.00002
 5.32089  0.20598  0.00000
********  0.02787  0.00000
********  0.02787  0.00000
 1.11538  0.93825  0.00002
 1.11538  0.93825  0.00000
 1.97678  0.85908  0.00001
 2.02257  0.85908  0.00000
 5.32089  0.62159  0.00001
 5.32089  0.62159  0.00000
********  0.08724  0.00000
********  0.08724  0.00000
 1.79365  1.41963  0.00001
 1.79365  1.41963  0.00000
 5.08371  1.08086  0.00001
 5.08371  1.08086  0.00000
********  0.14923  0.00000
********  0.14923  0.00000
 4.51448  3.40105  0.00001
 4.51448  3.40105  0.00000
********  0.47607  0.00000
********  0.47607  0.00000
80.97947 65.66720  0.00000
80.97947 65.66720  0.00000
 0.51465  0.44454  0.00000
 0.51465  0.44454  0.00000
 1.29298  0.32580  0.00000
 1.27693  0.32580  0.00000
 2.20677  0.29611  0.00000
 2.20677  0.29611  0.00000
 5.55914  0.20705  0.00000
 5.55914  0.20705  0.00000
********  0.02893  0.00000
********  0.02893  0.00000
 1.11645  0.93931  0.00000
 1.11645  0.93931  0.00000
 1.97785  0.86015  0.00000
 1.97785  0.86015  0.00000
 5.32196  0.62266  0.00000
 5.32196  0.62266  0.00000
********  0.08831  0.00000
********  0.08831  0.00000
 1.79471  1.42070  0.00000
 1.79471  1.42070  0.00000
 5.08478  1.08192  0.00000
 5.08478  1.08192  0.00000
********  0.15030  0.00000
********  0.15030  0.00000
 4.65786  3.40211  0.00000
 4.65786  3.40211  0.00000
********  0.47714  0.00000
********  0.47714  0.00000
80.98053 65.66827  0.00000
80.98053 65.66827  0.00000
 1.26365  0.33471  0.00001
 1.24760  0.33471  0.00001
 2.13401  0.30503  0.00001
 2.04245  0.29513  0.00001
 5.48308  0.22586  0.00000
 5.43564  0.21597  0.00001
********  0.04775  0.00000
********  0.04775  0.00000
 1.10317  0.91854  0.00000
 1.10317  0.91854  0.00001
 1.99666  0.85917  0.00000
 1.92799  0.83938  0.00001
 5.24590  0.64147  0.00000
 5.24590  0.64147  0.00001
********  0.10712  0.00000
********  0.10712  0.00000
 1.74485  1.43951  0.00000
 1.72196  1.41128  0.00001
 5.00872  1.10074  0.00000
 5.00872  1.10074  0.00001
********  0.16911  0.00000
********  0.16911  0.00000
 4.58180  3.42092  0.00000
 4.48693  3.42092  0.00000
********  0.49595  0.00000
********  0.49595  0.00000
80.99935 65.68708  0.00000
80.99935 65.68708  0.00000
 1.28339  0.33841  0.00000
 1.26734  0.33841  0.00000
 1.25130  0.33841  0.00005
 1.25130  0.33841  0.00009
 1.23525  0.33841  0.00001
 2.16060  0.30872  0.00000
 2.16060  0.30872  0.00000
 2.11482  0.30872  0.00004
 2.09193  0.30872  0.00008
 2.00036  0.29883  0.00001
 5.48678  0.22956  0.00000
 5.48678  0.22956  0.00000
 5.48678  0.22956  0.00003
 5.43934  0.21966  0.00005
 5.34447  0.21966  0.00001
********  0.05144  0.00000
********  0.05144  0.00000
********  0.05144  0.00000
********  0.05144  0.00000
********  0.05144  0.00000
 1.17106  0.98161  0.00000
 1.13896  0.94203  0.00000
 1.10686  0.92224  0.00003
 1.10686  0.92224  0.00006
 1.09082  0.92224  0.00001
 1.97747  0.86287  0.00000
 1.97747  0.86287  0.00000
 1.97747  0.86287  0.00003
 1.95457  0.86287  0.00005
 1.90879  0.84308  0.00001
 5.24960  0.64517  0.00000
 5.24960  0.64517  0.00000
 5.24960  0.64517  0.00002
 5.24960  0.64517  0.00004
 5.05985  0.62538  0.00000
********  0.11081  0.00000
********  0.11081  0.00000
********  0.11081  0.00000
********  0.11081  0.00000
********  0.11081  0.00000
 1.77144  1.41497  0.00000
 1.77144  1.41497  0.00000
 1.74855  1.41497  0.00003
 1.72565  1.41497  0.00004
 1.72565  1.41497  0.00001
 5.05985  1.10443  0.00000
 5.01242  1.10443  0.00000
 5.01242  1.10443  0.00002
 5.01242  1.10443  0.00003
 4.91755  1.10443  0.00000
********  0.17281  0.00000
********  0.17281  0.00000
********  0.17281  0.00000
********  0.17281  0.00000
********  0.17281  0.00000
 4.58549  3.42462  0.00000
 4.58549  3.42462  0.00000
 4.44319  3.42462  0.00001
 4.44319  3.42462  0.00002
 4.44319  3.36612  0.00000
********  0.49965  0.00000
********  0.49965  0.00000
********  0.49965  0.00000
********  0.49965  0.00000
********  0.49965  0.00000
81.00304 65.69078  0.00000
81.00304 65.69078  0.00000
81.00304 65.69078  0.00000
81.00304 65.69078  0.00000
81.00304 65.69078  0.00000
 1.27153  0.34259  0.00000
 1.27153  0.34259  0.00004
 1.25548  0.34259  0.00008
 2.14189  0.31291  0.00000
 2.14189  0.31291  0.00004
 2.11900  0.31291  0.00007
 5.49096  0.23374  0.00000
 5.49096  0.23374  0.00002
 5.49096  0.23374  0.00005
********  0.05563  0.00000
********  0.05563  0.00000
********  0.05563  0.00000
 1.17524  0.96601  0.00000
 1.12710  0.94622  0.00003
 1.12710  0.94622  0.00005
 1.98165  0.86705  0.00000
 1.98165  0.86705  0.00002
 1.98165  0.86705  0.00005
 5.25378  0.64935  0.00000
 5.25378  0.64935  0.00002
 5.25378  0.64935  0.00003
********  0.11500  0.00000
********  0.11500  0.00000
********  0.11500  0.00000
 1.75273  1.41916  0.00000
 1.75273  1.41916  0.00002
 1.75273  1.41916  0.00004
 5.15891  1.13685  0.00000
 4.96917  1.10862  0.00002
 5.01660  1.10862  0.00003
********  0.17699  0.00000
********  0.17699  0.00000
********  0.17699  0.00000
 4.58968  3.42881  0.00000
 4.58968  3.42881  0.00001
 4.58968  3.42881  0.00002
********  0.50383  0.00000
********  0.50383  0.00000
********  0.50383  0.00000
81.00723 65.69496  0.00000
81.00723 65.69496  0.00000
81.00723 65.69496  0.00000
 1.26022  0.34733  0.00000
 1.26022  0.34733  0.00000
 1.22812  0.34733  0.00001
 1.22812  0.34733  0.00001
 2.14663  0.31765  0.00000
 2.14663  0.31765  0.00000
 2.10085  0.31765  0.00001
 1.98639  0.29785  0.00001
 5.44826  0.23848  0.00000
 5.44826  0.23848  0.00000
 5.35339  0.22859  0.00001
 5.25852  0.22859  0.00000
********  0.06036  0.00000
********  0.06036  0.00000
********  0.06036  0.00000
********  0.06036  0.00000
 1.16393  0.97074  0.00000
 1.96350  0.87179  0.00000
 1.96350  0.87179  0.00000
 1.94060  0.85200  0.00001
 1.89482  0.85200  0.00000
 5.21108  0.65409  0.00000
 5.21108  0.65409  0.00000
 5.21108  0.65409  0.00000
 5.06878  0.63430  0.00000
********  0.11974  0.00000
********  0.11974  0.00000
********  0.11974  0.00000
********  0.11974  0.00000
 1.75747  1.42390  0.00000
 1.75747  1.42390  0.00000
 1.71168  1.39567  0.00000
 1.71168  1.39567  0.00000
 5.25852  1.11335  0.00000
 5.06878  1.08512  0.00000
 4.97390  1.11335  0.00000
 4.92647  1.08512  0.00000
********  0.18173  0.00000
********  0.18173  0.00000
********  0.18173  0.00000
********  0.18173  0.00000
 4.59442  3.43354  0.00000
 4.59442  3.43354  0.00000
 4.45211  3.37504  0.00000
 4.40467  3.37504  0.00000
********  0.50857  0.00000
********  0.50857  0.00000
********  0.50857  0.00000
********  0.50857  0.00000
81.01196 65.69970  0.00000
81.01196 65.69970  0.00000
81.01196 65.69970  0.00000
81.01196 65.69970  0.00000
 1.24953  0.35270  0.00002
 1.23349  0.34280  0.00022
 2.12910  0.32301  0.00002
 2.10621  0.31311  0.00021
 5.45363  0.24385  0.00002
 5.45363  0.24385  0.00016
********  0.06573  0.00000
********  0.06573  0.00000
 1.94597  0.87715  0.00001
 1.92308  0.85736  0.00014
 5.21645  0.65945  0.00001
 5.21645  0.65945  0.00011
********  0.12510  0.00000
********  0.12510  0.00000
 1.73994  1.42926  0.00001
 1.73994  1.42926  0.00012
 4.97927  1.11872  0.00001
 4.97927  1.11872  0.00009
********  0.18709  0.00000
********  0.18709  0.00000
 4.50491  3.43891  0.00001
 4.50491  3.43891  0.00006
********  0.51393  0.00000
********  0.51393  0.00000
81.01733 65.70507  0.00000
81.01733 65.70507  0.00000
 1.23956  0.35877  0.00000
 1.23956  0.35877  0.00041
 1.23956  0.35877  0.00162
 1.23956  0.34887  0.00038
 1.22351  0.34887  0.00001
 2.15807  0.32908  0.00000
 2.11229  0.32908  0.00039
 2.11229  0.32908  0.00153
 2.08939  0.31919  0.00035
 2.04361  0.31919  0.00001
 5.41227  0.24992  0.00000
 5.41227  0.24992  0.00029
 5.41227  0.24992  0.00114
 5.41227  0.24992  0.00026
 5.26996  0.24002  0.00000
********  0.07180  0.00000
********  0.07180  0.00000
********  0.07180  0.00001
********  0.07180  0.00000
********  0.07180  0.00000
 1.95204  0.88323  0.00000
 1.95204  0.88323  0.00026
 1.95204  0.86344  0.00102
 1.90626  0.86344  0.00024
 1.90626  0.86344  0.00000
 5.17509  0.66553  0.00000
 5.17509  0.66553  0.00019
 5.17509  0.66553  0.00076
 5.17509  0.66553  0.00017
 5.12765  0.64574  0.00000
********  0.13118  0.00000
********  0.13118  0.00000
********  0.13118  0.00001
********  0.13118  0.00000
********  0.13118  0.00000
 1.72312  1.43534  0.00000
 1.72312  1.43534  0.00022
 1.72312  1.43534  0.00089
 1.72312  1.43534  0.00021
 1.70023  1.40710  0.00000
 5.31739  1.18126  0.00000
 5.12765  1.12479  0.00016
 5.08021  1.09656  0.00066
 4.93791  1.12479  0.00015
 4.89047  1.09656  0.00000
********  0.19317  0.00000
********  0.19317  0.00000
********  0.19317  0.00001
********  0.19317  0.00000
********  0.19317  0.00000
 4.51098  3.44498  0.00000
 4.51098  3.44498  0.00011
 4.51098  3.44498  0.00046
 4.51098  3.44498  0.00011
 4.36868  3.38648  0.00000
********  0.52001  0.00000
********  0.52001  0.00000
********  0.52001  0.00001
********  0.52001  0.00000
********  0.52001  0.00000
81.02340 65.71114  0.00000
81.02340 65.71114  0.00000
81.02340 65.71114  0.00000
81.02340 65.71114  0.00000
81.02340 65.71114  0.00000
 1.24644  0.35575  0.00000
 1.24644  0.35575  0.00036
 1.24644  0.35575  0.00182
 1.23039  0.35575  0.00106
 1.21434  0.35575  0.00007
 2.14206  0.33596  0.00000
 2.09627  0.32607  0.00033
 2.09627  0.32607  0.00166
 2.07338  0.32607  0.00096
 2.07338  0.32607  0.00006
 5.37171  0.25680  0.00000
 5.37171  0.25680  0.00024
 5.41914  0.25680  0.00120
 5.41914  0.25680  0.00069
 5.18196  0.24690  0.00004
********  0.07868  0.00000
********  0.07868  0.00000
********  0.07868  0.00002
********  0.07868  0.00001
********  0.07868  0.00000
 1.93603  0.87031  0.00000
 1.93603  0.87031  0.00023
 1.93603  0.87031  0.00115
 1.91314  0.87031  0.00066
 1.89024  0.87031  0.00004
 5.18196  0.65261  0.00000
 5.18196  0.65261  0.00017
 5.18196  0.65261  0.00083
 5.18196  0.65261  0.00048
 5.13453  0.65261  0.00003
********  0.13805  0.00000
********  0.13805  0.00000
********  0.13805  0.00001
********  0.13805  0.00001
********  0.13805  0.00000
 1.73000  1.41398  0.00000
 1.73000  1.41398  0.00021
 1.73000  1.41398  0.00106
 1.73000  1.41398  0.00061
 1.68422  1.41398  0.00004
 5.32427  1.15990  0.00000
 5.18196  1.13167  0.00015
 5.08709  1.10344  0.00077
 4.94478  1.10344  0.00044
 4.84991  1.10344  0.00003
********  0.20004  0.00000
********  0.20004  0.00000
********  0.20004  0.00001
********  0.20004  0.00001
********  0.20004  0.00000
 4.51786  3.33486  0.00000
 4.51786  3.33486  0.00011
 4.51786  3.33486  0.00055
 4.51786  3.33486  0.00032
 4.51786  3.33486  0.00002
********  0.52688  0.00000
********  0.52688  0.00000
********  0.52688  0.00001
********  0.52688  0.00000
********  0.52688  0.00000
81.03028 65.71802  0.00000
81.03028 65.71802  0.00000
81.03028 65.71802  0.00000
81.03028 65.71802  0.00000
81.03028 65.71802  0.00000
 1.23818  0.36354  0.00000
 1.23818  0.36354  0.00006
 1.23818  0.36354  0.00001
 2.12695  0.33385  0.00000
 2.12695  0.33385  0.00005
 2.08117  0.33385  0.00001
 5.37949  0.26458  0.00000
 5.28462  0.26458  0.00004
 5.37949  0.26458  0.00001
********  0.08647  0.00000
********  0.08647  0.00000
********  0.08647  0.00000
 1.92092  0.87810  0.00000
 1.92092  0.87810  0.00004
 1.92092  0.87810  0.00001
 5.14231  0.66040  0.00000
 5.14231  0.66040  0.00003
 5.14231  0.66040  0.00000
********  0.14584  0.00000
********  0.14584  0.00000
********  0.14584  0.00000
 1.71489  1.42177  0.00000
 1.71489  1.42177  0.00003
 5.28462  1.16769  0.00000
 5.18975  1.13946  0.00002
 5.09488  1.08299  0.00000
********  0.20783  0.00000
********  0.20783  0.00000
********  0.20783  0.00000
 4.62052  3.51814  0.00000
 4.52565  3.34265  0.00002
 4.52565  3.34265  0.00000
********  0.53467  0.00000
********  0.53467  0.00000
********  0.53467  0.00000
81.03807 65.72580  0.00000
81.03807 65.72580  0.00000
81.03807 65.72580  0.00000
 1.24092  0.38233  0.00009
 1.24092  0.38233  0.00074
 1.24092  0.38233  0.00057
 1.24092  0.38233  0.00006
 2.12285  0.35265  0.00008
 2.12285  0.35265  0.00067
 2.05418  0.35265  0.00052
 2.05418  0.35265  0.00006
 5.30342  0.27348  0.00006
 5.30342  0.27348  0.00048
 5.30342  0.27348  0.00037
 5.25598  0.27348  0.00004
********  0.10526  0.00000
********  0.10526  0.00001
********  0.10526  0.00001
********  0.10526  0.00000
 1.89393  0.87711  0.00005
 1.89393  0.87711  0.00044
 1.87104  0.87711  0.00034
 1.87104  0.87711  0.00004
 5.11367  0.67920  0.00004
 5.11367  0.67920  0.00032
 5.11367  0.67920  0.00025
 5.01880  0.67920  0.00003
********  0.16464  0.00000
********  0.16464  0.00000
********  0.16464  0.00000
********  0.16464  0.00000
 5.20855  1.18648  0.00003
 5.11367  1.15825  0.00027
 5.11367  1.10179  0.00021
 4.78162  1.13002  0.00002
********  0.22663  0.00000
********  0.22663  0.00000
********  0.22663  0.00000
********  0.22663  0.00000
 4.59188  3.47844  0.00002
 4.44957  3.36144  0.00019
 4.44957  3.36144  0.00014
 4.44957  3.36144  0.00002
********  0.55347  0.00000
********  0.55347  0.00000
********  0.55347  0.00000
********  0.55347  0.00000
81.05686 65.74460  0.00000
81.05686 65.74460  0.00000
81.05686 65.74460  0.00000
81.05686 65.74460  0.00000
 1.30037  0.40353  0.00000
 1.23618  0.39364  0.00000
 1.23618  0.39364  0.00013
 1.23618  0.39364  0.00010
 1.22013  0.38374  0.00001
 2.11126  0.36395  0.00000
 2.11126  0.36395  0.00000
 2.11126  0.36395  0.00012
 2.06548  0.36395  0.00009
 2.04259  0.35405  0.00001
 5.26728  0.28479  0.00000
 5.26728  0.28479  0.00000
 5.26728  0.28479  0.00008
 5.26728  0.28479  0.00007
 5.21985  0.28479  0.00001
********  0.11656  0.00000
********  0.11656  0.00000
********  0.11656  0.00000
********  0.11656  0.00000
********  0.11656  0.00000
 1.88234  0.88841  0.00000
 1.88234  0.88841  0.00000
 1.88234  0.88841  0.00008
 1.85945  0.86862  0.00006
 1.85945  0.86862  0.00001
 5.31472  0.69050  0.00000
 5.12498  0.69050  0.00000
 5.07754  0.69050  0.00006
 5.07754  0.69050  0.00005
 4.98267  0.69050  0.00001
********  0.17594  0.00000
********  0.17594  0.00000
********  0.17594  0.00000
********  0.17594  0.00000
********  0.17594  0.00000
 5.17241  1.19779  0.00000
 5.17241  1.19779  0.00000
 5.17241  1.19779  0.00005
 5.12498  1.08486  0.00004
 5.12498  1.08486  0.00000
********  0.23793  0.00000
********  0.23793  0.00000
********  0.23793  0.00000
********  0.23793  0.00000
********  0.23793  0.00000
 4.55574  3.48974  0.00000
 4.55574  3.48974  0.00000
 4.46087  3.37274  0.00004
 4.46087  3.37274  0.00003
 4.36600  3.37274  0.00000
********  0.56477  0.00000
********  0.56477  0.00000
********  0.56477  0.00000
********  0.56477  0.00000
********  0.56477  0.00000
81.06816 65.75590  0.00000
81.06816 65.75590  0.00000
81.06816 65.75590  0.00000
81.06816 65.75590  0.00000
81.06816 65.75590  0.00000
 1.31316  0.41633  0.00000
 1.26502  0.40643  0.00008
 1.26502  0.40643  0.00095
 1.21688  0.39654  0.00094
 1.21688  0.39654  0.00007
 2.07827  0.37674  0.00000
 2.07827  0.37674  0.00008
 2.07827  0.37674  0.00087
 2.05538  0.36685  0.00088
 2.03249  0.36685  0.00007
 5.23264  0.29758  0.00000
 5.23264  0.29758  0.00006
 5.23264  0.29758  0.00064
 5.23264  0.29758  0.00064
 5.18521  0.29758  0.00005
********  0.12936  0.00000
********  0.12936  0.00000
********  0.12936  0.00001
********  0.12936  0.00001
********  0.12936  0.00000
 1.87225  0.88141  0.00000
 1.87225  0.88141  0.00005
 1.87225  0.88141  0.00059
 1.87225  0.88141  0.00059
 1.82646  0.88141  0.00005
 5.42239  0.72308  0.00000
 5.32751  0.70329  0.00004
 5.13777  0.68350  0.00043
 5.04290  0.70329  0.00043
 4.94803  0.68350  0.00003
********  0.18873  0.00000
********  0.18873  0.00000
********  0.18873  0.00001
********  0.18873  0.00001
********  0.18873  0.00000
 5.18521  1.18235  0.00000
 5.18521  1.18235  0.00004
 5.18521  1.18235  0.00039
 5.13777  1.15412  0.00039
 5.13777  1.06942  0.00003
********  0.25072  0.00000
********  0.25072  0.00000
********  0.25072  0.00001
********  0.25072  0.00001
********  0.25072  0.00000
 4.52110  3.44404  0.00000
 4.52110  3.44404  0.00003
 4.52110  3.44404  0.00028
 4.37880  3.38554  0.00028
 4.37880  3.38554  0.00002
********  0.57756  0.00000
********  0.57756  0.00000
********  0.57756  0.00000
********  0.57756  0.00000
********  0.57756  0.00000
81.08096 65.76870  0.00000
81.08096 65.76870  0.00000
81.08096 65.76870  0.00000
81.08096 65.76870  0.00000
81.08096 65.76870  0.00000
 1.31160  0.43081  0.00000
 1.24741  0.41102  0.00031
 1.24741  0.41102  0.00119
 1.24741  0.41102  0.00061
 1.19927  0.40113  0.00006
 2.06987  0.38134  0.00000
 2.06987  0.38134  0.00028
 2.04698  0.38134  0.00110
 2.02409  0.38134  0.00055
 2.02409  0.38134  0.00005
 5.34200  0.32196  0.00000
 5.19969  0.31207  0.00021
 5.19969  0.31207  0.00080
 5.19969  0.31207  0.00039
 5.15226  0.31207  0.00004
********  0.14385  0.00000
********  0.14385  0.00000
********  0.14385  0.00001
********  0.14385  0.00001
********  0.14385  0.00000
 1.84095  0.89590  0.00000
 1.84095  0.89590  0.00019
 1.84095  0.89590  0.00074
 1.84095  0.89590  0.00037
 1.81806  0.87611  0.00004
 5.38944  0.73757  0.00000
 5.38944  0.73757  0.00014
 5.15226  0.69799  0.00054
 5.15226  0.69799  0.00026
 4.91508  0.69799  0.00003
********  0.20322  0.00000
********  0.20322  0.00000
********  0.20322  0.00001
********  0.20322  0.00000
********  0.20322  0.00000
 5.34200  1.16861  0.00000
 5.15226  1.19684  0.00013
 5.15226  1.19684  0.00049
 5.15226  1.19684  0.00024
 4.77277  1.11214  0.00002
********  0.26521  0.00000
********  0.26521  0.00000
********  0.26521  0.00001
********  0.26521  0.00000
********  0.26521  0.00000
 4.48816  3.45853  0.00000
 4.48816  3.45853  0.00009
 4.48816  3.45853  0.00036
 4.48816  3.45853  0.00017
 4.39328  3.28303  0.00002
********  0.59205  0.00000
********  0.59205  0.00000
********  0.59205  0.00000
********  0.59205  0.00000
********  0.59205  0.00000
81.09545 65.78318  0.00000
81.09545 65.78318  0.00000
81.09545 65.78318  0.00000
81.09545 65.78318  0.00000
81.09545 65.78318  0.00000
 1.32801  0.43732  0.00000
 1.31196  0.43732  0.00007
 1.23172  0.42742  0.00056
 1.23172  0.42742  0.00053
 1.21567  0.41753  0.00006
 2.04049  0.39774  0.00000
 2.04049  0.39774  0.00006
 2.01760  0.39774  0.00051
 1.99470  0.38784  0.00049
 1.99470  0.38784  0.00005
 5.54815  0.33837  0.00000
 5.16866  0.32847  0.00004
 5.16866  0.32847  0.00037
 5.16866  0.32847  0.00036
 5.07379  0.32847  0.00004
********  0.16025  0.00000
********  0.16025  0.00000
********  0.16025  0.00001
********  0.16025  0.00000
********  0.16025  0.00000
 1.83446  0.89251  0.00000
 1.83446  0.89251  0.00004
 1.83446  0.89251  0.00036
 1.83446  0.89251  0.00034
 1.83446  0.89251  0.00004
 5.31097  0.75397  0.00000
 5.31097  0.75397  0.00003
 5.31097  0.75397  0.00026
 5.16866  0.69460  0.00025
 4.88404  0.71439  0.00003
********  0.21962  0.00000
********  0.21962  0.00000
********  0.21962  0.00000
********  0.21962  0.00000
********  0.21962  0.00000
 5.07379  1.21324  0.00000
 5.07379  1.21324  0.00003
 5.07379  1.21324  0.00024
 4.78917  1.15678  0.00023
 4.78917  1.12855  0.00002
********  0.28161  0.00000
********  0.28161  0.00000
********  0.28161  0.00000
********  0.28161  0.00000
********  0.28161  0.00000
 4.45712  3.47493  0.00000
 4.45712  3.47493  0.00002
 4.45712  3.47493  0.00017
 4.45712  3.47493  0.00016
 4.40969  3.41643  0.00002
********  0.60845  0.00000
********  0.60845  0.00000
********  0.60845  0.00000
********  0.60845  0.00000
********  0.60845  0.00000
80.00265 65.79959  0.00000
80.00265 65.79959  0.00000
80.00265 65.79959  0.00000
80.00265 65.79959  0.00000
80.00265 65.79959  0.00000
 1.29843  0.45589  0.00000
 1.29843  0.45589  0.00010
 1.28238  0.44600  0.00082
 1.25029  0.44600  0.00079
 1.20215  0.43610  0.00012
 2.01328  0.40641  0.00000
 2.01328  0.40641  0.00010
 1.99038  0.40641  0.00076
 1.96749  0.40641  0.00072
 1.96749  0.40641  0.00011
 5.47185  0.35694  0.00000
 5.47185  0.35694  0.00007
 5.18723  0.33715  0.00056
 5.18723  0.33715  0.00053
 5.04492  0.33715  0.00008
********  0.17882  0.00000
********  0.17882  0.00000
********  0.17882  0.00001
********  0.17882  0.00001
********  0.17882  0.00000
 1.94460  0.95066  0.00000
 1.80725  0.91108  0.00006
 1.80725  0.91108  0.00052
 1.80725  0.91108  0.00049
 1.80725  0.91108  0.00008
 5.28210  0.75275  0.00000
 5.28210  0.75275  0.00005
 5.28210  0.75275  0.00038
 5.18723  0.71317  0.00036
 5.18723  0.69338  0.00005
********  0.23819  0.00000
********  0.23819  0.00000
********  0.23819  0.00001
********  0.23819  0.00000
********  0.23819  0.00000
 5.18723  1.20358  0.00000
 5.04492  1.20358  0.00004
 5.04492  1.20358  0.00034
 5.04492  1.20358  0.00032
 4.80774  1.11889  0.00005
********  0.30018  0.00000
********  0.30018  0.00000
********  0.30018  0.00000
********  0.30018  0.00000
********  0.30018  0.00000
 4.42826  3.43500  0.00000
 4.42826  3.43500  0.00003
 4.42826  3.43500  0.00024
 4.42826  3.43500  0.00022
 4.38082  3.43500  0.00003
********  0.62702  0.00000
********  0.62702  0.00000
********  0.62702  0.00000
********  0.62702  0.00000
********  0.62702  0.00000
80.02122 65.81816  0.00000
80.02122 65.81816  0.00000
80.02122 65.81816  0.00000
80.02122 65.81816  0.00000
80.02122 65.81816  0.00000
 1.96563  0.42744  0.00000
 1.96563  0.42744  0.00006
 1.96563  0.42744  0.00075
 1.96563  0.42744  0.00094
 1.94273  0.41754  0.00016
 5.44544  0.36807  0.00000
 5.44544  0.36807  0.00004
 5.44544  0.36807  0.00054
 5.20826  0.35817  0.00068
 4.97108  0.35817  0.00012
********  0.19985  0.00000
********  0.19985  0.00000
********  0.19985  0.00001
********  0.19985  0.00001
********  0.19985  0.00000
 1.96563  0.97169  0.00000
 1.89695  0.95190  0.00004
 1.78249  0.91232  0.00052
 1.89695  0.95190  0.00064
 1.78249  0.91232  0.00011
 5.39800  0.75399  0.00000
 5.20826  0.77378  0.00003
 5.20826  0.77378  0.00037
 5.20826  0.77378  0.00046
 5.20826  0.73420  0.00008
********  0.25922  0.00000
********  0.25922  0.00000
********  0.25922  0.00001
********  0.25922  0.00001
********  0.25922  0.00000
 5.20826  1.25284  0.00000
 5.20826  1.19637  0.00003
 4.97108  1.22461  0.00034
 4.97108  1.22461  0.00041
 4.82877  1.16814  0.00007
********  0.32121  0.00000
********  0.32121  0.00000
********  0.32121  0.00000
********  0.32121  0.00001
********  0.32121  0.00000
 4.40185  3.39753  0.00000
 4.40185  3.39753  0.00002
 4.40185  3.39753  0.00024
 4.40185  3.39753  0.00030
 4.35441  3.39753  0.00005
********  0.64805  0.00000
********  0.64805  0.00000
********  0.64805  0.00000
********  0.64805  0.00000
********  0.64805  0.00000
80.04225 65.83918  0.00000
80.04225 65.83918  0.00000
80.04225 65.83918  0.00000
80.04225 65.83918  0.00000
80.04225 65.83918  0.00000
 2.08100  0.46114  0.00000
 1.94365  0.44135  0.00002
 1.92076  0.44135  0.00063
 1.92076  0.44135  0.00063
 1.94365  0.44135  0.00009
 5.32694  0.39187  0.00000
 5.32694  0.39187  0.00001
 5.32694  0.39187  0.00046
 5.23206  0.38198  0.00046
 5.23206  0.37208  0.00007
********  0.22365  0.00000
********  0.22365  0.00000
********  0.22365  0.00001
********  0.22365  0.00001
********  0.22365  0.00000
 1.98943  0.99550  0.00000
 1.89786  0.95591  0.00001
 1.76051  0.91633  0.00040
 1.85208  0.95591  0.00040
 1.85208  0.95591  0.00006
 5.42181  0.75801  0.00000
 5.13719  0.79759  0.00001
 5.13719  0.79759  0.00029
 5.13719  0.79759  0.00029
 4.85258  0.73821  0.00004
********  0.28302  0.00000
********  0.28302  0.00000
********  0.28302  0.00000
********  0.28302  0.00000
********  0.28302  0.00000
 5.13719  1.27664  0.00000
 5.13719  1.27664  0.00001
 5.04232  1.22018  0.00025
 4.90001  1.24841  0.00025
 4.75771  1.19195  0.00004
********  0.34502  0.00000
********  0.34502  0.00000
********  0.34502  0.00000
********  0.34502  0.00000
********  0.34502  0.00000
 4.33078  3.42133  0.00000
 4.33078  3.42133  0.00001
 4.33078  3.42133  0.00018
 4.33078  3.42133  0.00018
 4.33078  3.36283  0.00003
********  0.67186  0.00000
********  0.67186  0.00000
********  0.67186  0.00000
********  0.67186  0.00000
********  0.67186  0.00000
80.06606 65.86299  0.00000
80.06606 65.86299  0.00000
80.06606 65.86299  0.00000
80.06606 65.86299  0.00000
80.06606 65.86299  0.00000
 2.09269  0.51861  0.00000
 2.09269  0.51861  0.00036
 1.86377  0.48893  0.00184
 1.97823  0.49882  0.00180
 1.97823  0.49882  0.00030
 5.47928  0.44935  0.00000
 5.47928  0.44935  0.00026
 5.19466  0.43945  0.00129
 5.14723  0.44935  0.00126
 4.91005  0.43945  0.00021
********  0.28112  0.00000
********  0.28112  0.00000
********  0.28112  0.00002
********  0.28112  0.00002
********  0.28112  0.00000
 5.19466  0.85506  0.00000
 5.19466  0.85506  0.00016
 5.09979  0.81548  0.00083
 5.09979  0.81548  0.00082
 4.91005  0.83527  0.00014
********  0.34050  0.00000
********  0.34050  0.00000
********  0.34050  0.00001
********  0.34050  0.00001
********  0.34050  0.00000
 5.09979  1.27765  0.00000
 4.95749  1.30588  0.00014
 4.95749  1.30588  0.00072
 4.95749  1.30588  0.00072
 4.91005  1.27765  0.00012
********  0.40249  0.00000
********  0.40249  0.00000
********  0.40249  0.00001
********  0.40249  0.00001
********  0.40249  0.00000
 4.24595  3.36181  0.00000
 4.24595  3.36181  0.00010
 4.24595  3.36181  0.00053
 4.24595  3.36181  0.00052
 4.19851  3.36181  0.00009
********  0.72933  0.00000
********  0.72933  0.00000
********  0.72933  0.00001
********  0.72933  0.00001
********  0.72933  0.00000
80.12353 65.92046  0.00000
80.12353 65.92046  0.00000
80.12353 65.92046  0.00000
80.12353 65.92046  0.00000
80.12353 65.92046  0.00000
 5.03947  0.47400  0.00000
********  0.31568  0.00000
 4.80229  0.85003  0.00000
********  0.37505  0.00000
 4.80229  1.31221  0.00000
********  0.43704  0.00000
 4.13819  3.33786  0.00000
********  0.76388  0.00000
80.15808 65.95502  0.00000
 5.36321  0.51313  0.00000
 5.17347  0.51313  0.00002
 5.17347  0.51313  0.00032
 5.17347  0.51313  0.00070
 4.88885  0.51313  0.00021
********  0.35480  0.00000
********  0.35480  0.00000
********  0.35480  0.00000
********  0.35480  0.00001
********  0.35480  0.00000
 5.17347  0.88915  0.00000
 5.17347  0.88915  0.00001
 5.17347  0.88915  0.00021
 4.98372  0.88915  0.00046
 4.98372  0.88915  0.00014
********  0.41417  0.00000
********  0.41417  0.00000
********  0.41417  0.00000
********  0.41417  0.00001
********  0.41417  0.00000
 5.03116  1.35133  0.00000
 4.88885  1.32310  0.00001
 4.88885  1.32310  0.00019
 4.88885  1.32310  0.00041
 4.88885  1.29487  0.00012
********  0.47616  0.00000
********  0.47616  0.00000
********  0.47616  0.00000
********  0.47616  0.00001
********  0.47616  0.00000
 4.22475  3.49398  0.00000
 4.22475  3.49398  0.00001
 4.12988  3.37698  0.00013
 4.12988  3.37698  0.00029
 4.08244  3.31848  0.00009
********  0.80300  0.00000
********  0.80300  0.00000
********  0.80300  0.00000
********  0.80300  0.00000
********  0.80300  0.00000
80.19720 65.99414  0.00000
80.19720 65.99414  0.00000
80.19720 65.99414  0.00000
80.19720 65.99414  0.00000
80.19720 65.99414  0.00000
 5.21776  0.54753  0.00000
 5.21776  0.54753  0.00002
 5.21776  0.54753  0.00013
 5.21776  0.54753  0.00034
 5.02802  0.55742  0.00022
********  0.39909  0.00000
********  0.39909  0.00000
********  0.39909  0.00000
********  0.39909  0.00000
********  0.39909  0.00000
 5.12289  0.95324  0.00000
 5.12289  0.95324  0.00001
 5.02802  0.91366  0.00008
 5.02802  0.91366  0.00022
 5.02802  0.91366  0.00015
********  0.45847  0.00000
********  0.45847  0.00000
********  0.45847  0.00000
********  0.45847  0.00000
********  0.45847  0.00000
 4.88571  1.39562  0.00000
 4.88571  1.39562  0.00001
 4.88571  1.39562  0.00007
 4.88571  1.39562  0.00020
 4.74340  1.33916  0.00013
********  0.52046  0.00000
********  0.52046  0.00000
********  0.52046  0.00000
********  0.52046  0.00000
********  0.52046  0.00000
 4.17417  3.42128  0.00000
 4.17417  3.42128  0.00001
 4.17417  3.42128  0.00005
 4.17417  3.42128  0.00014
 3.98443  3.30428  0.00009
********  0.84730  0.00000
********  0.84730  0.00000
********  0.84730  0.00000
********  0.84730  0.00000
********  0.84730  0.00000
80.24150 66.03843  0.00000
80.24150 66.03843  0.00000
80.24150 66.03843  0.00000
80.24150 66.03843  0.00000
80.24150 66.03843  0.00000
 5.17304  0.60757  0.00000
 5.17304  0.60757  0.00009
 5.17304  0.60757  0.00102
 5.07817  0.59768  0.00129
 5.07817  0.59768  0.00025
********  0.44924  0.00000
********  0.44924  0.00000
********  0.44924  0.00001
********  0.44924  0.00002
********  0.44924  0.00000
 4.98330  0.98360  0.00000
 4.98330  0.98360  0.00006
 4.98330  0.98360  0.00068
 4.98330  0.98360  0.00086
 4.93586  0.98360  0.00017
********  0.50862  0.00000
********  0.50862  0.00000
********  0.50862  0.00001
********  0.50862  0.00001
********  0.50862  0.00000
 1.80297  1.61516  0.00000
 4.79355  1.41754  0.00000
 4.79355  1.41754  0.00005
 4.79355  1.41754  0.00060
 4.79355  1.41754  0.00076
 4.74612  1.38931  0.00015
********  0.57061  0.00000
********  0.57061  0.00000
********  0.57061  0.00001
********  0.57061  0.00001
********  0.57061  0.00000
 4.17689  3.41293  0.00000
 4.03458  3.47143  0.00004
 4.03458  3.47143  0.00043
 4.03458  3.47143  0.00054
 4.03458  3.35443  0.00011
********  0.89745  0.00000
********  0.89745  0.00000
********  0.89745  0.00001
********  0.89745  0.00001
********  0.89745  0.00000
79.18245 66.08858  0.00000
79.18245 66.08858  0.00000
79.18245 66.08858  0.00000
79.18245 66.08858  0.00000
79.18245 66.08858  0.00000
 2.04289  0.71383  0.00000
 5.04008  0.65446  0.00000
 5.04008  0.65446  0.00001
 5.04008  0.65446  0.00050
 5.04008  0.65446  0.00140
 4.99264  0.65446  0.00047
********  0.50603  0.00000
********  0.50603  0.00000
********  0.50603  0.00001
********  0.50603  0.00002
********  0.50603  0.00001
 1.90554  1.15913  0.00000
 1.90554  1.15913  0.00001
 4.85034  1.02059  0.00000
 4.85034  1.02059  0.00001
 4.85034  1.02059  0.00033
 4.85034  1.02059  0.00093
 4.80290  1.02059  0.00031
********  0.56540  0.00000
********  0.56540  0.00000
********  0.56540  0.00000
********  0.56540  0.00001
********  0.56540  0.00000
 1.83686  1.67194  0.00000
 1.81397  1.61548  0.00001
 1.81397  1.61548  0.00041
 4.66059  1.44609  0.00000
 4.66059  1.44609  0.00001
 4.66059  1.44609  0.00029
 4.66059  1.44609  0.00083
 4.61316  1.41786  0.00028
********  0.62739  0.00000
********  0.62739  0.00000
********  0.62739  0.00000
********  0.62739  0.00001
********  0.62739  0.00000
 4.09136  3.41121  0.00000
 4.09136  3.41121  0.00001
 4.09136  3.41121  0.00021
 3.99649  3.41121  0.00060
 3.90162  3.41121  0.00020
********  0.89573  0.00000
********  0.89573  0.00000
********  0.89573  0.00000
********  0.89573  0.00001
********  0.89573  0.00000
79.23923 66.14537  0.00000
79.23923 66.14537  0.00000
79.23923 66.14537  0.00000
79.23923 66.14537  0.00000
79.23923 66.14537  0.00000
 1.96983  0.75833  0.00000
 1.96983  0.75833  0.00000
 1.96983  0.75833  0.00008
 4.86719  0.71875  0.00000
 4.86719  0.71875  0.00000
 4.86719  0.71875  0.00006
 4.86719  0.71875  0.00030
 4.81975  0.71875  0.00027
********  0.57032  0.00000
********  0.57032  0.00000
********  0.57032  0.00000
********  0.57032  0.00000
********  0.57032  0.00000
 1.92404  1.20362  0.00000
 1.87826  1.18383  0.00000
 1.87826  1.18383  0.00006
 1.85537  1.18383  0.00028
 4.72488  1.06509  0.00000
 4.72488  1.06509  0.00000
 4.72488  1.06509  0.00004
 4.67745  1.06509  0.00020
 4.63001  1.06509  0.00018
********  0.62969  0.00000
********  0.62969  0.00000
********  0.62969  0.00000
********  0.62969  0.00000
********  0.62969  0.00000
 1.87826  1.70800  0.00000
 1.87826  1.70800  0.00000
 1.87826  1.70800  0.00005
 1.74091  1.62331  0.00025
 1.74091  1.62331  0.00022
 4.53514  1.45392  0.00000
 4.53514  1.45392  0.00000
 4.53514  1.45392  0.00004
 4.53514  1.45392  0.00018
 4.48770  1.45392  0.00016
********  0.69168  0.00000
********  0.69168  0.00000
********  0.69168  0.00000
********  0.69168  0.00000
********  0.69168  0.00000
 4.06078  3.53400  0.00000
 4.06078  3.53400  0.00000
 3.96591  3.47550  0.00003
 3.96591  3.47550  0.00013
 3.96591  3.35850  0.00011
********  0.96002  0.00000
********  0.96002  0.00000
********  0.96002  0.00000
********  0.96002  0.00000
********  0.96002  0.00000
79.30352 64.84176  0.00000
79.30352 64.84176  0.00000
79.30352 64.84176  0.00000
79.30352 64.84176  0.00000
79.30352 64.84176  0.00000
 2.13418  0.83112  0.00000
 2.13418  0.83112  0.00000
 2.13418  0.82122  0.00030
 2.13418  0.81133  0.00132
 1.92816  0.82122  0.00063
 4.70280  0.78164  0.00000
 4.70280  0.78164  0.00000
 4.70280  0.78164  0.00021
 4.70280  0.78164  0.00095
 4.65536  0.78164  0.00046
********  0.64311  0.00000
********  0.64311  0.00000
********  0.64311  0.00000
********  0.64311  0.00001
********  0.64311  0.00001
 1.97394  1.25662  0.00000
 1.97394  1.25662  0.00000
 1.97394  1.25662  0.00019
 1.97394  1.25662  0.00085
 1.95105  1.19725  0.00041
 4.60793  1.15767  0.00000
 4.60793  1.15767  0.00000
 4.56049  1.11809  0.00014
 4.56049  1.11809  0.00061
 4.51306  1.11809  0.00030
********  0.70248  0.00000
********  0.70248  0.00000
********  0.70248  0.00000
********  0.70248  0.00001
********  0.70248  0.00000
 4.51306  1.55494  0.00000
 4.51306  1.55494  0.00000
 4.51306  1.55494  0.00012
 4.51306  1.55494  0.00054
 4.32331  1.49848  0.00026
********  0.76447  0.00000
********  0.76447  0.00000
********  0.76447  0.00000
********  0.76447  0.00001
********  0.76447  0.00000
 4.08613  3.48979  0.00000
 4.08613  3.48979  0.00000
 4.08613  3.48979  0.00009
 4.08613  3.48979  0.00039
 3.94383  3.48979  0.00019
********  1.09131  0.00000
********  1.09131  0.00000
********  1.09131  0.00000
********  1.09131  0.00001
********  1.09131  0.00000
79.37631 64.91455  0.00000
79.37631 64.91455  0.00000
79.37631 64.91455  0.00000
79.37631 64.91455  0.00000
79.37631 64.91455  0.00000
 2.12503  0.90364  0.00000
 2.01057  0.90364  0.00000
 2.01057  0.90364  0.00002
 2.01057  0.90364  0.00014
 2.01057  0.90364  0.00020
 4.59547  0.86406  0.00000
 4.59547  0.86406  0.00000
 4.59547  0.86406  0.00001
 4.59547  0.86406  0.00010
 4.45316  0.85416  0.00015
********  0.72552  0.00000
********  0.72552  0.00000
********  0.72552  0.00000
********  0.72552  0.00000
********  0.72552  0.00000
 2.03346  1.33904  0.00000
 2.03346  1.33904  0.00000
 2.03346  1.33904  0.00001
 2.03346  1.33904  0.00009
 1.91900  1.29946  0.00013
 4.50060  1.22029  0.00000
 4.50060  1.22029  0.00000
 4.50060  1.20050  0.00001
 4.50060  1.20050  0.00007
 4.40573  1.20050  0.00009
********  0.78489  0.00000
********  0.78489  0.00000
********  0.78489  0.00000
********  0.78489  0.00000
********  0.78489  0.00000
 4.45316  1.58089  0.00000
 4.45316  1.58089  0.00000
 4.45316  1.58089  0.00001
 4.31086  1.60912  0.00006
 4.31086  1.58089  0.00008
********  0.84688  0.00000
********  0.84688  0.00000
********  0.84688  0.00000
********  0.84688  0.00000
********  0.84688  0.00000
********  1.11523  0.00000
********  1.11523  0.00000
********  1.11523  0.00000
********  1.11523  0.00000
********  1.11523  0.00000
79.45873 64.99696  0.00000
79.45873 64.99696  0.00000
79.45873 64.99696  0.00000
79.45873 64.99696  0.00000
79.45873 64.99696  0.00000
 4.54647  0.94747  0.00000
 4.54647  0.94747  0.00000
 4.54647  0.94747  0.00003
 4.54647  0.94747  0.00034
 4.40417  0.94747  0.00043
********  0.81883  0.00000
********  0.81883  0.00000
********  0.81883  0.00000
********  0.81883  0.00000
********  0.81883  0.00001
 4.49904  1.31360  0.00000
 4.45160  1.27402  0.00000
 4.45160  1.27402  0.00002
 4.45160  1.27402  0.00022
 4.35673  1.27402  0.00028
********  0.87820  0.00000
********  0.87820  0.00000
********  0.87820  0.00000
********  0.87820  0.00000
********  0.87820  0.00000
 4.49904  1.67420  0.00000
 4.49904  1.67420  0.00000
 4.49904  1.67420  0.00002
 4.49904  1.67420  0.00019
 4.21442  1.64597  0.00025
********  0.94020  0.00000
********  0.94020  0.00000
********  0.94020  0.00000
********  0.94020  0.00000
********  0.94020  0.00000
********  1.20854  0.00000
********  1.20854  0.00000
********  1.20854  0.00000
********  1.20854  0.00000
********  1.20854  0.00000
78.44284 65.09027  0.00000
78.44284 65.09027  0.00000
78.44284 65.09027  0.00000
78.44284 65.09027  0.00000
78.44284 65.09027  0.00000
 4.41494  1.06301  0.00000
 4.41494  1.06301  0.00000
 4.41494  1.05312  0.00000
 4.41494  1.05312  0.00007
 4.41494  1.05312  0.00014
********  0.92448  0.00000
********  0.92448  0.00000
********  0.92448  0.00000
********  0.92448  0.00000
********  0.92448  0.00000
 4.41494  1.37967  0.00000
 4.41494  1.37967  0.00000
 4.41494  1.37967  0.00000
 4.41494  1.37967  0.00004
 4.41494  1.35988  0.00009
********  0.98385  0.00000
********  0.98385  0.00000
********  0.98385  0.00000
********  0.98385  0.00000
********  0.98385  0.00000
 4.22520  1.75162  0.00000
 4.22520  1.75162  0.00000
 4.22520  1.75162  0.00000
 4.22520  1.75162  0.00004
 4.22520  1.72339  0.00008
********  1.01761  0.00000
********  1.01761  0.00000
********  1.01761  0.00000
********  1.01761  0.00000
********  1.01761  0.00000
********  1.31418  0.00000
********  1.31418  0.00000
********  1.31418  0.00000
********  1.31418  0.00000
********  1.31418  0.00000
78.54849 65.19592  0.00000
78.54849 65.19592  0.00000
78.54849 65.19592  0.00000
78.54849 65.19592  0.00000
78.54849 65.19592  0.00000
 4.39225  1.16284  0.00000
 4.39225  1.16284  0.00000
 4.39225  1.16284  0.00000
 4.39225  1.16284  0.00001
 4.34482  1.16284  0.00003
********  1.04410  0.00000
********  1.04410  0.00000
********  1.04410  0.00000
********  1.04410  0.00000
********  1.04410  0.00000
 4.34482  1.49929  0.00000
 4.34482  1.49929  0.00000
 4.29738  1.45970  0.00000
 4.29738  1.45970  0.00000
 4.29738  1.45970  0.00002
********  1.10347  0.00000
********  1.10347  0.00000
********  1.10347  0.00000
********  1.10347  0.00000
********  1.10347  0.00000
********  1.16546  0.00000
********  1.16546  0.00000
********  1.16546  0.00000
********  1.16546  0.00000
********  1.16546  0.00000
********  1.43380  0.00000
********  1.43380  0.00000
********  1.43380  0.00000
********  1.43380  0.00000
********  1.43380  0.00000
78.66810 65.31554  0.00000
78.66810 65.31554  0.00000
78.66810 65.31554  0.00000
78.66810 65.31554  0.00000
78.66810 65.31554  0.00000
********  1.17953  0.00000
********  1.17953  0.00000
********  1.17953  0.00000
********  1.17953  0.00000
********  1.17953  0.00000
********  1.23890  0.00000
********  1.23890  0.00000
********  1.23890  0.00000
********  1.23890  0.00000
********  1.23890  0.00000
********  1.30089  0.00000
********  1.30089  0.00000
********  1.30089  0.00000
********  1.30089  0.00000
********  1.30089  0.00000
********  1.62773  0.00000
********  1.62773  0.00000
********  1.62773  0.00000
********  1.62773  0.00000
********  1.62773  0.00000
77.69434 65.45097  0.00000
77.69434 65.45097  0.00000
77.69434 65.45097  0.00000
77.69434 65.45097  0.00000
77.69434 65.45097  0.00000
********  1.33287  0.00000
********  1.33287  0.00000
********  1.33287  0.00000
********  1.33287  0.00000
********  1.33287  0.00000
********  1.39224  0.00000
********  1.39224  0.00000
********  1.39224  0.00000
********  1.39224  0.00000
********  1.39224  0.00000
********  1.45423  0.00000
********  1.45423  0.00000
********  1.45423  0.00000
********  1.45423  0.00000
********  1.45423  0.00000
********  1.78107  0.00000
********  1.78107  0.00000
********  1.78107  0.00000
********  1.78107  0.00000
********  1.78107  0.00000
77.84768 64.23641  0.00000
77.84768 64.23641  0.00000
77.84768 64.23641  0.00000
77.84768 64.23641  0.00000
77.84768 64.23641  0.00000
********  1.50648  0.00000
********  1.50648  0.00000
********  1.50648  0.00000
********  1.50648  0.00000
********  1.50648  0.00000
********  1.56585  0.00000
********  1.56585  0.00000
********  1.56585  0.00000
********  1.56585  0.00000
********  1.56585  0.00000
********  1.62784  0.00000
********  1.62784  0.00000
********  1.62784  0.00000
********  1.62784  0.00000
********  1.62784  0.00000
********  1.95469  0.00000
********  1.95469  0.00000
********  1.95469  0.00000
********  1.95469  0.00000
********  1.95469  0.00000
76.91209 64.41002  0.00000
76.91209 64.41002  0.00000
76.91209 64.41002  0.00000
76.91209 64.41002  0.00000
76.91209 64.41002  0.00000
********  1.70305  0.00000
********  1.70305  0.00000
********  1.70305  0.00000
********  1.70305  0.00000
********  1.70305  0.00000
********  1.76242  0.00000
********  1.76242  0.00000
********  1.76242  0.00000
********  1.76242  0.00000
********  1.76242  0.00000
********  1.82441  0.00000
********  1.82441  0.00000
********  1.82441  0.00000
********  1.82441  0.00000
********  1.82441  0.00000
********  2.15125  0.00000
********  2.15125  0.00000
********  2.15125  0.00000
********  2.15125  0.00000
********  2.15125  0.00000
77.10866 64.60659  0.00000
77.10866 64.60659  0.00000
77.10866 64.60659  0.00000
77.10866 64.60659  0.00000
77.10866 64.60659  0.00000
********  1.92561  0.00000
********  1.92561  0.00000
********  1.92561  0.00000
********  1.92561  0.00000
********  1.92561  0.00000
********  1.98498  0.00000
********  1.98498  0.00000
********  1.98498  0.00000
********  1.98498  0.00000
********  1.98498  0.00000
********  2.04697  0.00000
********  2.04697  0.00000
********  2.04697  0.00000
********  2.04697  0.00000
********  2.04697  0.00000
********  2.37381  0.00000
********  2.37381  0.00000
********  2.37381  0.00000
********  2.37381  0.00000
********  2.37381  0.00000
76.22202 64.82915  0.00000
76.22202 64.82915  0.00000
76.22202 64.82915  0.00000
76.22202 64.82915  0.00000
76.22202 64.82915  0.00001
********  2.17759  0.00000
********  2.17759  0.00000
********  2.17759  0.00000
********  2.17759  0.00000
********  2.23697  0.00000
********  2.23697  0.00000
********  2.23697  0.00000
********  2.23697  0.00000
********  2.29896  0.00000
********  2.29896  0.00000
********  2.29896  0.00000
********  2.29896  0.00000
********  2.62580  0.00000
********  2.62580  0.00000
********  2.62580  0.00000
********  2.62580  0.00000
75.36481 63.71324  0.00000
75.36481 63.71324  0.00000
75.36481 63.71324  0.00000
75.36481 63.71324  0.00002
********  2.46289  0.00000
********  2.46289  0.00000
********  2.46289  0.00000
********  2.46289  0.00000
********  2.52227  0.00000
********  2.52227  0.00000
********  2.52227  0.00000
********  2.52227  0.00000
********  2.55603  0.00000
********  2.55603  0.00000
********  2.55603  0.00000
********  2.55603  0.00000
********  2.85260  0.00000
********  2.85260  0.00000
********  2.85260  0.00000
********  2.85260  0.00000
********  2.78592  0.00000
********  2.78592  0.00000
********  2.78592  0.00000
********  2.78592  0.00000
********  2.82550  0.00000
********  2.82550  0.00000
********  2.82550  0.00000
********  2.82550  0.00000
********  2.87905  0.00000
********  2.87905  0.00000
********  2.87905  0.00000
********  2.87905  0.00000
********  3.17563  0.00000
********  3.17563  0.00000
********  3.17563  0.00000
********  3.17563  0.00000
********  3.15165  0.00000
********  3.15165  0.00000
********  3.15165  0.00000
********  3.19124  0.00000
********  3.19124  0.00000
********  3.19124  0.00000
********  3.24479  0.00000
********  3.24479  0.00000
********  3.24479  0.00000
********  3.54136  0.00000
********  3.54136  0.00000
********  3.54136  0.00000
********  3.56574  0.00000
********  3.56574  0.00000
********  3.56574  0.00000
********  3.62512  0.00000
********  3.62512  0.00000
********  3.62512  0.00000
********  3.65888  0.00000
********  3.65888  0.00000
********  3.65888  0.00000
********  3.95545  0.00000
********  3.95545  0.00000
********  3.95545  0.00000
********  4.03459  0.00000
********  4.03459  0.00000
********  4.03459  0.00000
********  4.07417  0.00000
********  4.07417  0.00000
********  4.07417  0.00000
********  4.12772  0.00000
********  4.12772  0.00000
********  4.12772  0.00000
********  4.42429  0.00000
********  4.42429  0.00000
********  4.42429  0.00000
********  4.56542  0.00000
********  4.56542  0.00046
********  4.60500  0.00000
********  4.60500  0.00031
********  4.65855  0.00000
********  4.65855  0.00027
********  4.95512  0.00000
********  4.95512  0.00019
********  5.16644  0.00000
********  5.16644  0.00000
********  5.20602  0.00000
********  5.20602  0.00000
********  5.25957  0.00000
********  5.25957  0.00000
********  5.55614  0.00000
********  5.55614  0.00000
********  5.84692  0.00000
********  5.84692  0.00000
********  5.88650  0.00000
********  5.88650  0.00000
********  5.94005  0.00000
********  5.94005  0.00000
********  6.23662  0.00000
********  6.23662  0.00000
********  6.61738  0.00039
********  6.65696  0.00026
********  6.71051  0.00023
********  7.00708  0.00017
********  7.48970  0.00062
********  7.52928  0.00041
********  7.58283  0.00037
********  7.87941  0.00026
********  8.47737  0.00024
********  8.51695  0.00016
********  8.57050  0.00014
********  8.80858  0.00010
 0.61215  0.49710  0.00004
 0.58860  0.47761  0.00372
 0.55721  0.45811  0.00891
 0.53367  0.44837  0.00327
 0.51012  0.43862  0.00020
 1.60100  0.38014  0.00003
 1.53822  0.37039  0.00250
 1.49113  0.35090  0.00601
 1.45974  0.35090  0.00221
 1.41265  0.34115  0.00013
 2.55246  0.30216  0.00002
 2.46290  0.30216  0.00215
 2.37334  0.29241  0.00521
 2.28378  0.29241  0.00192
 2.23900  0.29241  0.00012
 5.47470  0.21444  0.00001
 5.47470  0.20469  0.00148
 5.47470  0.20469  0.00359
 5.47470  0.20469  0.00133
 5.28912  0.19494  0.00008
********  0.02924  0.00000
********  0.02924  0.00002
********  0.02924  0.00005
********  0.02924  0.00002
********  0.02924  0.00000
 1.38126  1.07218  0.00002
 1.33417  1.05269  0.00169
 1.28708  1.03319  0.00407
 1.25569  1.01370  0.00150
 1.23999  0.99420  0.00009
 2.23900  0.93572  0.00001
 2.19422  0.89673  0.00146
 2.17183  0.91623  0.00352
 2.10466  0.89673  0.00130
 2.05988  0.87724  0.00008
 5.47470  0.64331  0.00001
 5.38191  0.64331  0.00100
 5.38191  0.64331  0.00243
 5.28912  0.62381  0.00090
 5.10354  0.62381  0.00005
********  0.07798  0.00000
********  0.07798  0.00001
********  0.07798  0.00004
********  0.07798  0.00001
********  0.07798  0.00000
 2.03749  1.58505  0.00001
 2.01510  1.58505  0.00126
 1.97032  1.52943  0.00305
 1.90315  1.50163  0.00114
 1.90315  1.50163  0.00007
 5.42831  1.14012  0.00001
 5.28912  1.11232  0.00087
 5.10354  1.14012  0.00211
 5.10354  1.14012  0.00079
 4.91795  1.08451  0.00005
********  0.16685  0.00000
********  0.16685  0.00001
********  0.16685  0.00003
********  0.16685  0.00001
********  0.16685  0.00000
 4.54679  3.45735  0.00001
 4.50039  3.34211  0.00060
 4.50039  3.34211  0.00145
 4.36120  3.28449  0.00055
 4.22202  3.28449  0.00003
********  0.51860  0.00000
********  0.51860  0.00001
********  0.51860  0.00002
********  0.51860  0.00001
********  0.51860  0.00000
******** 88.92795  0.00000
******** 88.92795  0.00000
******** 88.92795  0.00000
******** 88.92795  0.00000
******** 88.92795  0.00000
 0.60462  0.49742  0.00000
 0.58892  0.47793  0.00000
 1.60132  0.37071  0.00000
 1.53854  0.37071  0.00000
 2.55278  0.30248  0.00000
 2.46322  0.30248  0.00000
 5.47502  0.21476  0.00000
 5.47502  0.20501  0.00000
********  0.02956  0.00000
********  0.02956  0.00000
 1.38158  1.07250  0.00000
 1.33449  1.05301  0.00000
 2.23932  0.93604  0.00000
 2.19454  0.89705  0.00000
 5.47502  0.66312  0.00000
 5.38223  0.64363  0.00000
********  0.07830  0.00000
********  0.07830  0.00000
 2.03781  1.58537  0.00000
 2.01542  1.58537  0.00000
 5.42863  1.14044  0.00000
 5.28944  1.11264  0.00000
********  0.16717  0.00000
********  0.16717  0.00000
 4.54711  3.45767  0.00000
 4.50071  3.34243  0.00000
********  0.51892  0.00000
********  0.51892  0.00000
******** 88.92827  0.00000
******** 88.92827  0.00000
 0.60466  0.49746  0.00000
 0.58897  0.47797  0.00000
 0.55757  0.45848  0.00000
 0.53403  0.44873  0.00000
 0.51049  0.43898  0.00000
 1.60136  0.37075  0.00000
 1.53858  0.37075  0.00000
 1.49149  0.35126  0.00000
 1.46010  0.35126  0.00000
 1.41301  0.34151  0.00000
 2.55282  0.30252  0.00000
 2.46326  0.30252  0.00000
 2.37370  0.29278  0.00000
 2.28414  0.29278  0.00000
 2.23936  0.29278  0.00000
 5.47507  0.21480  0.00000
 5.47507  0.20505  0.00000
 5.47507  0.20505  0.00000
 5.47507  0.20505  0.00000
 5.28948  0.19530  0.00000
********  0.02960  0.00000
********  0.02960  0.00000
********  0.02960  0.00000
********  0.02960  0.00000
********  0.02960  0.00000
 1.38162  1.07254  0.00000
 1.33453  1.05305  0.00000
 1.28744  1.03355  0.00000
 1.25605  1.01406  0.00000
 1.24035  0.99457  0.00000
 2.23936  0.93608  0.00000
 2.19458  0.89710  0.00000
 2.17219  0.91659  0.00000
 2.10502  0.89710  0.00000
 2.06024  0.87760  0.00000
 5.47507  0.66316  0.00000
 5.38227  0.64367  0.00000
 5.38227  0.64367  0.00000
 5.28948  0.62418  0.00000
 5.10390  0.62418  0.00000
********  0.07834  0.00000
********  0.07834  0.00000
********  0.07834  0.00000
********  0.07834  0.00000
********  0.07834  0.00000
 2.03785  1.58541  0.00000
 2.01546  1.58541  0.00000
 1.97068  1.52980  0.00000
 1.90351  1.50199  0.00000
 1.90351  1.50199  0.00000
 5.42867  1.14049  0.00000
 5.28948  1.11268  0.00000
 5.10390  1.14049  0.00000
 5.10390  1.14049  0.00000
 4.91832  1.08487  0.00000
********  0.16721  0.00000
********  0.16721  0.00000
********  0.16721  0.00000
********  0.16721  0.00000
********  0.16721  0.00000
 4.54715  3.45772  0.00000
 4.50075  3.34247  0.00000
 4.50075  3.34247  0.00000
 4.36157  3.28485  0.00000
 4.22238  3.28485  0.00000
********  0.51897  0.00000
********  0.51897  0.00000
********  0.51897  0.00000
********  0.51897  0.00000
********  0.51897  0.00000
******** 88.92831  0.00000
******** 88.92831  0.00000
******** 88.92831  0.00000
******** 88.92831  0.00000
******** 88.92831  0.00000
 0.58907  0.47807  0.00001
 0.55768  0.45858  0.00012
 0.53413  0.44883  0.00009
 1.53868  0.37085  0.00001
 1.49159  0.35136  0.00008
 1.46020  0.35136  0.00006
 2.46337  0.30262  0.00001
 2.37381  0.29288  0.00007
 2.28425  0.29288  0.00005
 5.47517  0.20515  0.00001
 5.47517  0.20515  0.00005
 5.47517  0.20515  0.00003
********  0.02971  0.00000
********  0.02971  0.00000
********  0.02971  0.00000
 1.33463  1.05315  0.00001
 1.28754  1.03366  0.00006
 1.25615  1.01416  0.00004
 2.19469  0.89720  0.00001
 2.17230  0.91669  0.00005
 2.10513  0.89720  0.00004
 5.38238  0.64377  0.00000
 5.38238  0.64377  0.00004
 5.28958  0.62428  0.00002
********  0.07844  0.00000
********  0.07844  0.00000
********  0.07844  0.00000
 2.01557  1.58551  0.00001
 1.97079  1.52990  0.00005
 1.90362  1.50209  0.00003
 5.28958  1.11278  0.00000
 5.10400  1.14059  0.00003
 5.10400  1.14059  0.00002
********  0.16731  0.00000
********  0.16731  0.00000
********  0.16731  0.00000
 4.50086  3.34257  0.00000
 4.50086  3.34257  0.00002
 4.36167  3.28495  0.00002
********  0.51907  0.00000
********  0.51907  0.00000
********  0.51907  0.00000
******** 88.92841  0.00000
******** 88.92841  0.00000
******** 88.92841  0.00000
 0.53426  0.44896  0.00000
 0.51072  0.43921  0.00001
 1.46033  0.35149  0.00000
 1.41324  0.34174  0.00000
 2.28438  0.29301  0.00000
 2.23960  0.29301  0.00000
 5.47530  0.20528  0.00000
 5.28972  0.19554  0.00000
********  0.02984  0.00000
********  0.02984  0.00000
 1.25628  1.01429  0.00000
 1.24059  0.99480  0.00000
 2.10526  0.89733  0.00000
 2.03809  0.87783  0.00000
 5.28972  0.62441  0.00000
 5.10413  0.62441  0.00000
********  0.07857  0.00000
********  0.07857  0.00000
 1.90375  1.50222  0.00000
 1.90375  1.50222  0.00000
 5.10413  1.14072  0.00000
 4.91855  1.08510  0.00000
********  0.16744  0.00000
********  0.16744  0.00000
 4.36180  3.28508  0.00000
 4.22261  3.28508  0.00000
********  0.51920  0.00000
********  0.51920  0.00000
******** 88.92854  0.00000
******** 88.92854  0.00000
 0.58937  0.47837  0.00000
 0.55797  0.45888  0.00000
 1.53898  0.37115  0.00000
 1.49189  0.35166  0.00000
 2.46366  0.30292  0.00000
 2.37410  0.29318  0.00000
 5.47547  0.20545  0.00000
 5.47547  0.20545  0.00000
********  0.03000  0.00000
********  0.03000  0.00000
 1.33493  1.05345  0.00000
 1.28784  1.03396  0.00000
 2.19498  0.89750  0.00000
 2.17259  0.91699  0.00000
 5.38268  0.64407  0.00000
 5.38268  0.64407  0.00000
********  0.07874  0.00000
********  0.07874  0.00000
 2.01586  1.58581  0.00000
 1.94869  1.53020  0.00000
 5.28988  1.11308  0.00000
 5.10430  1.14089  0.00000
********  0.16761  0.00000
********  0.16761  0.00000
 4.50116  3.34287  0.00000
 4.50116  3.34287  0.00000
********  0.51937  0.00000
********  0.51937  0.00000
******** 88.92871  0.00000
******** 88.92871  0.00000
 0.58173  0.47859  0.00002
 0.55819  0.45909  0.00009
 0.53465  0.44934  0.00002
 0.51110  0.43960  0.00001
 1.53919  0.37137  0.00001
 1.50780  0.36162  0.00006
 1.46071  0.35187  0.00001
 1.41363  0.34213  0.00001
 2.46388  0.30314  0.00001
 2.37432  0.29339  0.00005
 2.28476  0.29339  0.00001
 2.23998  0.29339  0.00000
 5.47568  0.20567  0.00001
 5.47568  0.20567  0.00003
 5.47568  0.20567  0.00001
 5.29010  0.19592  0.00000
********  0.03022  0.00000
********  0.03022  0.00000
********  0.03022  0.00000
********  0.03022  0.00000
 1.33515  1.05366  0.00001
 1.28806  1.03417  0.00004
 1.25667  1.01468  0.00001
 1.24097  0.99518  0.00000
 2.19520  0.89771  0.00001
 2.17281  0.91721  0.00004
 2.10564  0.89771  0.00001
 2.03847  0.87822  0.00000
 5.38289  0.64429  0.00001
 5.38289  0.64429  0.00002
 5.29010  0.62479  0.00001
 5.10452  0.62479  0.00000
********  0.07895  0.00000
********  0.07895  0.00000
********  0.07895  0.00000
********  0.07895  0.00000
 2.01608  1.58603  0.00001
 1.94891  1.53041  0.00003
 1.90413  1.50260  0.00001
 1.90413  1.50260  0.00000
 5.29010  1.11329  0.00001
 5.10452  1.14110  0.00002
 5.10452  1.14110  0.00000
 4.91893  1.08549  0.00000
********  0.16783  0.00000
********  0.16783  0.00000
********  0.16783  0.00000
********  0.16783  0.00000
 4.50137  3.34309  0.00000
 4.50137  3.34309  0.00002
 4.36218  3.28546  0.00000
 4.22300  3.28546  0.00000
********  0.51958  0.00000
********  0.51958  0.00000
********  0.51958  0.00000
********  0.51958  0.00000
******** 88.92893  0.00000
******** 88.92893  0.00000
******** 88.92893  0.00000
******** 88.92893  0.00000
 0.58186  0.47872  0.00001
 0.55832  0.45922  0.00000
 1.53932  0.37150  0.00001
 1.50793  0.36175  0.00000
 2.46401  0.30327  0.00001
 2.37445  0.29352  0.00000
 5.47581  0.20580  0.00000
 5.47581  0.20580  0.00000
********  0.03035  0.00000
********  0.03035  0.00000
 1.33527  1.05379  0.00001
 1.28819  1.03430  0.00000
 2.19533  0.89784  0.00000
 2.17294  0.89784  0.00000
 5.38302  0.64442  0.00000
 5.38302  0.64442  0.00000
********  0.07908  0.00000
********  0.07908  0.00000
 2.01621  1.58616  0.00000
 1.94904  1.53054  0.00000
 5.29023  1.11342  0.00000
 5.10464  1.14123  0.00000
********  0.16795  0.00000
********  0.16795  0.00000
 4.50150  3.34322  0.00000
 4.50150  3.34322  0.00000
********  0.51971  0.00000
********  0.51971  0.00000
******** 88.92906  0.00000
******** 88.92906  0.00000
 0.58236  0.47922  0.00000
 0.55882  0.45972  0.00000
 0.53527  0.44997  0.00001
 1.53982  0.37200  0.00000
 1.50843  0.36225  0.00000
 1.46134  0.35250  0.00001
 2.46451  0.30377  0.00000
 2.37495  0.29402  0.00000
 2.28539  0.29402  0.00000
 5.47631  0.20630  0.00000
 5.47631  0.20630  0.00000
 5.47631  0.20630  0.00000
********  0.03085  0.00000
********  0.03085  0.00000
********  0.03085  0.00000
 1.33577  1.05429  0.00000
 1.28869  1.03480  0.00000
 1.25729  1.01531  0.00000
 2.19583  0.89834  0.00000
 2.17344  0.89834  0.00000
 2.10627  0.89834  0.00000
 5.38352  0.64492  0.00000
 5.38352  0.64492  0.00000
 5.29073  0.62542  0.00000
********  0.07958  0.00000
********  0.07958  0.00000
********  0.07958  0.00000
 1.97193  1.58666  0.00000
 1.94954  1.53104  0.00000
 1.90476  1.50323  0.00000
 5.29073  1.11392  0.00000
 5.10514  1.14173  0.00000
 5.10514  1.14173  0.00000
********  0.16845  0.00000
********  0.16845  0.00000
********  0.16845  0.00000
 4.50200  3.34372  0.00000
 4.50200  3.34372  0.00000
 4.36281  3.28609  0.00000
********  0.52021  0.00000
********  0.52021  0.00000
********  0.52021  0.00000
******** 87.58216  0.00000
******** 87.58216  0.00000
******** 87.58216  0.00000
 0.60636  0.49916  0.00000
 0.58282  0.47967  0.00000
 0.55142  0.46017  0.00000
 1.60306  0.37245  0.00000
 1.54028  0.37245  0.00000
 1.50888  0.36270  0.00000
 2.50974  0.31397  0.00000
 2.46496  0.30422  0.00000
 2.33062  0.30422  0.00000
 5.47676  0.21650  0.00000
 5.47676  0.20675  0.00000
 5.47676  0.20675  0.00000
********  0.03130  0.00000
********  0.03130  0.00000
********  0.03130  0.00000
 1.38332  1.07424  0.00000
 1.33623  1.05475  0.00000
 1.28914  1.03525  0.00000
 2.24106  0.93778  0.00000
 2.19628  0.89879  0.00000
 2.17389  0.89879  0.00000
 5.47676  0.66486  0.00000
 5.38397  0.64537  0.00000
 5.38397  0.64537  0.00000
********  0.08004  0.00000
********  0.08004  0.00000
********  0.08004  0.00000
 2.01716  1.58711  0.00000
 1.97238  1.58711  0.00000
 1.94999  1.53149  0.00000
 5.43037  1.14218  0.00000
 5.29118  1.11438  0.00000
 5.10560  1.14218  0.00000
********  0.16891  0.00000
********  0.16891  0.00000
********  0.16891  0.00000
 4.54885  3.45941  0.00000
 4.50245  3.34417  0.00000
 4.50245  3.34417  0.00000
********  0.52066  0.00000
********  0.52066  0.00000
********  0.52066  0.00000
******** 87.58262  0.00000
******** 87.58262  0.00000
******** 87.58262  0.00000
 0.55200  0.46075  0.00001
 0.53631  0.45101  0.00003
 1.50947  0.36328  0.00001
 1.44668  0.35354  0.00002
 2.33120  0.30480  0.00000
 2.33120  0.30480  0.00002
 5.47734  0.20733  0.00000
 5.47734  0.20733  0.00001
********  0.03188  0.00000
********  0.03188  0.00000
 1.28972  1.03583  0.00000
 1.25833  1.01634  0.00001
 2.17447  0.89937  0.00000
 2.10730  0.87988  0.00001
 5.38455  0.64595  0.00000
 5.24537  0.62646  0.00001
********  0.08062  0.00000
********  0.08062  0.00000
 1.95057  1.53208  0.00000
 1.92818  1.47646  0.00001
 5.10618  1.14277  0.00000
 5.10618  1.11496  0.00001
********  0.16949  0.00000
********  0.16949  0.00000
 4.50303  3.34475  0.00000
 4.36385  3.28713  0.00001
********  0.52124  0.00000
********  0.52124  0.00000
******** 87.58320  0.00000
******** 87.58320  0.00000
 0.58414  0.48099  0.00002
 0.56060  0.46150  0.00014
 0.52920  0.45175  0.00035
 1.54160  0.37378  0.00002
 1.51021  0.36403  0.00009
 1.44743  0.35428  0.00023
 2.46629  0.30555  0.00001
 2.33195  0.30555  0.00008
 2.33195  0.30555  0.00020
 5.47809  0.20807  0.00001
 5.47809  0.20807  0.00006
 5.47809  0.20807  0.00013
********  0.03263  0.00000
********  0.03263  0.00000
********  0.03263  0.00000
 1.32186  1.05607  0.00001
 1.29046  1.03658  0.00006
 1.25907  1.01708  0.00016
 2.19761  0.90012  0.00001
 2.17522  0.90012  0.00006
 2.10805  0.88062  0.00013
 5.38530  0.64669  0.00001
 5.38530  0.64669  0.00004
 5.24611  0.62720  0.00009
********  0.08136  0.00000
********  0.08136  0.00000
********  0.08136  0.00000
 1.97371  1.58844  0.00001
 1.95132  1.53282  0.00005
 1.92893  1.47720  0.00012
 5.29251  1.11570  0.00001
 5.10692  1.14351  0.00003
 5.10692  1.11570  0.00008
********  0.17023  0.00000
********  0.17023  0.00000
********  0.17023  0.00000
 4.50378  3.34549  0.00000
 4.50378  3.34549  0.00002
 4.36459  3.28787  0.00006
********  0.52199  0.00000
********  0.52199  0.00000
********  0.52199  0.00000
******** 87.58394  0.00000
******** 87.58394  0.00000
******** 87.58394  0.00000
 0.61649  0.50144  0.00000
 0.58510  0.48195  0.00000
 0.56155  0.46245  0.00004
 0.53016  0.45271  0.00005
 1.58965  0.37473  0.00000
 1.54256  0.37473  0.00000
 1.51116  0.36498  0.00003
 1.44838  0.35524  0.00003
 2.51202  0.31625  0.00000
 2.46724  0.30650  0.00000
 2.33290  0.30650  0.00003
 2.33290  0.30650  0.00003
 5.47904  0.21878  0.00000
 5.47904  0.20903  0.00000
 5.47904  0.20903  0.00002
 5.47904  0.20903  0.00002
********  0.03358  0.00000
********  0.03358  0.00000
********  0.03358  0.00000
********  0.03358  0.00000
 1.36990  1.07652  0.00000
 1.35420  1.03753  0.00000
 1.29142  1.03753  0.00002
 1.26003  1.01804  0.00002
 2.24334  0.94006  0.00000
 2.19856  0.90107  0.00000
 2.17617  0.90107  0.00002
 2.10900  0.88158  0.00002
 5.43265  0.66714  0.00000
 5.38625  0.64765  0.00000
 5.38625  0.64765  0.00001
 5.24706  0.62815  0.00002
********  0.08232  0.00000
********  0.08232  0.00000
********  0.08232  0.00000
********  0.08232  0.00000
 2.04183  1.56158  0.00000
 2.01944  1.56158  0.00000
 1.95227  1.53377  0.00002
 1.92988  1.47816  0.00002
 5.43265  1.14446  0.00000
 5.29346  1.11666  0.00000
 5.10788  1.11666  0.00001
 5.10788  1.11666  0.00001
********  0.17119  0.00000
********  0.17119  0.00000
********  0.17119  0.00000
********  0.17119  0.00000
 4.55113  3.46169  0.00000
 4.50473  3.34645  0.00000
 4.50473  3.34645  0.00001
 4.36554  3.28883  0.00001
********  0.52294  0.00000
********  0.52294  0.00000
********  0.52294  0.00000
********  0.52294  0.00000
******** 87.58490  0.00000
******** 87.58490  0.00000
******** 87.58490  0.00000
******** 87.58490  0.00000
 0.61771  0.50267  0.00000
 0.57847  0.48317  0.00002
 0.55493  0.46368  0.00085
 1.59087  0.37595  0.00000
 1.54378  0.36621  0.00001
 1.51239  0.36621  0.00060
 2.51324  0.30772  0.00000
 2.46846  0.29798  0.00001
 2.33412  0.29798  0.00056
 5.48027  0.22000  0.00000
 5.48027  0.21025  0.00001
 5.48027  0.21025  0.00040
********  0.03480  0.00000
********  0.03480  0.00000
********  0.03480  0.00001
 1.37112  1.07774  0.00000
 1.35543  1.03876  0.00001
 1.27695  1.03876  0.00040
 2.24456  0.92179  0.00000
 2.24456  0.92179  0.00001
 2.15500  0.90230  0.00037
 5.43387  0.66837  0.00000
 5.38748  0.64887  0.00000
 5.38748  0.64887  0.00027
********  0.08354  0.00000
********  0.08354  0.00000
********  0.08354  0.00000
 2.02066  1.56281  0.00000
 2.02066  1.56281  0.00001
 1.95349  1.53500  0.00035
 5.38748  1.14569  0.00000
 5.29468  1.11788  0.00000
 5.29468  1.11788  0.00025
********  0.17241  0.00000
********  0.17241  0.00000
********  0.17241  0.00000
 4.55235  3.46292  0.00000
 4.50596  3.34767  0.00000
 4.50596  3.34767  0.00019
********  0.52417  0.00000
********  0.52417  0.00000
********  0.52417  0.00000
******** 87.58612  0.00000
******** 87.58612  0.00000
******** 87.58612  0.00000
 0.61928  0.50423  0.00000
 0.58004  0.48474  0.00000
 0.55650  0.46525  0.00005
 1.59244  0.37752  0.00000
 1.54535  0.36777  0.00000
 1.49826  0.36777  0.00003
 2.51481  0.30929  0.00000
 2.38047  0.30929  0.00000
 2.38047  0.30929  0.00003
 5.48184  0.22157  0.00000
 5.48184  0.21182  0.00000
 5.48184  0.20207  0.00002
********  0.03637  0.00000
********  0.03637  0.00000
********  0.03637  0.00000
 1.37269  1.07931  0.00000
 1.35700  1.04032  0.00000
 1.29421  1.02083  0.00002
 2.24613  0.92336  0.00000
 2.22374  0.92336  0.00000
 2.15657  0.90387  0.00002
 5.43544  0.66993  0.00000
 5.38904  0.65044  0.00000
 5.38904  0.65044  0.00001
********  0.08511  0.00000
********  0.08511  0.00000
********  0.08511  0.00000
 2.02223  1.56437  0.00000
 2.02223  1.56437  0.00000
 1.95506  1.53657  0.00002
 5.38904  1.14726  0.00000
 5.29625  1.11945  0.00000
 5.29625  1.11945  0.00001
********  0.17398  0.00000
********  0.17398  0.00000
********  0.17398  0.00000
 4.55392  3.46449  0.00000
 4.50752  3.34924  0.00000
 4.46113  3.34924  0.00001
********  0.52574  0.00000
********  0.52574  0.00000
********  0.52574  0.00000
******** 87.58769  0.00000
******** 87.58769  0.00000
******** 87.58769  0.00000
 0.61237  0.50518  0.00000
 0.58098  0.47594  0.00005
 0.55744  0.46619  0.00151
 0.53389  0.45644  0.00004
 1.59338  0.37846  0.00000
 1.54629  0.36872  0.00004
 1.49920  0.36872  0.00100
 1.43642  0.35897  0.00003
 2.51576  0.31024  0.00000
 2.38142  0.31024  0.00003
 2.38142  0.31024  0.00085
 2.29186  0.31024  0.00003
 5.48278  0.22251  0.00000
 5.48278  0.20302  0.00002
 5.48278  0.20302  0.00058
 5.48278  0.20302  0.00002
********  0.03732  0.00000
********  0.03732  0.00000
********  0.03732  0.00001
********  0.03732  0.00000
 1.35794  1.08026  0.00000
 1.32655  1.04127  0.00002
 1.29515  1.02177  0.00067
 1.26376  1.00228  0.00002
 2.22469  0.92430  0.00000
 2.22469  0.92430  0.00002
 2.15752  0.90481  0.00057
 2.09035  0.88531  0.00002
 5.43638  0.67088  0.00000
 5.38999  0.65138  0.00001
 5.38999  0.65138  0.00039
 5.25080  0.63189  0.00001
********  0.08605  0.00000
********  0.08605  0.00000
********  0.08605  0.00001
********  0.08605  0.00000
 2.02318  1.56532  0.00000
 2.02318  1.56532  0.00002
 1.93362  1.53751  0.00054
 1.88884  1.50970  0.00001
 5.38999  1.14820  0.00000
 5.29720  1.12039  0.00001
 5.29720  1.12039  0.00037
 5.11161  1.12039  0.00001
********  0.17492  0.00000
********  0.17492  0.00000
********  0.17492  0.00001
********  0.17492  0.00000
 4.55486  3.46543  0.00000
 4.46207  3.35018  0.00001
 4.46207  3.35018  0.00027
 4.36928  3.29256  0.00001
********  0.52668  0.00000
********  0.52668  0.00000
********  0.52668  0.00000
********  0.52668  0.00000
******** 87.58863  0.00000
******** 87.58863  0.00000
******** 87.58863  0.00000
******** 87.58863  0.00000
 0.61344  0.50624  0.00000
 0.58205  0.47700  0.00000
 0.53496  0.44776  0.00001
 0.51142  0.43802  0.00001
 1.57875  0.37953  0.00000
 1.54736  0.36979  0.00000
 1.43749  0.36004  0.00000
 1.42179  0.35029  0.00001
 2.51682  0.31130  0.00000
 2.38248  0.31130  0.00000
 2.29292  0.31130  0.00000
 2.27053  0.30156  0.00001
 5.48385  0.22358  0.00000
 5.48385  0.22358  0.00000
 5.48385  0.20408  0.00000
 5.43745  0.20408  0.00001
********  0.03838  0.00000
********  0.03838  0.00000
********  0.03838  0.00000
********  0.03838  0.00000
 1.35901  1.08132  0.00000
 1.32761  1.04234  0.00000
 1.26483  1.00335  0.00000
 1.21774  1.00335  0.00001
 2.22575  0.92537  0.00000
 2.22575  0.92537  0.00000
 2.09141  0.88638  0.00000
 2.04663  0.86689  0.00001
 5.43745  0.67195  0.00000
 5.39106  0.65245  0.00000
 5.25187  0.63296  0.00000
 5.11268  0.63296  0.00000
********  0.08712  0.00000
********  0.08712  0.00000
********  0.08712  0.00000
********  0.08712  0.00000
 2.02424  1.56639  0.00000
 1.97946  1.56639  0.00000
 1.88990  1.48296  0.00000
 1.88990  1.48296  0.00001
 5.39106  1.14927  0.00000
 5.29826  1.12146  0.00000
 5.11268  1.12146  0.00000
 4.92710  1.06584  0.00000
********  0.17599  0.00000
********  0.17599  0.00000
********  0.17599  0.00000
********  0.17599  0.00000
 4.55593  3.35125  0.00000
 4.46314  3.35125  0.00000
 4.37035  3.29363  0.00000
 4.37035  3.23601  0.00000
********  0.52775  0.00000
********  0.52775  0.00000
********  0.52775  0.00000
********  0.52775  0.00000
******** 87.58970  0.00000
******** 87.58970  0.00000
******** 87.58970  0.00000
******** 87.58970  0.00000
 0.57541  0.47821  0.00002
 0.55187  0.46847  0.00022
 0.52832  0.44897  0.00046
 1.54857  0.37099  0.00001
 1.50148  0.36125  0.00015
 1.43870  0.35150  0.00032
 2.38369  0.31251  0.00001
 2.38369  0.31251  0.00013
 2.29413  0.31251  0.00030
 5.48506  0.22479  0.00001
 5.48506  0.20529  0.00009
 5.48506  0.20529  0.00021
********  0.03959  0.00000
********  0.03959  0.00000
********  0.03959  0.00000
 1.32882  1.04354  0.00001
 1.28173  1.02405  0.00011
 1.26604  1.00456  0.00023
 2.22696  0.92658  0.00001
 2.15979  0.90708  0.00009
 2.09262  0.88759  0.00021
 5.29947  0.65366  0.00000
 5.29947  0.65366  0.00006
 5.25308  0.63417  0.00015
********  0.08833  0.00000
********  0.08833  0.00000
********  0.08833  0.00000
 1.98067  1.56759  0.00001
 1.93589  1.53979  0.00008
 1.89111  1.48417  0.00019
 5.29947  1.09486  0.00000
 5.29947  1.09486  0.00006
 5.11389  1.12267  0.00013
********  0.17720  0.00000
********  0.17720  0.00000
********  0.17720  0.00000
 4.46435  3.35246  0.00000
 4.46435  3.35246  0.00004
 4.37156  3.29484  0.00009
********  0.52895  0.00000
********  0.52895  0.00000
********  0.52895  0.00000
******** 87.59091  0.00000
******** 87.59091  0.00000
******** 87.59091  0.00000
 0.58463  0.48933  0.00029
 0.55324  0.46983  0.00006
 1.54994  0.37236  0.00020
 1.50285  0.36262  0.00004
 2.38506  0.31388  0.00019
 2.38506  0.31388  0.00004
 5.48642  0.22616  0.00013
 5.48642  0.20666  0.00003
********  0.04096  0.00000
********  0.04096  0.00000
 1.33019  1.04491  0.00014
 1.28310  1.02542  0.00003
 2.22833  0.92795  0.00013
 2.13877  0.90845  0.00002
 5.30084  0.65503  0.00009
 5.30084  0.65503  0.00002
********  0.08970  0.00000
********  0.08970  0.00000
 1.98204  1.56896  0.00012
 1.93726  1.54115  0.00002
 5.30084  1.09623  0.00009
 5.30084  1.09623  0.00002
********  0.17857  0.00000
********  0.17857  0.00000
 4.46572  3.35383  0.00006
 4.46572  3.35383  0.00001
********  0.53032  0.00000
********  0.53032  0.00000
******** 87.59228  0.00000
******** 87.59228  0.00000
 0.58618  0.48113  0.00000
 0.55478  0.47138  0.00000
 1.55149  0.37391  0.00000
 1.48870  0.36417  0.00000
 2.38661  0.31543  0.00000
 2.36422  0.31543  0.00000
 5.48797  0.22771  0.00000
 5.48797  0.20821  0.00000
********  0.04251  0.00000
********  0.04251  0.00000
 1.33174  1.04646  0.00000
 1.28465  1.02697  0.00000
 2.22988  0.92950  0.00000
 2.11793  0.91000  0.00000
 5.30239  0.65658  0.00000
 5.30239  0.65658  0.00000
********  0.09125  0.00000
********  0.09125  0.00000
 1.98359  1.57051  0.00000
 1.93881  1.54270  0.00000
 5.30239  1.09778  0.00000
 5.30239  1.09778  0.00000
********  0.18012  0.00000
********  0.18012  0.00000
 4.56006  3.35538  0.00000
 4.46727  3.35538  0.00000
********  0.53187  0.00000
********  0.53187  0.00000
******** 87.59383  0.00000
******** 87.59383  0.00000
 0.61148  0.50238  0.00000
 0.58793  0.48289  0.00001
 0.55654  0.47314  0.00000
 1.56894  0.38541  0.00000
 1.52185  0.37567  0.00000
 1.49046  0.36592  0.00000
 2.47793  0.31718  0.00000
 2.38837  0.31718  0.00000
 2.36598  0.31718  0.00000
 5.48973  0.22946  0.00000
 5.48973  0.22946  0.00000
 5.48973  0.20997  0.00000
********  0.04427  0.00000
********  0.04427  0.00000
********  0.04427  0.00000
 1.36489  1.06771  0.00000
 1.33350  1.04822  0.00000
 1.27071  1.02872  0.00000
 2.20925  0.93125  0.00000
 2.20925  0.93125  0.00000
 2.11969  0.91176  0.00000
 5.44333  0.63884  0.00000
 5.30415  0.65833  0.00000
 5.30415  0.65833  0.00000
********  0.09300  0.00000
********  0.09300  0.00000
********  0.09300  0.00000
 2.00774  1.57227  0.00000
 1.98535  1.57227  0.00000
 1.94057  1.51665  0.00000
 5.39694  1.15515  0.00000
 5.35054  1.15515  0.00000
 5.30415  1.09953  0.00000
********  0.18187  0.00000
********  0.18187  0.00000
********  0.18187  0.00000
 4.56181  3.35713  0.00000
 4.56181  3.35713  0.00000
 4.46902  3.35713  0.00000
********  0.53363  0.00000
********  0.53363  0.00000
********  0.53363  0.00000
******** 87.59558  0.00000
******** 87.59558  0.00000
******** 87.59558  0.00000
 0.58207  0.48487  0.00002
 0.55853  0.46538  0.00009
 1.52384  0.37765  0.00001
 1.49244  0.36791  0.00006
 2.43513  0.31917  0.00001
 2.36796  0.31917  0.00006
 5.49171  0.23145  0.00001
 5.44532  0.21195  0.00004
********  0.04625  0.00000
********  0.04625  0.00000
 1.33548  1.05020  0.00001
 1.27270  1.03071  0.00004
 2.21123  0.93324  0.00001
 2.12167  0.91374  0.00004
 5.30613  0.66032  0.00001
 5.30613  0.66032  0.00003
********  0.09499  0.00000
********  0.09499  0.00000
 1.98733  1.57425  0.00001
 1.94255  1.51864  0.00004
 5.35253  1.15713  0.00000
 5.30613  1.10152  0.00003
********  0.18386  0.00000
********  0.18386  0.00000
 4.56380  3.35912  0.00000
 4.47101  3.35912  0.00002
********  0.53561  0.00000
********  0.53561  0.00000
******** 87.59757  0.00000
******** 87.59757  0.00000
 0.60786  0.49687  0.00001
 0.57647  0.48712  0.00074
 0.55293  0.46763  0.00072
 1.55748  0.38965  0.00000
 1.52608  0.37990  0.00050
 1.47900  0.37016  0.00050
 2.48216  0.32142  0.00000
 2.43738  0.32142  0.00043
 2.34782  0.32142  0.00045
 5.49396  0.23370  0.00000
 5.49396  0.22395  0.00030
 5.44757  0.21420  0.00032
********  0.04850  0.00000
********  0.04850  0.00000
********  0.04850  0.00000
 1.36912  1.07195  0.00000
 1.30634  1.05245  0.00034
 1.27495  1.03296  0.00034
 2.21348  0.93549  0.00000
 2.21348  0.93549  0.00029
 2.12392  0.91599  0.00030
 5.40117  0.64307  0.00000
 5.30838  0.66257  0.00020
 5.30838  0.66257  0.00021
********  0.09724  0.00000
********  0.09724  0.00000
********  0.09724  0.00000
 1.98958  1.57650  0.00000
 1.98958  1.57650  0.00027
 1.92241  1.52089  0.00027
 5.35478  1.15938  0.00000
 5.35478  1.15938  0.00019
 5.30838  1.10377  0.00019
********  0.18611  0.00000
********  0.18611  0.00000
********  0.18611  0.00000
 4.56605  3.36137  0.00000
 4.56605  3.36137  0.00014
 4.42686  3.36137  0.00013
********  0.53786  0.00000
********  0.53786  0.00000
********  0.53786  0.00000
******** 87.59982  0.00000
******** 87.59982  0.00000
******** 87.59982  0.00000
 1.47199  0.37885  0.00000
 1.44060  0.36910  0.00000
 1.37782  0.35936  0.00000
 2.33413  0.32037  0.00000
 2.31174  0.31062  0.00000
 2.22218  0.31062  0.00000
 5.40987  0.22290  0.00000
 5.40987  0.22290  0.00000
 5.36347  0.22290  0.00000
********  0.05720  0.00000
********  0.05720  0.00000
********  0.05720  0.00000
 1.28364  1.04165  0.00000
 1.26795  1.02216  0.00000
 1.23655  1.00266  0.00000
 2.13262  0.90519  0.00000
 2.06545  0.88570  0.00000
 2.06545  0.88570  0.00000
 5.31707  0.65177  0.00000
 5.13149  0.65177  0.00000
 5.13149  0.63227  0.00000
********  0.10593  0.00000
********  0.10593  0.00000
********  0.10593  0.00000
 1.90872  1.52958  0.00000
 1.90872  1.52958  0.00000
 1.86394  1.50177  0.00000
 5.22428  1.11246  0.00000
 5.13149  1.11246  0.00000
 4.85312  1.08465  0.00000
********  0.19480  0.00000
********  0.19480  0.00000
********  0.19480  0.00000
 4.43555  3.37006  0.00000
 4.43555  3.37006  0.00000
 4.20358  3.25482  0.00000
********  0.54656  0.00000
********  0.54656  0.00000
********  0.54656  0.00000
******** 87.60851  0.00000
******** 87.60851  0.00000
******** 87.60851  0.00000
 1.45999  0.37280  0.00000
 1.42860  0.37280  0.00000
 1.39721  0.36305  0.00000
 2.33782  0.32406  0.00000
 2.27065  0.32406  0.00000
 2.20348  0.31432  0.00000
 5.41356  0.22659  0.00000
 5.41356  0.22659  0.00000
 5.32077  0.22659  0.00000
********  0.06089  0.00000
********  0.06089  0.00000
********  0.06089  0.00000
 1.28734  1.04535  0.00000
 1.25595  1.02585  0.00000
 1.22455  1.00636  0.00000
 2.13631  0.90889  0.00000
 2.04675  0.88940  0.00000
 2.04675  0.88940  0.00000
 5.13519  0.67496  0.00000
 5.13519  0.63597  0.00000
 5.08879  0.63597  0.00000
********  0.10963  0.00000
********  0.10963  0.00000
********  0.10963  0.00000
 1.91241  1.53328  0.00000
 1.91241  1.53328  0.00000
 1.86763  1.47766  0.00000
 5.22798  1.11616  0.00000
 5.08879  1.11616  0.00000
 4.85681  1.08835  0.00000
********  0.19850  0.00000
********  0.19850  0.00000
********  0.19850  0.00000
 4.39286  3.37376  0.00000
 4.39286  3.37376  0.00000
 4.20727  3.25851  0.00000
********  0.55025  0.00000
********  0.55025  0.00000
********  0.55025  0.00000
******** 87.61221  0.00000
******** 87.61221  0.00000
******** 87.61221  0.00000
 1.47988  0.38673  0.00000
 1.41709  0.37698  0.00002
 1.40139  0.36724  0.00000
 2.31962  0.32825  0.00000
 2.27484  0.31850  0.00002
 2.20767  0.31850  0.00000
 5.51054  0.24052  0.00000
 5.41775  0.23078  0.00001
 5.32496  0.23078  0.00000
********  0.06508  0.00000
********  0.06508  0.00000
********  0.06508  0.00000
 1.29152  1.04953  0.00000
 1.24443  1.03004  0.00001
 1.21304  1.01055  0.00000
 2.14050  0.91307  0.00000
 2.09572  0.91307  0.00001
 2.05094  0.89358  0.00000
 5.13937  0.67914  0.00000
 5.13937  0.64016  0.00001
 5.09298  0.64016  0.00000
********  0.11381  0.00000
********  0.11381  0.00000
********  0.11381  0.00000
 1.91660  1.50965  0.00000
 1.91660  1.50965  0.00001
 1.87182  1.48185  0.00000
 5.23216  1.12034  0.00000
 5.09298  1.12034  0.00001
 4.95379  1.12034  0.00000
********  0.20268  0.00000
********  0.20268  0.00000
********  0.20268  0.00000
 4.39704  3.37794  0.00000
 4.39704  3.37794  0.00001
 4.21146  3.20508  0.00000
********  0.55444  0.00000
********  0.55444  0.00000
********  0.55444  0.00000
******** 87.61639  0.00000
******** 87.61639  0.00000
******** 87.61639  0.00000
 1.48461  0.39147  0.00001
 1.43753  0.38172  0.00011
 1.39044  0.37197  0.00009
 2.32435  0.33299  0.00001
 2.27957  0.32324  0.00010
 2.19001  0.32324  0.00008
 5.51528  0.24526  0.00001
 5.37609  0.23552  0.00007
 5.28330  0.23552  0.00006
********  0.06981  0.00000
********  0.06981  0.00000
********  0.06981  0.00000
 1.28056  1.03478  0.00001
 1.24917  1.01528  0.00008
 1.21778  0.99579  0.00006
 2.10045  0.91781  0.00001
 2.07806  0.91781  0.00007
 2.03328  0.89832  0.00006
 5.14411  0.68388  0.00001
 5.14411  0.64489  0.00005
 5.05132  0.64489  0.00004
********  0.11855  0.00000
********  0.11855  0.00000
********  0.11855  0.00000
 1.89894  1.51439  0.00001
 1.89894  1.51439  0.00006
 1.85416  1.48658  0.00005
 5.23690  1.09727  0.00001
 5.09771  1.12508  0.00004
 4.95853  1.12508  0.00003
********  0.20742  0.00000
********  0.20742  0.00000
********  0.20742  0.00000
 4.40178  3.38268  0.00000
 4.40178  3.38268  0.00003
 4.21619  3.20981  0.00002
********  0.55918  0.00000
********  0.55918  0.00000
********  0.55918  0.00000
******** 87.62113  0.00000
******** 87.62113  0.00000
******** 87.62113  0.00000
 1.55276  0.40658  0.00001
 1.50567  0.39683  0.00047
 1.45859  0.38709  0.00191
 1.42719  0.38709  0.00077
 2.46406  0.34810  0.00000
 2.41928  0.33835  0.00043
 2.32972  0.32860  0.00172
 2.24016  0.32860  0.00068
 5.56704  0.25063  0.00000
 5.42785  0.25063  0.00030
 5.42785  0.25063  0.00121
 5.38145  0.24088  0.00048
********  0.07518  0.00000
********  0.07518  0.00000
********  0.07518  0.00002
********  0.07518  0.00001
 1.36441  1.09862  0.00000
 1.31732  1.05964  0.00032
 1.27023  1.04014  0.00132
 1.23884  1.02065  0.00052
 2.19538  0.96217  0.00000
 2.15060  0.94267  0.00029
 2.10582  0.90368  0.00119
 2.08343  0.90368  0.00046
 5.52064  0.68925  0.00000
 5.33506  0.66975  0.00021
 5.24227  0.66975  0.00083
 5.14948  0.65026  0.00032
********  0.12391  0.00000
********  0.12391  0.00000
********  0.12391  0.00001
********  0.12391  0.00000
 2.03865  1.60318  0.00000
 1.97148  1.54756  0.00027
 1.92670  1.57537  0.00108
 1.88192  1.51976  0.00041
 5.28866  1.15825  0.00000
 5.28866  1.15825  0.00019
 5.14948  1.13045  0.00076
 5.14948  1.13045  0.00029
********  0.21279  0.00000
********  0.21279  0.00000
********  0.21279  0.00001
********  0.21279  0.00000
 4.49993  3.38805  0.00000
 4.49993  3.38805  0.00014
 4.36075  3.38805  0.00054
 4.36075  3.38805  0.00020
********  0.56454  0.00000
********  0.56454  0.00000
********  0.56454  0.00001
********  0.56454  0.00000
******** 87.62649  0.00000
******** 87.62649  0.00000
******** 87.62649  0.00000
******** 87.62649  0.00000
 1.54314  0.41265  0.00000
 1.49605  0.40291  0.00000
 2.44774  0.35417  0.00000
 2.38057  0.34442  0.00000
 5.57311  0.24695  0.00000
 5.43392  0.25670  0.00000
********  0.08125  0.00000
********  0.08125  0.00000
 1.35479  1.08520  0.00000
 2.20145  0.96824  0.00000
 2.13428  0.92925  0.00000
 5.52672  0.69532  0.00000
 5.34113  0.67583  0.00000
********  0.12999  0.00000
********  0.12999  0.00000
 2.02233  1.60925  0.00000
 1.97755  1.55364  0.00000
 5.24834  1.16433  0.00000
 5.24834  1.16433  0.00000
********  0.21886  0.00000
********  0.21886  0.00000
 4.55240  3.50937  0.00000
 4.50601  3.39412  0.00000
********  0.57061  0.00000
********  0.57061  0.00000
******** 87.63257  0.00000
******** 87.63257  0.00000
 1.40084  0.39808  0.00003
 1.36945  0.38833  0.00005
 2.23851  0.34934  0.00002
 2.17134  0.34934  0.00005
 5.30940  0.26162  0.00002
 5.17021  0.26162  0.00003
********  0.09592  0.00000
********  0.09592  0.00000
 2.08178  0.90493  0.00002
 1.99222  0.90493  0.00003
 5.17021  0.69049  0.00001
 4.98463  0.65150  0.00002
********  0.14465  0.00000
********  0.14465  0.00000
 1.85788  1.51269  0.00001
 1.85788  1.51269  0.00003
 5.07742  1.12337  0.00001
 4.98463  1.12337  0.00002
********  0.23352  0.00000
********  0.23352  0.00000
 4.33509  3.35116  0.00001
 4.24230  3.35116  0.00001
********  0.58528  0.00000
********  0.58528  0.00000
******** 87.64723  0.00000
******** 87.64723  0.00000
 1.55092  0.42639  0.00001
 1.48814  0.42639  0.00024
 1.45675  0.41664  0.00196
 1.40966  0.40689  0.00086
 2.38166  0.36790  0.00000
 2.31449  0.35816  0.00021
 2.29210  0.36790  0.00180
 2.22493  0.35816  0.00078
 5.45740  0.27043  0.00000
 5.45740  0.27043  0.00015
 5.36461  0.28018  0.00131
 5.27182  0.27043  0.00057
********  0.10473  0.00000
********  0.10473  0.00000
********  0.10473  0.00002
********  0.10473  0.00001
 2.18015  0.97222  0.00000
 2.09059  0.93324  0.00014
 2.09059  0.93324  0.00121
 2.04581  0.91374  0.00053
 5.45740  0.69930  0.00000
 5.45740  0.69930  0.00010
 5.36461  0.67981  0.00088
 5.17903  0.69930  0.00038
********  0.15347  0.00000
********  0.15347  0.00000
********  0.15347  0.00001
********  0.15347  0.00001
 2.00103  1.57712  0.00000
 2.00103  1.57712  0.00013
 1.91147  1.54931  0.00105
 1.84430  1.52150  0.00047
 5.36461  1.16000  0.00000
 5.17903  1.18781  0.00009
 5.17903  1.18781  0.00076
 5.08624  1.13219  0.00034
********  0.24234  0.00000
********  0.24234  0.00000
********  0.24234  0.00001
********  0.24234  0.00000
 4.52949  3.47522  0.00000
 4.43670  3.30235  0.00006
 4.43670  3.30235  0.00053
 4.29751  3.35998  0.00024
********  0.59409  0.00000
********  0.59409  0.00000
********  0.59409  0.00001
********  0.59409  0.00000
******** 87.65605  0.00000
******** 87.65605  0.00000
******** 87.65605  0.00000
******** 87.65605  0.00000
 1.50942  0.43792  0.00000
 1.47803  0.42817  0.00000
 2.33577  0.38919  0.00000
 2.31338  0.38919  0.00000
 5.57148  0.30146  0.00000
 5.38589  0.29171  0.00000
********  0.12601  0.00000
********  0.12601  0.00000
 2.13426  0.97401  0.00000
 2.11187  0.97401  0.00000
 5.38589  0.72059  0.00000
 5.38589  0.72059  0.00000
********  0.17475  0.00000
********  0.17475  0.00000
 1.97753  1.57059  0.00000
 5.38589  1.15347  0.00000
 5.38589  1.15347  0.00000
********  0.26362  0.00000
********  0.26362  0.00000
 4.50437  3.43888  0.00000
 4.36519  3.32364  0.00000
********  0.61538  0.00000
********  0.61538  0.00000
******** 87.67733  0.00000
******** 87.67733  0.00000
 1.52222  0.44097  0.00000
 1.45943  0.44097  0.00000
 1.42804  0.44097  0.00010
 1.39665  0.43122  0.00011
 1.36525  0.42147  0.00000
 2.34857  0.40198  0.00000
 2.30379  0.39223  0.00000
 2.25901  0.38249  0.00009
 2.21423  0.39223  0.00010
 2.14706  0.38249  0.00000
 5.58427  0.30451  0.00000
 5.39869  0.30451  0.00000
 5.39869  0.30451  0.00006
 5.21311  0.30451  0.00007
 5.07392  0.29476  0.00000
********  0.13881  0.00000
********  0.13881  0.00000
********  0.13881  0.00000
********  0.13881  0.00000
********  0.13881  0.00000
 2.12467  0.96731  0.00000
 2.07989  0.96731  0.00000
 2.03511  0.94782  0.00006
 2.03511  0.94782  0.00006
 1.99033  0.92832  0.00000
 5.35229  0.73338  0.00000
 5.35229  0.73338  0.00000
 5.21311  0.69439  0.00004
 5.21311  0.69439  0.00005
 4.93473  0.71389  0.00000
********  0.18754  0.00000
********  0.18754  0.00000
********  0.18754  0.00000
********  0.18754  0.00000
********  0.18754  0.00000
 1.94555  1.58339  0.00000
 5.39869  1.16627  0.00000
 5.39869  1.13846  0.00000
 5.07392  1.19408  0.00004
 5.07392  1.19408  0.00004
 5.02752  1.11065  0.00000
********  0.27642  0.00000
********  0.27642  0.00000
********  0.27642  0.00000
********  0.27642  0.00000
********  0.27642  0.00000
 4.47077  3.45168  0.00000
 4.47077  3.45168  0.00000
 4.37798  3.33643  0.00003
 4.37798  3.33643  0.00003
 4.23879  3.22119  0.00000
********  0.62817  0.00000
********  0.62817  0.00000
********  0.62817  0.00000
********  0.62817  0.00000
********  0.62817  0.00000
******** 87.69012  0.00000
******** 87.69012  0.00000
******** 87.69012  0.00000
******** 87.69012  0.00000
******** 87.69012  0.00000
 1.52101  0.46520  0.00000
 1.45822  0.45546  0.00001
 1.42683  0.44571  0.00042
 1.37974  0.43596  0.00066
 1.34835  0.43596  0.00010
 2.31828  0.41647  0.00000
 2.27350  0.40672  0.00001
 2.25111  0.40672  0.00038
 2.18394  0.39697  0.00061
 2.13916  0.38723  0.00009
 5.55236  0.31900  0.00000
 5.55236  0.31900  0.00001
 5.41318  0.30925  0.00027
 5.22759  0.31900  0.00045
 5.04201  0.30925  0.00006
********  0.15330  0.00000
********  0.15330  0.00000
********  0.15330  0.00000
********  0.15330  0.00001
********  0.15330  0.00000
 2.13916  1.00129  0.00000
 2.07199  0.98180  0.00001
 2.04960  0.98180  0.00025
 2.02721  0.94281  0.00042
 1.96004  0.92332  0.00006
 5.59876  0.70888  0.00000
 5.32038  0.72837  0.00001
 5.32038  0.72837  0.00018
 5.22759  0.70888  0.00031
 5.04201  0.70888  0.00004
********  0.20203  0.00000
********  0.20203  0.00000
********  0.20203  0.00000
********  0.20203  0.00000
********  0.20203  0.00000
 1.96004  1.62568  0.00000
 5.27399  1.23637  0.00000
 5.22759  1.18075  0.00000
 5.04201  1.18075  0.00017
 5.04201  1.18075  0.00027
 5.04201  1.12514  0.00004
********  0.29090  0.00000
********  0.29090  0.00000
********  0.29090  0.00000
********  0.29090  0.00000
********  0.29090  0.00000
 4.43886  3.46616  0.00000
 4.43886  3.46616  0.00000
 4.29968  3.35092  0.00012
 4.29968  3.35092  0.00019
 4.20688  3.23567  0.00003
********  0.64266  0.00000
********  0.64266  0.00000
********  0.64266  0.00000
********  0.64266  0.00000
********  0.64266  0.00000
******** 87.70461  0.00000
******** 87.70461  0.00000
******** 87.70461  0.00000
******** 87.70461  0.00000
******** 87.70461  0.00000
 1.49032  0.47186  0.00000
 1.42754  0.46211  0.00065
 1.39614  0.45236  0.00157
 1.34906  0.45236  0.00070
 1.34906  0.45236  0.00004
 2.28990  0.42312  0.00000
 2.22273  0.41338  0.00061
 2.22273  0.41338  0.00146
 2.20034  0.40363  0.00063
 2.15556  0.41338  0.00004
 5.47597  0.33540  0.00000
 5.47597  0.33540  0.00046
 5.33679  0.32565  0.00108
 5.24399  0.32565  0.00045
 5.05841  0.33540  0.00003
********  0.16970  0.00000
********  0.16970  0.00001
********  0.16970  0.00001
********  0.16970  0.00001
********  0.16970  0.00000
 2.15556  0.99820  0.00000
 2.06600  0.97871  0.00042
 2.02122  0.97871  0.00101
 1.97644  0.95921  0.00043
 1.97644  0.95921  0.00003
 5.61516  0.76427  0.00000
 5.24399  0.74478  0.00031
 5.24399  0.74478  0.00074
 5.15120  0.72528  0.00031
 5.05841  0.70579  0.00002
********  0.21843  0.00000
********  0.21843  0.00000
********  0.21843  0.00001
********  0.21843  0.00000
********  0.21843  0.00000
 1.93166  1.61428  0.00000
 1.90927  1.55866  0.00037
 5.24399  1.19716  0.00000
 5.24399  1.16935  0.00027
 5.01202  1.19716  0.00067
 5.01202  1.19716  0.00028
 4.87283  1.14154  0.00002
********  0.30730  0.00000
********  0.30730  0.00000
********  0.30730  0.00001
********  0.30730  0.00000
********  0.30730  0.00000
 4.40887  3.42494  0.00000
 4.40887  3.42494  0.00019
 4.40887  3.42494  0.00047
 4.31608  3.30970  0.00020
 4.22329  3.25208  0.00001
********  0.65906  0.00000
********  0.65906  0.00000
********  0.65906  0.00001
********  0.65906  0.00000
********  0.65906  0.00000
******** 87.72101  0.00000
******** 87.72101  0.00000
******** 87.72101  0.00000
******** 87.72101  0.00000
******** 87.72101  0.00000
 1.50889  0.48068  0.00000
 1.46180  0.48068  0.00010
 1.41472  0.47094  0.00014
 1.36763  0.47094  0.00090
 1.33623  0.46119  0.00018
 2.26369  0.44169  0.00000
 2.21891  0.44169  0.00009
 2.19652  0.43195  0.00013
 2.19652  0.43195  0.00083
 2.12935  0.42220  0.00017
 5.40175  0.35397  0.00000
 5.40175  0.35397  0.00006
 5.40175  0.35397  0.00009
 5.35536  0.34422  0.00061
 4.98419  0.34422  0.00012
********  0.18827  0.00000
********  0.18827  0.00000
********  0.18827  0.00000
********  0.18827  0.00001
********  0.18827  0.00000
 2.08457  1.01677  0.00000
 2.08457  0.99728  0.00006
 2.01740  0.97778  0.00008
 1.99501  0.97778  0.00056
 1.95023  0.95829  0.00011
 5.44815  0.78284  0.00000
 5.44815  0.74385  0.00004
 5.16977  0.76335  0.00006
 5.16977  0.76335  0.00041
 5.07698  0.72436  0.00008
********  0.23700  0.00000
********  0.23700  0.00000
********  0.23700  0.00000
********  0.23700  0.00001
********  0.23700  0.00000
 1.99501  1.60504  0.00000
 1.88306  1.54942  0.00006
 5.26257  1.21573  0.00000
 5.26257  1.21573  0.00004
 5.26257  1.16011  0.00005
 4.93779  1.21573  0.00037
 4.89140  1.18792  0.00007
********  0.32588  0.00000
********  0.32588  0.00000
********  0.32588  0.00000
********  0.32588  0.00000
********  0.32588  0.00000
 4.33465  3.44351  0.00000
 4.33465  3.44351  0.00003
 4.33465  3.44351  0.00004
 4.24186  3.27065  0.00026
 4.24186  3.27065  0.00005
********  0.67763  0.00000
********  0.67763  0.00000
********  0.67763  0.00000
********  0.67763  0.00000
********  0.67763  0.00000
******** 87.73958  0.00000
******** 87.73958  0.00000
******** 87.73958  0.00000
******** 87.73958  0.00000
******** 87.73958  0.00000
 1.49853  0.50171  0.00001
 1.43574  0.49196  0.00064
 1.38865  0.48221  0.00376
 0.90207  0.51146  0.00159
 0.90207  0.50171  0.00014
 2.28472  0.46272  0.00001
 2.19516  0.45297  0.00059
 2.15038  0.44323  0.00346
 2.15038  0.44323  0.00146
 2.10560  0.43348  0.00013
 5.65476  0.36525  0.00000
 5.32999  0.37500  0.00043
 5.32999  0.37500  0.00252
 5.28359  0.36525  0.00105
 5.19080  0.35550  0.00009
********  0.20930  0.00000
********  0.20930  0.00001
********  0.20930  0.00003
********  0.20930  0.00001
********  0.20930  0.00000
 2.08321  0.99881  0.00000
 2.08321  0.99881  0.00040
 2.01604  0.97932  0.00235
 1.97126  0.97932  0.00099
 1.92648  0.95982  0.00009
 5.46918  0.76488  0.00000
 5.46918  0.76488  0.00029
 5.46918  0.74539  0.00171
 5.14440  0.76488  0.00072
 5.09801  0.72589  0.00006
********  0.25803  0.00000
********  0.25803  0.00000
********  0.25803  0.00002
********  0.25803  0.00001
********  0.25803  0.00000
 2.01604  1.57045  0.00000
 1.92648  1.59826  0.00036
 1.85931  1.54264  0.00212
 5.14440  1.23675  0.00000
 5.14440  1.23675  0.00026
 5.09801  1.18114  0.00155
 4.91243  1.20895  0.00065
 4.81963  1.20895  0.00005
********  0.31909  0.00000
********  0.31909  0.00000
********  0.31909  0.00002
********  0.31909  0.00001
********  0.31909  0.00000
 4.30928  3.40692  0.00000
 4.30928  3.40692  0.00019
 4.30928  3.40692  0.00111
 4.26288  3.29167  0.00046
 4.17009  3.29167  0.00004
********  0.69866  0.00000
********  0.69866  0.00000
********  0.69866  0.00001
********  0.69866  0.00001
********  0.69866  0.00000
******** 87.76061  0.00000
******** 87.76061  0.00000
******** 87.76061  0.00000
******** 87.76061  0.00000
******** 87.76061  0.00000
 2.22353  0.49399  0.00000
 2.22353  0.49399  0.00000
 5.51994  0.41601  0.00000
 5.51994  0.41601  0.00000
********  0.26006  0.00000
********  0.26006  0.00000
 2.06680  1.04957  0.00000
 1.99963  1.01058  0.00000
 5.24156  0.81564  0.00000
 5.24156  0.81564  0.00000
********  0.30879  0.00000
********  0.30879  0.00000
 1.95485  1.64902  0.00000
 1.93246  1.56559  0.00000
 5.14877  1.25971  0.00000
 4.96319  1.28752  0.00000
********  0.36985  0.00000
********  0.36985  0.00000
 4.22085  3.40006  0.00000
 4.22085  3.40006  0.00000
********  0.74942  0.00000
********  0.74942  0.00000
******** 87.81137  0.00000
******** 87.81137  0.00000
 2.23165  0.53425  0.00000
 2.16448  0.51476  0.00012
 2.16448  0.51476  0.00088
 2.09731  0.51476  0.00120
 2.05253  0.51476  0.00025
 5.36487  0.44653  0.00000
 5.36487  0.44653  0.00008
 5.36487  0.43678  0.00062
 5.08650  0.44653  0.00086
 5.04010  0.43678  0.00018
********  0.29057  0.00000
********  0.29057  0.00000
********  0.29057  0.00001
********  0.29057  0.00001
********  0.29057  0.00000
 2.09731  1.04110  0.00000
 2.00775  1.06060  0.00008
 1.96297  1.02161  0.00060
 5.27208  0.84616  0.00000
 5.17929  0.84616  0.00006
 5.17929  0.84616  0.00043
 5.17929  0.80717  0.00058
 4.80812  0.82667  0.00012
********  0.33931  0.00000
********  0.33931  0.00000
********  0.33931  0.00001
********  0.33931  0.00001
********  0.33931  0.00000
 1.91819  1.62392  0.00000
 1.91819  1.62392  0.00007
 1.87341  1.59611  0.00053
 1.82863  1.56830  0.00072
 5.08650  1.26242  0.00000
 5.08650  1.26242  0.00005
 4.90091  1.29023  0.00038
 4.90091  1.29023  0.00052
 4.80812  1.20680  0.00011
********  0.40037  0.00000
********  0.40037  0.00000
********  0.40037  0.00001
********  0.40037  0.00001
********  0.40037  0.00000
 4.25137  3.48820  0.00000
 4.15858  3.37295  0.00003
 4.15858  3.37295  0.00026
 4.15858  3.37295  0.00036
 4.11218  3.31533  0.00008
********  0.77994  0.00000
********  0.77994  0.00000
********  0.77994  0.00000
********  0.77994  0.00000
********  0.77994  0.00000
******** 87.84189  0.00000
******** 87.84189  0.00000
******** 87.84189  0.00000
******** 87.84189  0.00000
******** 87.84189  0.00000
 2.13187  0.55906  0.00000
 2.10948  0.54931  0.00003
 5.39942  0.47133  0.00000
 5.21384  0.48108  0.00002
 5.21384  0.48108  0.00000
********  0.32513  0.00000
********  0.32513  0.00000
********  0.32513  0.00000
 1.28474  1.15363  0.00000
 2.13187  1.07565  0.00000
 2.13187  1.03667  0.00002
 1.95275  1.05616  0.00000
 5.21384  0.86122  0.00000
 5.21384  0.86122  0.00002
 5.02826  0.86122  0.00000
********  0.37386  0.00000
********  0.37386  0.00000
********  0.37386  0.00000
 1.88558  1.63067  0.00000
 1.88558  1.63067  0.00002
 1.88558  1.63067  0.00000
 5.02826  1.35259  0.00000
 4.93547  1.29697  0.00001
 4.93547  1.29697  0.00000
********  0.43493  0.00000
********  0.43493  0.00000
********  0.43493  0.00000
 4.19313  3.52275  0.00000
 4.19313  3.52275  0.00001
 4.10034  3.34988  0.00000
********  0.81449  0.00000
********  0.81449  0.00000
********  0.81449  0.00000
******** 86.52905  0.00000
******** 86.52905  0.00000
******** 86.52905  0.00000
 2.17099  0.57869  0.00000
 2.08143  0.58843  0.00040
 2.08143  0.58843  0.00185
 5.25296  0.51046  0.00000
 5.25296  0.51046  0.00029
 5.11378  0.52020  0.00131
 5.11378  0.51046  0.00095
 4.78900  0.51046  0.00015
********  0.36425  0.00000
********  0.36425  0.00000
********  0.36425  0.00002
********  0.36425  0.00001
********  0.36425  0.00000
 1.30817  1.17326  0.00000
 2.17099  1.07579  0.00000
 2.03665  1.09528  0.00026
 1.99187  1.07579  0.00119
 1.90231  1.07579  0.00086
 5.16017  0.91983  0.00000
 5.06738  0.88085  0.00018
 5.06738  0.88085  0.00084
 4.92819  0.88085  0.00061
 4.88180  0.88085  0.00010
********  0.41299  0.00000
********  0.41299  0.00000
********  0.41299  0.00001
********  0.41299  0.00001
********  0.41299  0.00000
 1.99187  1.61417  0.00000
 1.85753  1.61417  0.00022
 1.85753  1.61417  0.00105
 1.85753  1.61417  0.00076
 1.81275  1.55856  0.00012
 4.92819  1.36390  0.00000
 4.92819  1.36390  0.00016
 4.88180  1.30829  0.00074
 4.88180  1.30829  0.00054
 4.69621  1.28048  0.00008
********  0.47405  0.00000
********  0.47405  0.00000
********  0.47405  0.00001
********  0.47405  0.00001
********  0.47405  0.00000
 4.13946  3.44663  0.00000
 4.13946  3.44663  0.00012
 4.04667  3.33138  0.00054
 4.04667  3.33138  0.00039
 4.00028  3.27376  0.00006
********  0.85361  0.00000
********  0.85361  0.00000
********  0.85361  0.00001
********  0.85361  0.00001
********  0.85361  0.00000
******** 86.56817  0.00000
******** 86.56817  0.00000
******** 86.56817  0.00000
******** 86.56817  0.00000
******** 86.56817  0.00000
 2.21528  0.62298  0.00000
 2.21528  0.62298  0.00009
 2.05855  0.61323  0.00124
 2.03616  0.61323  0.00222
 5.25086  0.56450  0.00000
 5.20447  0.54500  0.00006
 5.11167  0.55475  0.00088
 4.97249  0.55475  0.00157
 4.92609  0.55475  0.00034
********  0.40854  0.00000
********  0.40854  0.00000
********  0.40854  0.00001
********  0.40854  0.00002
********  0.40854  0.00000
 1.41524  1.19806  0.00000
 1.25828  1.17857  0.00006
 1.96899  1.12008  0.00000
 1.96899  1.12008  0.00006
 1.96899  1.12008  0.00080
 1.94660  1.08109  0.00144
 1.94660  1.08109  0.00031
 5.06528  0.94463  0.00000
 5.06528  0.94463  0.00004
 4.92609  0.92514  0.00056
 4.92609  0.92514  0.00101
 4.74051  0.92514  0.00022
********  0.45728  0.00000
********  0.45728  0.00000
********  0.45728  0.00001
********  0.45728  0.00001
********  0.45728  0.00000
 1.94660  1.65847  0.00000
 1.90182  1.65847  0.00005
 1.85704  1.60285  0.00070
 1.85704  1.60285  0.00127
 1.85704  1.60285  0.00027
 4.83330  1.38039  0.00000
 4.83330  1.38039  0.00003
 4.83330  1.38039  0.00049
 4.74051  1.32477  0.00090
 4.64772  1.32477  0.00019
********  0.51834  0.00000
********  0.51834  0.00000
********  0.51834  0.00001
********  0.51834  0.00001
********  0.51834  0.00000
 4.18376  3.49092  0.00000
 4.09097  3.37568  0.00002
 4.09097  3.37568  0.00036
 4.09097  3.37568  0.00065
 3.95178  3.26043  0.00014
********  0.89791  0.00000
********  0.89791  0.00000
********  0.89791  0.00001
********  0.89791  0.00001
********  0.89791  0.00000
******** 87.95986  0.00000
******** 87.95986  0.00000
******** 87.95986  0.00000
******** 87.95986  0.00000
******** 87.95986  0.00000
 1.40261  0.69263  0.00009
 2.08631  0.66338  0.00008
 2.08631  0.66338  0.00059
 2.04153  0.65364  0.00079
 1.99675  0.65364  0.00033
 5.11543  0.60490  0.00006
 4.97624  0.59515  0.00042
 4.97624  0.59515  0.00056
 4.79066  0.59515  0.00024
********  0.45869  0.00000
********  0.45869  0.00001
********  0.45869  0.00001
********  0.45869  0.00000
 1.32413  1.22872  0.00006
 1.27704  1.18973  0.00046
 1.99675  1.15074  0.00005
 1.92958  1.13124  0.00039
 1.92958  1.13124  0.00053
 1.92958  1.13124  0.00022
 4.92985  0.97529  0.00004
 4.92985  0.97529  0.00028
 4.79066  0.95580  0.00038
 4.79066  0.93630  0.00016
********  0.50743  0.00000
********  0.50743  0.00000
********  0.50743  0.00001
********  0.50743  0.00000
 1.90719  1.65300  0.00004
 1.90719  1.65300  0.00034
 1.81763  1.65300  0.00046
 1.77285  1.59739  0.00020
 4.69787  1.40273  0.00003
 4.69787  1.40273  0.00024
 4.69787  1.40273  0.00033
 4.51228  1.34711  0.00014
********  0.56849  0.00000
********  0.56849  0.00000
********  0.56849  0.00000
********  0.56849  0.00000
 4.09472  3.42583  0.00002
 4.04833  3.42583  0.00017
 4.04833  3.42583  0.00023
 3.95553  3.31058  0.00010
********  0.94806  0.00000
********  0.94806  0.00000
********  0.94806  0.00000
********  0.94806  0.00000
******** 88.01001  0.00000
******** 88.01001  0.00000
******** 88.01001  0.00000
******** 88.01001  0.00000
 1.52218  0.73966  0.00000
 1.52218  0.73966  0.00014
 1.39661  0.72991  0.00150
 2.32222  0.71042  0.00000
 2.05354  0.72017  0.00012
 2.00876  0.71042  0.00130
 2.00876  0.71042  0.00242
 2.00876  0.71042  0.00086
 4.94023  0.66168  0.00000
 4.94023  0.66168  0.00009
 4.94023  0.66168  0.00094
 4.84744  0.65194  0.00175
 4.75465  0.64219  0.00062
********  0.51548  0.00000
********  0.51548  0.00000
********  0.51548  0.00001
********  0.51548  0.00002
********  0.51548  0.00001
 1.33382  1.26600  0.00000
 1.30243  1.22702  0.00010
 1.30243  1.22702  0.00101
 1.30243  1.22702  0.00184
 2.00876  1.16853  0.00000
 2.00876  1.16853  0.00008
 1.96398  1.16853  0.00088
 1.91920  1.18803  0.00161
 1.87442  1.14904  0.00057
 4.80104  1.01258  0.00000
 4.75465  1.03207  0.00006
 4.75465  1.03207  0.00063
 4.75465  1.01258  0.00117
 4.56907  0.99308  0.00041
********  0.58371  0.00000
********  0.58371  0.00000
********  0.58371  0.00001
********  0.58371  0.00002
********  0.58371  0.00001
 1.89681  1.70978  0.00000
 1.89681  1.70978  0.00007
 1.82964  1.65417  0.00079
 1.82964  1.65417  0.00144
 1.80725  1.65417  0.00050
 4.66186  1.48732  0.00000
 4.56907  1.43170  0.00005
 4.56907  1.43170  0.00057
 4.56907  1.43170  0.00104
 4.52267  1.40390  0.00036
********  0.65308  0.00000
********  0.65308  0.00000
********  0.65308  0.00001
********  0.65308  0.00001
********  0.65308  0.00001
 4.10511  3.54023  0.00000
 4.01232  3.36736  0.00004
 4.01232  3.36736  0.00041
 4.01232  3.36736  0.00075
 3.82673  3.36736  0.00026
********  1.06246  0.00000
********  1.06246  0.00000
********  1.06246  0.00001
********  1.06246  0.00001
********  1.06246  0.00000
******** 88.06679  0.00000
******** 88.06679  0.00000
******** 88.06679  0.00000
******** 88.06679  0.00000
******** 88.06679  0.00000
 1.42951  0.80395  0.00000
 1.38242  0.78446  0.00001
 1.38242  0.78446  0.00008
 1.38242  0.78446  0.00007
 2.20739  0.77471  0.00000
 2.20739  0.75521  0.00001
 2.20739  0.75521  0.00007
 1.98349  0.76496  0.00006
 1.93871  0.75521  0.00013
 4.77254  0.71623  0.00000
 4.77254  0.71623  0.00001
 4.77254  0.71623  0.00005
 4.77254  0.71623  0.00004
 4.72615  0.71623  0.00009
********  0.57977  0.00000
********  0.57977  0.00000
********  0.57977  0.00000
********  0.57977  0.00000
********  0.57977  0.00000
 1.36672  1.29130  0.00000
 1.33533  1.27181  0.00001
 1.30394  1.27181  0.00005
 1.28824  1.23282  0.00005
 1.28824  1.23282  0.00010
 1.98349  1.23282  0.00000
 1.98349  1.23282  0.00001
 1.93871  1.19383  0.00005
 1.93871  1.19383  0.00004
 1.89393  1.19383  0.00009
 4.72615  1.09636  0.00000
 4.63336  1.05737  0.00001
 4.63336  1.05737  0.00003
 4.63336  1.05737  0.00003
 4.54056  1.05737  0.00006
********  0.64800  0.00000
********  0.64800  0.00000
********  0.64800  0.00000
********  0.64800  0.00000
********  0.64800  0.00000
 1.93871  1.77407  0.00000
 1.93871  1.71846  0.00001
 1.84915  1.69065  0.00004
 1.84915  1.69065  0.00004
 1.80437  1.66284  0.00008
 4.54056  1.49599  0.00000
 4.54056  1.49599  0.00001
 4.44777  1.46819  0.00003
 4.44777  1.46819  0.00003
 4.40138  1.44038  0.00006
********  0.71737  0.00000
********  0.71737  0.00000
********  0.71737  0.00000
********  0.71737  0.00000
********  0.71737  0.00000
 3.98381  3.48928  0.00000
 3.98381  3.48928  0.00000
 3.98381  3.48928  0.00002
 3.89102  3.43165  0.00002
 3.89102  3.31641  0.00004
********  1.12675  0.00000
********  1.12675  0.00000
********  1.12675  0.00000
********  1.12675  0.00000
********  1.12675  0.00000
******** 88.13108  0.00000
******** 88.13108  0.00000
******** 88.13108  0.00000
******** 88.13108  0.00000
******** 88.13108  0.00000
 1.53369  0.84750  0.00000
 1.53369  0.84750  0.00004
 1.40812  0.84750  0.00065
 1.36103  0.83775  0.00124
 1.36103  0.83775  0.00043
 2.19062  0.82800  0.00000
 2.10106  0.83775  0.00003
 2.10106  0.83775  0.00057
 2.10106  0.81826  0.00109
 2.10106  0.81826  0.00038
 4.70615  0.78902  0.00000
 4.70615  0.78902  0.00002
 4.61335  0.77927  0.00042
 4.61335  0.77927  0.00079
 4.52056  0.77927  0.00027
********  0.65256  0.00000
********  0.65256  0.00000
********  0.65256  0.00001
********  0.65256  0.00001
********  0.65256  0.00000
 2.03389  1.28612  0.00000
 2.01150  1.24713  0.00002
 1.94433  1.26662  0.00038
 1.94433  1.26662  0.00073
 1.92194  1.26662  0.00025
 4.61335  1.14966  0.00000
 4.61335  1.14966  0.00002
 4.52056  1.14966  0.00027
 4.47417  1.11067  0.00053
 4.38137  1.11067  0.00018
********  0.72079  0.00000
********  0.72079  0.00000
********  0.72079  0.00000
********  0.72079  0.00001
********  0.72079  0.00000
 4.52056  1.56878  0.00000
 4.42777  1.54098  0.00001
 4.42777  1.54098  0.00024
 4.42777  1.54098  0.00047
 4.24219  1.48536  0.00016
********  0.79016  0.00000
********  0.79016  0.00000
********  0.79016  0.00000
********  0.79016  0.00001
********  0.79016  0.00000
 4.05660  3.44682  0.00000
 4.05660  3.44682  0.00001
 4.05660  3.44682  0.00018
 4.05660  3.44682  0.00034
 3.87102  3.44682  0.00012
********  1.19954  0.00000
********  1.19954  0.00000
********  1.19954  0.00000
********  1.19954  0.00000
********  1.19954  0.00000
******** 86.85648  0.00000
******** 86.85648  0.00000
******** 86.85648  0.00000
******** 86.85648  0.00000
******** 86.85648  0.00000
 2.09391  0.91042  0.00000
 2.09391  0.91042  0.00002
 2.09391  0.90067  0.00033
 1.98196  0.90067  0.00106
 1.98196  0.90067  0.00051
 4.69577  0.86168  0.00000
 4.51018  0.87143  0.00001
 4.51018  0.87143  0.00024
 4.51018  0.87143  0.00076
 4.37100  0.85194  0.00037
********  0.73497  0.00000
********  0.73497  0.00000
********  0.73497  0.00000
********  0.73497  0.00001
********  0.73497  0.00001
 2.04913  1.32954  0.00000
 2.00435  1.32954  0.00001
 1.98196  1.32954  0.00021
 1.98196  1.32954  0.00068
 1.91479  1.29056  0.00033
 4.55658  1.21258  0.00000
 4.51018  1.21258  0.00001
 4.51018  1.21258  0.00015
 4.41739  1.21258  0.00049
 4.32460  1.19308  0.00024
********  0.80320  0.00000
********  0.80320  0.00000
********  0.80320  0.00000
********  0.80320  0.00001
********  0.80320  0.00000
 4.51018  1.62339  0.00000
 4.37100  1.59558  0.00001
 4.37100  1.59558  0.00013
 4.37100  1.56777  0.00043
 4.23181  1.56777  0.00021
********  0.87258  0.00000
********  0.87258  0.00000
********  0.87258  0.00000
********  0.87258  0.00001
********  0.87258  0.00000
********  1.28195  0.00000
********  1.28195  0.00000
********  1.28195  0.00000
********  1.28195  0.00000
********  1.28195  0.00000
******** 84.24411  0.00000
******** 84.24411  0.00000
******** 84.24411  0.00000
******** 84.24411  0.00000
******** 84.24411  0.00000
 4.60350  0.95499  0.00000
 4.60350  0.95499  0.00001
 4.51070  0.94525  0.00020
 4.46431  0.94525  0.00070
 4.41791  0.94525  0.00058
********  0.82828  0.00000
********  0.82828  0.00000
********  0.82828  0.00000
********  0.82828  0.00001
********  0.82828  0.00001
 4.41791  1.30589  0.00000
 4.41791  1.30589  0.00000
 4.41791  1.30589  0.00013
 4.37152  1.26690  0.00046
 4.27872  1.26690  0.00038
********  0.89651  0.00000
********  0.89651  0.00000
********  0.89651  0.00000
********  0.89651  0.00001
********  0.89651  0.00001
 4.41791  1.66108  0.00000
 4.41791  1.66108  0.00000
 4.41791  1.66108  0.00011
 4.41791  1.66108  0.00040
 4.13954  1.63328  0.00033
********  0.96589  0.00000
********  0.96589  0.00000
********  0.96589  0.00000
********  0.96589  0.00001
********  0.96589  0.00000
********  1.31764  0.00000
********  1.31764  0.00000
********  1.31764  0.00000
********  1.31764  0.00000
********  1.31764  0.00000
******** 84.33742  0.00000
******** 84.33742  0.00000
******** 84.33742  0.00000
******** 84.33742  0.00000
******** 84.33742  0.00000
 4.33798  1.06064  0.00000
 4.33798  1.06064  0.00000
 4.33798  1.06064  0.00003
 4.33798  1.06064  0.00019
 4.33798  1.06064  0.00018
********  0.93393  0.00000
********  0.93393  0.00000
********  0.93393  0.00000
********  0.93393  0.00000
********  0.93393  0.00000
 4.33798  1.37255  0.00000
 4.33798  1.37255  0.00000
 4.33798  1.37255  0.00002
 4.33798  1.37255  0.00012
 4.33798  1.35305  0.00012
********  0.98266  0.00000
********  0.98266  0.00000
********  0.98266  0.00000
********  0.98266  0.00000
********  0.98266  0.00000
 4.33798  1.79454  0.00000
 4.29158  1.71112  0.00000
 4.15239  1.73892  0.00002
 4.15239  1.73892  0.00011
 4.15239  1.71112  0.00010
********  1.07153  0.00000
********  1.07153  0.00000
********  1.07153  0.00000
********  1.07153  0.00000
********  1.07153  0.00000
********  1.42329  0.00000
********  1.42329  0.00000
********  1.42329  0.00000
********  1.42329  0.00000
********  1.42329  0.00000
******** 84.44306  0.00000
******** 84.44306  0.00000
******** 84.44306  0.00000
******** 84.44306  0.00000
******** 84.44306  0.00000
 4.45759  1.17051  0.00000
 4.45759  1.17051  0.00000
 4.31841  1.16076  0.00000
 4.31841  1.16076  0.00003
 4.27201  1.16076  0.00005
********  1.05355  0.00000
********  1.05355  0.00000
********  1.05355  0.00000
********  1.05355  0.00000
********  1.05355  0.00000
 4.36480  1.49217  0.00000
 4.27201  1.49217  0.00000
 4.27201  1.49217  0.00000
 4.22561  1.45318  0.00002
 4.22561  1.45318  0.00003
********  1.10228  0.00000
********  1.10228  0.00000
********  1.10228  0.00000
********  1.10228  0.00000
********  1.10228  0.00000
********  1.19115  0.00000
********  1.19115  0.00000
********  1.19115  0.00000
********  1.19115  0.00000
********  1.19115  0.00000
********  1.54291  0.00000
********  1.54291  0.00000
********  1.54291  0.00000
********  1.54291  0.00000
********  1.54291  0.00000
******** 84.56268  0.00000
******** 84.56268  0.00000
******** 84.56268  0.00000
******** 84.56268  0.00000
******** 84.56268  0.00000
********  1.18898  0.00000
********  1.18898  0.00000
********  1.18898  0.00000
********  1.18898  0.00000
********  1.18898  0.00000
********  1.23771  0.00000
********  1.23771  0.00000
********  1.23771  0.00000
********  1.23771  0.00000
********  1.23771  0.00000
********  1.32658  0.00000
********  1.32658  0.00000
********  1.32658  0.00000
********  1.32658  0.00000
********  1.32658  0.00000
********  1.67834  0.00000
********  1.67834  0.00000
********  1.67834  0.00000
********  1.67834  0.00000
********  1.67834  0.00000
******** 84.69811  0.00000
******** 84.69811  0.00000
******** 84.69811  0.00000
******** 84.69811  0.00000
******** 84.69811  0.00000
********  1.34232  0.00000
********  1.34232  0.00000
********  1.34232  0.00000
********  1.34232  0.00000
********  1.34232  0.00000
********  1.39105  0.00000
********  1.39105  0.00000
********  1.39105  0.00000
********  1.39105  0.00000
********  1.39105  0.00000
********  1.45212  0.00000
********  1.45212  0.00000
********  1.45212  0.00000
********  1.45212  0.00000
********  1.45212  0.00000
********  1.83168  0.00000
********  1.83168  0.00000
********  1.83168  0.00000
********  1.83168  0.00000
********  1.83168  0.00000
******** 84.85145  0.00000
******** 84.85145  0.00000
******** 84.85145  0.00000
******** 84.85145  0.00000
******** 84.85145  0.00000
********  1.51593  0.00000
********  1.51593  0.00000
********  1.51593  0.00000
********  1.51593  0.00000
********  1.51593  0.00000
********  1.56467  0.00000
********  1.56467  0.00000
********  1.56467  0.00000
********  1.56467  0.00000
********  1.56467  0.00000
********  1.62573  0.00000
********  1.62573  0.00000
********  1.62573  0.00000
********  1.62573  0.00000
********  1.62573  0.00000
********  2.00529  0.00000
********  2.00529  0.00000
********  2.00529  0.00000
********  2.00529  0.00000
********  2.00529  0.00000
******** 83.67767  0.00000
******** 83.67767  0.00000
******** 83.67767  0.00000
******** 83.67767  0.00000
******** 83.67767  0.00000
********  1.71250  0.00000
********  1.71250  0.00000
********  1.71250  0.00000
********  1.71250  0.00000
********  1.71250  0.00000
********  1.76124  0.00000
********  1.76124  0.00000
********  1.76124  0.00000
********  1.76124  0.00000
********  1.76124  0.00000
********  1.85011  0.00000
********  1.85011  0.00000
********  1.85011  0.00000
********  1.85011  0.00000
********  1.85011  0.00000
********  2.20186  0.00000
********  2.20186  0.00000
********  2.20186  0.00000
********  2.20186  0.00000
********  2.20186  0.00000
******** 85.22164  0.00000
******** 85.22164  0.00000
******** 85.22164  0.00000
******** 85.22164  0.00000
******** 85.22164  0.00000
********  1.93506  0.00000
********  1.93506  0.00000
********  1.93506  0.00000
********  1.93506  0.00000
********  1.93506  0.00000
********  1.98379  0.00000
********  1.98379  0.00000
********  1.98379  0.00000
********  1.98379  0.00000
********  1.98379  0.00000
********  2.04486  0.00000
********  2.04486  0.00000
********  2.04486  0.00000
********  2.04486  0.00000
********  2.04486  0.00000
********  2.42442  0.00000
********  2.42442  0.00000
********  2.42442  0.00000
********  2.42442  0.00000
********  2.42442  0.00000
******** 85.44419  0.00000
******** 85.44419  0.00000
******** 85.44419  0.00000
******** 85.44419  0.00000
******** 85.44419  0.00000
********  2.18704  0.00000
********  2.18704  0.00000
********  2.18704  0.00000
********  2.18704  0.00000
********  2.18704  0.00000
********  2.23578  0.00000
********  2.23578  0.00000
********  2.23578  0.00000
********  2.23578  0.00000
********  2.23578  0.00000
********  2.29684  0.00000
********  2.29684  0.00000
********  2.29684  0.00000
********  2.29684  0.00000
********  2.29684  0.00000
********  2.67641  0.00000
********  2.67641  0.00000
********  2.67641  0.00000
********  2.67641  0.00000
********  2.67641  0.00000
******** 85.69618  0.00000
******** 85.69618  0.00000
******** 85.69618  0.00000
******** 85.69618  0.00000
******** 85.69618  0.00004
********  2.47234  0.00000
********  2.47234  0.00000
********  2.47234  0.00000
********  2.47234  0.00000
********  2.52108  0.00000
********  2.52108  0.00000
********  2.52108  0.00000
********  2.52108  0.00000
********  2.58214  0.00000
********  2.58214  0.00000
********  2.58214  0.00000
********  2.58214  0.00000
********  2.90408  0.00000
********  2.90408  0.00000
********  2.90408  0.00000
********  2.90408  0.00000
********  2.78562  0.00000
********  2.78562  0.00000
********  2.78562  0.00000
********  2.78562  0.00000
********  2.84411  0.00000
********  2.84411  0.00000
********  2.84411  0.00000
********  2.84411  0.00000
********  2.90517  0.00000
********  2.90517  0.00000
********  2.90517  0.00000
********  2.90517  0.00000
********  3.22711  0.00000
********  3.22711  0.00000
********  3.22711  0.00000
********  3.22711  0.00000
********  3.16110  0.00000
********  3.16110  0.00000
********  3.16110  0.00000
********  3.16110  0.00000
********  3.20984  0.00000
********  3.20984  0.00000
********  3.20984  0.00000
********  3.20984  0.00000
********  3.27090  0.00000
********  3.27090  0.00000
********  3.27090  0.00000
********  3.27090  0.00000
********  3.65047  0.00000
********  3.65047  0.00000
********  3.65047  0.00000
********  3.65047  0.00000
********  3.57519  0.00000
********  3.57519  0.00000
********  3.57519  0.00000
********  3.62393  0.00000
********  3.62393  0.00000
********  3.62393  0.00000
********  3.71280  0.00000
********  3.71280  0.00000
********  3.71280  0.00000
********  4.06456  0.00000
********  4.06456  0.00000
********  4.06456  0.00000
********  4.04404  0.00000
********  4.04404  0.00000
********  4.04404  0.00000
********  4.09277  0.00000
********  4.09277  0.00000
********  4.09277  0.00000
********  4.15384  0.00000
********  4.15384  0.00000
********  4.15384  0.00000
********  4.53340  0.00000
********  4.53340  0.00000
********  4.53340  0.00000
********  4.57487  0.00000
********  4.57487  0.00000
********  4.57487  0.00000
********  4.62360  0.00000
********  4.62360  0.00000
********  4.62360  0.00000
********  4.68467  0.00000
********  4.68467  0.00000
********  4.68467  0.00000
********  5.06423  0.00000
********  5.06423  0.00000
********  5.06423  0.00000
********  5.16614  0.00000
********  5.16614  0.00046
********  5.22462  0.00000
********  5.22462  0.00031
********  5.31349  0.00000
********  5.31349  0.00027
********  5.60763  0.00000
********  5.60763  0.00019
********  5.84662  0.00000
********  5.84662  0.00000
********  5.90510  0.00000
********  5.90510  0.00000
********  5.96617  0.00000
********  5.96617  0.00000
********  6.28811  0.00000
********  6.28811  0.00000
********  6.61708  0.00000
********  6.61708  0.00000
********  6.67557  0.00000
********  6.67557  0.00000
********  6.76444  0.00000
********  6.76444  0.00000
********  7.05857  0.00000
********  7.05857  0.00000
********  7.48940  0.00039
********  7.54789  0.00026
********  7.60895  0.00023
********  7.93089  0.00016
********  8.47707  0.00034
********  8.53556  0.00023
********  8.59662  0.00020
********  8.91856  0.00014
********  9.59532  0.00073
********  9.65380  0.00049
********  9.71487  0.00043
******** 10.03681  0.00031
