     0.0000      0.9844      0.0422
     0.0000      1.4042      0.0422
     0.0000      1.4042      0.0422
     0.0000      3.2437      0.0422
     0.0000      3.2437      0.0422
     0.0000      3.2437      0.0422
     0.0000      1.0610      0.0005
     0.0000      1.0610      0.0138
     0.0000      1.0610      0.0089
     0.0000      1.5135      0.0004
     0.0000      1.5135      0.0124
     0.0000      1.5135      0.0082
     0.0000      1.5135      0.0003
     0.0000      1.5135      0.0084
     0.0000      1.5135      0.0057
     0.0000      3.5475      0.0003
     0.0000      3.5475      0.0088
     0.0000      3.5475      0.0059
     0.0000      3.4961      0.0002
     0.0000      3.4961      0.0060
     0.0000      3.4961      0.0041
     0.0000      3.4961      0.0002
     0.0000      3.4961      0.0052
     0.0000      3.4961      0.0037
     0.0000     87.7596      0.0000
     0.0000     87.7596      0.0001
     0.0000     87.7596      0.0001
     0.0000     87.7596      0.0000
     0.0000     87.7596      0.0001
     0.0000     87.7596      0.0001
     0.0000     87.7596      0.0000
     0.0000     87.7596      0.0001
     0.0000     87.7596      0.0001
     0.0000     87.7596      0.0000
     0.0000     87.7596      0.0000
     0.0000     87.7596      0.0000
     0.0010      1.0620      0.0034
     0.0010      1.0620      0.0004
     0.0010      1.5145      0.0029
     0.0010      1.5145      0.0003
     0.0010      1.5145      0.0020
     0.0010      1.5145      0.0002
     0.0010      3.5485      0.0020
     0.0010      3.5485      0.0002
     0.0010      3.4970      0.0013
     0.0010      3.4970      0.0002
     0.0010      3.4970      0.0013
     0.0010      3.4970      0.0001
     0.0010     87.7606      0.0000
     0.0010     87.7606      0.0000
     0.0010     87.7606      0.0000
     0.0010     87.7606      0.0000
     0.0010     87.7606      0.0000
     0.0010     87.7606      0.0000
     0.0010     87.7606      0.0000
     0.0010     87.7606      0.0000
     0.0459      0.4808      0.0030
     0.0459      0.4808      0.0023
     0.0459      1.0026      0.0021
     0.0459      1.0026      0.0017
     0.0459      1.4602      0.0020
     0.0459      1.4602      0.0015
     0.0459      1.4602      0.0013
     0.0459      1.4602      0.0010
     0.0459      3.4906      0.0014
     0.0459      3.4906      0.0011
     0.0459      3.4906      0.0009
     0.0459      3.4906      0.0007
     0.0459      3.4906      0.0009
     0.0459      3.4906      0.0007
     0.0459     86.6034      0.0000
     0.0459     86.6034      0.0000
     0.0459     86.6034      0.0000
     0.0459     86.6034      0.0000
     0.0459     86.6034      0.0000
     0.0459     86.6034      0.0000
     0.0459     86.6034      0.0000
     0.0459     86.6034      0.0000
     0.0755      0.4668      0.0013
     0.0755      0.4668      0.0041
     0.0755      0.9799      0.0009
     0.0755      0.9799      0.0027
     0.0755      0.9799      0.0006
     0.0755      0.9799      0.0018
     0.0755      1.4401      0.0008
     0.0755      1.4401      0.0026
     0.0755      1.4401      0.0006
     0.0755      1.4401      0.0018
     0.0755      3.5201      0.0006
     0.0755      3.5201      0.0020
     0.0755      3.4687      0.0004
     0.0755      3.4687      0.0013
     0.0755      3.4687      0.0004
     0.0755      3.4687      0.0013
     0.0755     86.6329      0.0000
     0.0755     86.6329      0.0000
     0.0755     86.6329      0.0000
     0.0755     86.6329      0.0000
     0.0755     86.6329      0.0000
     0.0755     86.6329      0.0000
     0.0755     86.6329      0.0000
     0.0755     86.6329      0.0000
     0.1405      0.9406      0.0060
     0.1405      0.9406      0.0053
     0.1405      0.9406      0.0041
     0.1405      0.9406      0.0036
     0.1405      1.4306      0.0051
     0.1405      1.4306      0.0045
     0.1405      1.4058      0.0035
     0.1405      1.4058      0.0031
     0.1405      1.4058      0.0031
     0.1405      1.4058      0.0028
     0.1405      3.3795      0.0037
     0.1405      3.3795      0.0033
     0.1405      3.3795      0.0025
     0.1405      3.3795      0.0023
     0.1405      3.3795      0.0023
     0.1405      3.3795      0.0020
     0.1405     86.6979      0.0001
     0.1405     86.6979      0.0000
     0.1405     86.6979      0.0000
     0.1405     86.6979      0.0000
     0.1405     86.6979      0.0000
     0.1405     86.6979      0.0000
     0.1405     86.6979      0.0000
     0.1405     86.6979      0.0000
     0.2959      1.4372      0.0074
     0.2959      1.4372      0.0046
     0.2959      1.4372      0.0039
     0.2959      3.4321      0.0051
     0.2959      3.4321      0.0032
     0.2959      3.4321      0.0027
     0.2959     85.6511      0.0001
     0.2959     85.6511      0.0000
     0.2959     85.6511      0.0000
     0.2959     85.6511      0.0000
     0.3350      1.4515      0.0038
     0.3350      1.4515      0.0024
     0.3350      1.4515      0.0020
     0.3350      3.3684      0.0028
     0.3350      3.3684      0.0018
     0.3350      3.3684      0.0015
     0.3350     85.6903      0.0000
     0.3350     85.6903      0.0000
     0.3350     85.6903      0.0000
     0.3350     85.6903      0.0000
     0.4295      3.3086      0.0025
     0.4295      3.3086      0.0016
     0.4295      3.3086      0.0013
     0.4295     85.7847      0.0000
     0.4295     85.7847      0.0000
     0.4295     85.7847      0.0000
     0.4295     85.7847      0.0000
     0.0000      1.1218      0.0001
     0.0000      1.1218      0.0091
     0.0000      1.1218      0.0112
     0.0000      1.1218      0.0008
     0.0000      1.6265      0.0001
     0.0000      1.6265      0.0081
     0.0000      1.6265      0.0101
     0.0000      1.6265      0.0007
     0.0000      1.6265      0.0001
     0.0000      1.6265      0.0055
     0.0000      1.6265      0.0069
     0.0000      1.6265      0.0005
     0.0000      3.7508      0.0001
     0.0000      3.7508      0.0057
     0.0000      3.7508      0.0072
     0.0000      3.7508      0.0005
     0.0000      3.7508      0.0001
     0.0000      3.7508      0.0039
     0.0000      3.7508      0.0049
     0.0000      3.7508      0.0003
     0.0000      3.7508      0.0000
     0.0000      3.7508      0.0033
     0.0000      3.7508      0.0043
     0.0000      3.7508      0.0003
     0.0000     91.5188      0.0000
     0.0000     91.5188      0.0001
     0.0000     91.5188      0.0001
     0.0000     91.5188      0.0000
     0.0000     91.5188      0.0000
     0.0000     91.5188      0.0001
     0.0000     91.5188      0.0001
     0.0000     91.5188      0.0000
     0.0000     91.5188      0.0000
     0.0000     91.5188      0.0000
     0.0000     91.5188      0.0001
     0.0000     91.5188      0.0000
     0.0000     91.5188      0.0000
     0.0000     91.5188      0.0000
     0.0000     91.5188      0.0000
     0.0000     91.5188      0.0000
     0.0010      1.1228      0.0005
     0.0010      1.1228      0.0018
     0.0010      1.1228      0.0002
     0.0010      1.6012      0.0004
     0.0010      1.6012      0.0015
     0.0010      1.6012      0.0001
     0.0010      1.6012      0.0003
     0.0010      1.6012      0.0010
     0.0010      1.6012      0.0001
     0.0010      3.7518      0.0003
     0.0010      3.7518      0.0010
     0.0010      3.7518      0.0001
     0.0010      3.7518      0.0002
     0.0010      3.7518      0.0007
     0.0010      3.7518      0.0001
     0.0010      3.7518      0.0002
     0.0010      3.7518      0.0007
     0.0010      3.7518      0.0001
     0.0010     91.5198      0.0000
     0.0010     91.5198      0.0000
     0.0010     91.5198      0.0000
     0.0010     91.5198      0.0000
     0.0010     91.5198      0.0000
     0.0010     91.5198      0.0000
     0.0010     91.5198      0.0000
     0.0010     91.5198      0.0000
     0.0010     91.5198      0.0000
     0.0010     91.5198      0.0000
     0.0010     91.5198      0.0000
     0.0010     91.5198      0.0000
     0.0170      1.1020      0.0006
     0.0170      1.1020      0.0004
     0.0170      1.5910      0.0006
     0.0170      1.5910      0.0004
     0.0170      1.5910      0.0004
     0.0170      1.5910      0.0003
     0.0170      3.7135      0.0004
     0.0170      3.7135      0.0003
     0.0170      3.7135      0.0003
     0.0170      3.7135      0.0002
     0.0170      3.7135      0.0003
     0.0170      3.7135      0.0002
     0.0170     91.5358      0.0000
     0.0170     91.5358      0.0000
     0.0170     91.5358      0.0000
     0.0170     91.5358      0.0000
     0.0170     91.5358      0.0000
     0.0170     91.5358      0.0000
     0.0170     91.5358      0.0000
     0.0170     91.5358      0.0000
     0.0358      0.5140      0.0010
     0.0358      0.5140      0.0006
     0.0358      1.0841      0.0007
     0.0358      1.0841      0.0004
     0.0358      1.5574      0.0006
     0.0358      1.5574      0.0004
     0.0358      1.5574      0.0004
     0.0358      1.5574      0.0003
     0.0358      3.7323      0.0004
     0.0358      3.7323      0.0002
     0.0358      3.6779      0.0003
     0.0358      3.6779      0.0002
     0.0358      3.6779      0.0003
     0.0358      3.6779      0.0002
     0.0358     91.5546      0.0000
     0.0358     91.5546      0.0000
     0.0358     91.5546      0.0000
     0.0358     91.5546      0.0000
     0.0358     91.5546      0.0000
     0.0358     91.5546      0.0000
     0.0358     91.5546      0.0000
     0.0358     91.5546      0.0000
     0.0459      0.5149      0.0003
     0.0459      0.5149      0.0043
     0.0459      0.5149      0.0012
     0.0459      1.0758      0.0002
     0.0459      1.0758      0.0029
     0.0459      1.0758      0.0008
     0.0459      1.5675      0.0002
     0.0459      1.5675      0.0026
     0.0459      1.5675      0.0008
     0.0459      1.5675      0.0001
     0.0459      1.5675      0.0018
     0.0459      1.5675      0.0005
     0.0459      3.6880      0.0001
     0.0459      3.6880      0.0018
     0.0459      3.6880      0.0005
     0.0459      3.6880      0.0001
     0.0459      3.6880      0.0012
     0.0459      3.6880      0.0004
     0.0459      3.6880      0.0001
     0.0459      3.6880      0.0011
     0.0459      3.6880      0.0003
     0.0459     91.5647      0.0000
     0.0459     91.5647      0.0000
     0.0459     91.5647      0.0000
     0.0459     91.5647      0.0000
     0.0459     91.5647      0.0000
     0.0459     91.5647      0.0000
     0.0459     91.5647      0.0000
     0.0459     91.5647      0.0000
     0.0459     91.5647      0.0000
     0.0459     91.5647      0.0000
     0.0459     91.5647      0.0000
     0.0459     91.5647      0.0000
     0.0520      0.5026      0.0016
     0.0520      0.5026      0.0002
     0.0520      1.0635      0.0010
     0.0520      1.0635      0.0002
     0.0520      1.5473      0.0009
     0.0520      1.5473      0.0001
     0.0520      1.5473      0.0006
     0.0520      1.5473      0.0001
     0.0520      3.7485      0.0006
     0.0520      3.7485      0.0001
     0.0520      3.6941      0.0004
     0.0520      3.6941      0.0001
     0.0520      3.6941      0.0003
     0.0520      3.6941      0.0000
     0.0520     91.5708      0.0000
     0.0520     91.5708      0.0000
     0.0520     91.5708      0.0000
     0.0520     91.5708      0.0000
     0.0520     91.5708      0.0000
     0.0520     91.5708      0.0000
     0.0520     91.5708      0.0000
     0.0520     91.5708      0.0000
     0.0667      0.4988      0.0003
     0.0667      0.4988      0.0002
     0.0667      1.0598      0.0002
     0.0667      1.0598      0.0001
     0.0667      1.0598      0.0001
     0.0667      1.0598      0.0001
     0.0667      1.5357      0.0001
     0.0667      1.5357      0.0001
     0.0667      1.5357      0.0001
     0.0667      1.5357      0.0001
     0.0667      3.7088      0.0001
     0.0667      3.7088      0.0001
     0.0667      3.7088      0.0001
     0.0667      3.7088      0.0001
     0.0667      3.7088      0.0001
     0.0667      3.7088      0.0000
     0.0667     91.5855      0.0000
     0.0667     91.5855      0.0000
     0.0667     91.5855      0.0000
     0.0667     91.5855      0.0000
     0.0667     91.5855      0.0000
     0.0667     91.5855      0.0000
     0.0667     91.5855      0.0000
     0.0667     91.5855      0.0000
     0.0755      0.4985      0.0017
     0.0755      0.4985      0.0004
     0.0755      1.0502      0.0012
     0.0755      1.0502      0.0002
     0.0755      1.0502      0.0008
     0.0755      1.0502      0.0002
     0.0755      1.5183      0.0010
     0.0755      1.5183      0.0002
     0.0755      1.5183      0.0007
     0.0755      1.5183      0.0001
     0.0755      3.7176      0.0007
     0.0755      3.7176      0.0001
     0.0755      3.7176      0.0005
     0.0755      3.7176      0.0001
     0.0755      3.7176      0.0004
     0.0755      3.7176      0.0001
     0.0755     91.5943      0.0000
     0.0755     91.5943      0.0000
     0.0755     91.5943      0.0000
     0.0755     91.5943      0.0000
     0.0755     91.5943      0.0000
     0.0755     91.5943      0.0000
     0.0755     91.5943      0.0000
     0.0755     91.5943      0.0000
     0.0855      0.4993      0.0000
     0.0855      0.4901      0.0023
     0.0855      0.4901      0.0011
     0.0855      1.0418      0.0000
     0.0855      1.0418      0.0016
     0.0855      1.0418      0.0007
     0.0855      1.0418      0.0000
     0.0855      1.0418      0.0011
     0.0855      1.0418      0.0005
     0.0855      1.5021      0.0000
     0.0855      1.5021      0.0015
     0.0855      1.5021      0.0007
     0.0855      1.5021      0.0000
     0.0855      1.5021      0.0010
     0.0855      1.5021      0.0005
     0.0855      3.6732      0.0000
     0.0855      3.6732      0.0011
     0.0855      3.6732      0.0005
     0.0855      3.6732      0.0000
     0.0855      3.6732      0.0007
     0.0855      3.6732      0.0003
     0.0855      3.6732      0.0000
     0.0855      3.6732      0.0007
     0.0855      3.6732      0.0003
     0.0855     91.6042      0.0000
     0.0855     91.6042      0.0000
     0.0855     91.6042      0.0000
     0.0855     91.6042      0.0000
     0.0855     91.6042      0.0000
     0.0855     91.6042      0.0000
     0.0855     91.6042      0.0000
     0.0855     91.6042      0.0000
     0.0855     91.6042      0.0000
     0.0855     91.6042      0.0000
     0.0855     91.6042      0.0000
     0.0855     91.6042      0.0000
     0.0968      0.4922      0.0013
     0.0968      0.4922      0.0017
     0.0968      1.0347      0.0009
     0.0968      1.0347      0.0011
     0.0968      1.0347      0.0006
     0.0968      1.0347      0.0008
     0.0968      1.5134      0.0008
     0.0968      1.5134      0.0010
     0.0968      1.5134      0.0005
     0.0968      1.5134      0.0007
     0.0968      3.6845      0.0006
     0.0968      3.6845      0.0007
     0.0968      3.6845      0.0004
     0.0968      3.6845      0.0005
     0.0968      3.6845      0.0003
     0.0968      3.6845      0.0004
     0.0968     91.6156      0.0000
     0.0968     91.6156      0.0000
     0.0968     91.6156      0.0000
     0.0968     91.6156      0.0000
     0.0968     91.6156      0.0000
     0.0968     91.6156      0.0000
     0.0968     91.6156      0.0000
     0.0968     91.6156      0.0000
     0.1096      0.4866      0.0004
     0.1096      0.4866      0.0002
     0.1096      1.0107      0.0003
     0.1096      1.0107      0.0001
     0.1096      1.0107      0.0002
     0.1096      1.0107      0.0001
     0.1096      1.4999      0.0002
     0.1096      1.4999      0.0001
     0.1096      1.4999      0.0002
     0.1096      1.4999      0.0001
     0.1096      1.4999      0.0002
     0.1096      1.4999      0.0001
     0.1096      3.6429      0.0002
     0.1096      3.6429      0.0001
     0.1096      3.6429      0.0001
     0.1096      3.6429      0.0001
     0.1096      3.6429      0.0001
     0.1096      3.6429      0.0001
     0.1096     91.6283      0.0000
     0.1096     91.6283      0.0000
     0.1096     91.6283      0.0000
     0.1096     91.6283      0.0000
     0.1096     91.6283      0.0000
     0.1096     91.6283      0.0000
     0.1096     91.6283      0.0000
     0.1096     91.6283      0.0000
     0.1241      1.0068      0.0004
     0.1241      1.0068      0.0007
     0.1241      1.0068      0.0000
     0.1241      1.0068      0.0003
     0.1241      1.0068      0.0005
     0.1241      1.0068      0.0000
     0.1241      1.5406      0.0004
     0.1241      1.5406      0.0007
     0.1241      1.5144      0.0000
     0.1241      1.4882      0.0003
     0.1241      1.4882      0.0005
     0.1241      1.4882      0.0000
     0.1241      1.4882      0.0002
     0.1241      1.4882      0.0004
     0.1241      1.4882      0.0000
     0.1241      3.6031      0.0003
     0.1241      3.6031      0.0005
     0.1241      3.6031      0.0000
     0.1241      3.6031      0.0002
     0.1241      3.6031      0.0003
     0.1241      3.6031      0.0000
     0.1241      3.6031      0.0002
     0.1241      3.6031      0.0003
     0.1241      3.6031      0.0000
     0.1241     92.9139      0.0000
     0.1241     92.9139      0.0000
     0.1241     92.9139      0.0000
     0.1241     92.9139      0.0000
     0.1241     92.9139      0.0000
     0.1241     92.9139      0.0000
     0.1241     92.9139      0.0000
     0.1241     92.9139      0.0000
     0.1241     92.9139      0.0000
     0.1241     92.9139      0.0000
     0.1241     92.9139      0.0000
     0.1241     92.9139      0.0000
     0.1405      1.0048      0.0017
     0.1405      1.0048      0.0010
     0.1405      1.0048      0.0012
     0.1405      1.0048      0.0007
     0.1405      1.5308      0.0015
     0.1405      1.5308      0.0009
     0.1405      1.5046      0.0010
     0.1405      1.5046      0.0006
     0.1405      1.5046      0.0009
     0.1405      1.5046      0.0006
     0.1405      3.5651      0.0011
     0.1405      3.5651      0.0007
     0.1405      3.5651      0.0007
     0.1405      3.5651      0.0005
     0.1405      3.5651      0.0006
     0.1405      3.5651      0.0004
     0.1405     92.9303      0.0000
     0.1405     92.9303      0.0000
     0.1405     92.9303      0.0000
     0.1405     92.9303      0.0000
     0.1405     92.9303      0.0000
     0.1405     92.9303      0.0000
     0.1405     92.9303      0.0000
     0.1405     92.9303      0.0000
     0.1590      0.9866      0.0000
     0.1590      0.9866      0.0008
     0.1590      0.9866      0.0012
     0.1590      0.9866      0.0000
     0.1590      0.9866      0.0000
     0.1590      0.9866      0.0005
     0.1590      0.9866      0.0008
     0.1590      0.9866      0.0000
     0.1590      1.5232      0.0000
     0.1590      1.5232      0.0006
     0.1590      1.5232      0.0010
     0.1590      1.5232      0.0000
     0.1590      1.5232      0.0000
     0.1590      1.5232      0.0004
     0.1590      1.5232      0.0007
     0.1590      1.5232      0.0000
     0.1590      1.5232      0.0000
     0.1590      1.5232      0.0004
     0.1590      1.5232      0.0006
     0.1590      1.5232      0.0000
     0.1590      3.6924      0.0000
     0.1590      3.6924      0.0005
     0.1590      3.6924      0.0007
     0.1590      3.6924      0.0000
     0.1590      3.5293      0.0000
     0.1590      3.5293      0.0003
     0.1590      3.5293      0.0005
     0.1590      3.5293      0.0000
     0.1590      3.5293      0.0000
     0.1590      3.5293      0.0003
     0.1590      3.5293      0.0005
     0.1590      3.5293      0.0000
     0.1590     92.9489      0.0000
     0.1590     92.9489      0.0000
     0.1590     92.9489      0.0000
     0.1590     92.9489      0.0000
     0.1590     92.9489      0.0000
     0.1590     92.9489      0.0000
     0.1590     92.9489      0.0000
     0.1590     92.9489      0.0000
     0.1590     92.9489      0.0000
     0.1590     92.9489      0.0000
     0.1590     92.9489      0.0000
     0.1590     92.9489      0.0000
     0.1590     92.9489      0.0000
     0.1590     92.9489      0.0000
     0.1590     92.9489      0.0000
     0.1590     92.9489      0.0000
     0.1801      0.9892      0.0000
     0.1801      0.9892      0.0015
     0.1801      0.9892      0.0021
     0.1801      0.9892      0.0001
     0.1801      0.9892      0.0000
     0.1801      0.9892      0.0010
     0.1801      0.9892      0.0014
     0.1801      0.9892      0.0001
     0.1801      1.5179      0.0000
     0.1801      1.5179      0.0013
     0.1801      1.5179      0.0018
     0.1801      1.5179      0.0001
     0.1801      1.5179      0.0000
     0.1801      1.5179      0.0009
     0.1801      1.5179      0.0012
     0.1801      1.5179      0.0000
     0.1801      1.5179      0.0000
     0.1801      1.5179      0.0008
     0.1801      1.5179      0.0011
     0.1801      1.5179      0.0000
     0.1801      3.6591      0.0000
     0.1801      3.6591      0.0010
     0.1801      3.6591      0.0013
     0.1801      3.6591      0.0001
     0.1801      3.6591      0.0000
     0.1801      3.6591      0.0006
     0.1801      3.6591      0.0009
     0.1801      3.6591      0.0000
     0.1801      3.6591      0.0000
     0.1801      3.6591      0.0006
     0.1801      3.6591      0.0008
     0.1801      3.6591      0.0000
     0.1801     92.9699      0.0000
     0.1801     92.9699      0.0000
     0.1801     92.9699      0.0000
     0.1801     92.9699      0.0000
     0.1801     92.9699      0.0000
     0.1801     92.9699      0.0000
     0.1801     92.9699      0.0000
     0.1801     92.9699      0.0000
     0.1801     92.9699      0.0000
     0.1801     92.9699      0.0000
     0.1801     92.9699      0.0000
     0.1801     92.9699      0.0000
     0.1801     92.9699      0.0000
     0.1801     92.9699      0.0000
     0.1801     92.9699      0.0000
     0.1801     92.9699      0.0000
     0.2039      0.9946      0.0000
     0.2039      0.9946      0.0002
     0.2039      0.9946      0.0001
     0.2039      0.9946      0.0000
     0.2039      0.9946      0.0001
     0.2039      0.9946      0.0000
     0.2039      0.9946      0.0000
     0.2039      0.9946      0.0001
     0.2039      0.9946      0.0000
     0.2039      1.5155      0.0000
     0.2039      1.5155      0.0002
     0.2039      1.5155      0.0001
     0.2039      1.5155      0.0000
     0.2039      1.5155      0.0001
     0.2039      1.5155      0.0000
     0.2039      1.5155      0.0000
     0.2039      1.5155      0.0001
     0.2039      1.5155      0.0000
     0.2039      3.6829      0.0000
     0.2039      3.6829      0.0001
     0.2039      3.6829      0.0000
     0.2039      3.6829      0.0000
     0.2039      3.6829      0.0001
     0.2039      3.6829      0.0000
     0.2039      3.6829      0.0000
     0.2039      3.6829      0.0001
     0.2039      3.6829      0.0000
     0.2039     92.9937      0.0000
     0.2039     92.9937      0.0000
     0.2039     92.9937      0.0000
     0.2039     92.9937      0.0000
     0.2039     92.9937      0.0000
     0.2039     92.9937      0.0000
     0.2039     92.9937      0.0000
     0.2039     92.9937      0.0000
     0.2039     92.9937      0.0000
     0.2039     92.9937      0.0000
     0.2039     92.9937      0.0000
     0.2039     92.9937      0.0000
     0.2308      1.0216      0.0003
     0.2308      1.0216      0.0013
     0.2308      1.0216      0.0007
     0.2308      1.0032      0.0002
     0.2308      1.0032      0.0009
     0.2308      1.0032      0.0005
     0.2308      1.0032      0.0002
     0.2308      1.0032      0.0008
     0.2308      1.0032      0.0004
     0.2308      1.5162      0.0003
     0.2308      1.5162      0.0012
     0.2308      1.5162      0.0006
     0.2308      1.4900      0.0002
     0.2308      1.4900      0.0008
     0.2308      1.4900      0.0004
     0.2308      1.4900      0.0002
     0.2308      1.4900      0.0007
     0.2308      1.4900      0.0004
     0.2308      3.6555      0.0002
     0.2308      3.6011      0.0008
     0.2308      3.6011      0.0005
     0.2308      3.6555      0.0001
     0.2308      3.6011      0.0006
     0.2308      3.6011      0.0003
     0.2308      3.6555      0.0001
     0.2308      3.6011      0.0005
     0.2308      3.6011      0.0003
     0.2308     93.0207      0.0000
     0.2308     93.0207      0.0000
     0.2308     93.0207      0.0000
     0.2308     93.0207      0.0000
     0.2308     93.0207      0.0000
     0.2308     93.0207      0.0000
     0.2308     93.0207      0.0000
     0.2308     93.0207      0.0000
     0.2308     93.0207      0.0000
     0.2308     93.0207      0.0000
     0.2308     93.0207      0.0000
     0.2308     93.0207      0.0000
     0.2959      1.5288      0.0000
     0.2959      1.5288      0.0008
     0.2959      1.5288      0.0004
     0.2959      1.5288      0.0000
     0.2959      1.5288      0.0005
     0.2959      1.5288      0.0003
     0.2959      1.5288      0.0000
     0.2959      1.5288      0.0004
     0.2959      1.5288      0.0002
     0.2959      3.6118      0.0000
     0.2959      3.6118      0.0006
     0.2959      3.6118      0.0003
     0.2959      3.6118      0.0000
     0.2959      3.6118      0.0003
     0.2959      3.6118      0.0002
     0.2959      3.6118      0.0000
     0.2959      3.6118      0.0003
     0.2959      3.6118      0.0001
     0.2959     91.8147      0.0000
     0.2959     91.8147      0.0000
     0.2959     91.8147      0.0000
     0.2959     91.8147      0.0000
     0.2959     91.8147      0.0000
     0.2959     91.8147      0.0000
     0.2959     91.8147      0.0000
     0.2959     91.8147      0.0000
     0.2959     91.8147      0.0000
     0.2959     91.8147      0.0000
     0.2959     91.8147      0.0000
     0.2959     91.8147      0.0000
     0.3350      1.5417      0.0000
     0.3350      1.5417      0.0010
     0.3350      1.5417      0.0018
     0.3350      1.5417      0.0000
     0.3350      1.5417      0.0006
     0.3350      1.5417      0.0011
     0.3350      1.5417      0.0000
     0.3350      1.5417      0.0005
     0.3350      1.5417      0.0009
     0.3350      3.6509      0.0000
     0.3350      3.6509      0.0007
     0.3350      3.6509      0.0013
     0.3350      3.6509      0.0000
     0.3350      3.6509      0.0005
     0.3350      3.6509      0.0008
     0.3350      3.5422      0.0000
     0.3350      3.5422      0.0004
     0.3350      3.5422      0.0007
     0.3350     91.8538      0.0000
     0.3350     91.8538      0.0000
     0.3350     91.8538      0.0000
     0.3350     91.8538      0.0000
     0.3350     91.8538      0.0000
     0.3350     91.8538      0.0000
     0.3350     91.8538      0.0000
     0.3350     91.8538      0.0000
     0.3350     91.8538      0.0000
     0.3350     91.8538      0.0000
     0.3350     91.8538      0.0000
     0.3350     91.8538      0.0000
     0.3793      1.5336      0.0005
     0.3793      1.5336      0.0020
     0.3793      1.5336      0.0003
     0.3793      1.5336      0.0013
     0.3793      1.5336      0.0003
     0.3793      1.5336      0.0011
     0.3793      3.5865      0.0004
     0.3793      3.5865      0.0014
     0.3793      3.5865      0.0002
     0.3793      3.5865      0.0009
     0.3793      3.5322      0.0002
     0.3793      3.5322      0.0008
     0.3793     91.8981      0.0000
     0.3793     91.8981      0.0000
     0.3793     91.8981      0.0000
     0.3793     91.8981      0.0000
     0.3793     91.8981      0.0000
     0.3793     91.8981      0.0000
     0.3793     91.8981      0.0000
     0.3793     91.8981      0.0000
     0.4295      3.5823      0.0001
     0.4295      3.5823      0.0008
     0.4295      3.5823      0.0001
     0.4295      3.5823      0.0005
     0.4295      3.5823      0.0001
     0.4295      3.5823      0.0004
     0.4295     91.9482      0.0000
     0.4295     91.9482      0.0000
     0.4295     91.9482      0.0000
     0.4295     91.9482      0.0000
     0.4295     91.9482      0.0000
     0.4295     91.9482      0.0000
     0.4295     91.9482      0.0000
     0.4295     91.9482      0.0000
     0.4862      3.5304      0.0000
     0.4862      3.5304      0.0012
     0.4862      3.5304      0.0000
     0.4862      3.5304      0.0007
     0.4862      3.5304      0.0000
     0.4862      3.5304      0.0006
     0.4862     92.0050      0.0000
     0.4862     92.0050      0.0000
     0.4862     92.0050      0.0000
     0.4862     92.0050      0.0000
     0.4862     92.0050      0.0000
     0.4862     92.0050      0.0000
     0.4862     92.0050      0.0000
     0.4862     92.0050      0.0000
     0.5505      3.5947      0.0008
     0.5505      3.5403      0.0005
     0.5505      3.5403      0.0004
     0.5505     90.7982      0.0000
     0.5505     90.7982      0.0000
     0.5505     90.7982      0.0000
     0.5505     90.7982      0.0000
     0.6233      3.5587      0.0002
     0.6233      3.5587      0.0001
     0.6233      3.5587      0.0001
     0.6233     90.8710      0.0000
     0.6233     90.8710      0.0000
     0.6233     90.8710      0.0000
     0.6233     90.8710      0.0000
     0.7057      3.4781      0.0001
     0.7057      3.4781      0.0001
     0.7057      3.4781      0.0001
     0.7057     90.9534      0.0000
     0.7057     90.9534      0.0000
     0.7057     90.9534      0.0000
     0.7057     90.9534      0.0000
     1.4867     89.1922      0.0000
     1.4867     89.1922      0.0000
     1.4867     89.1922      0.0000
     1.4867     89.1922      0.0000
     1.6833     88.1177      0.0000
     1.6833     88.1177      0.0000
     1.6833     88.1177      0.0000
     1.6833     88.1177      0.0000
     3.1319     85.7530      0.0005
     3.1319     85.7530      0.0003
     3.1319     85.7530      0.0003
     3.1319     85.7530      0.0002
     4.0148     84.0937      0.0000
     4.0148     84.0937      0.0000
     4.0148     84.0937      0.0000
     4.0148     84.0937      0.0000
     4.0148     71.3828      0.0000
     0.0000      1.1668      0.0001
     0.0000      1.1668      0.0076
     0.0000      1.1668      0.0134
     0.0000      1.1668      0.0015
     0.0000      1.6917      0.0000
     0.0000      1.6917      0.0067
     0.0000      1.6917      0.0119
     0.0000      1.6917      0.0013
     0.0000      1.6917      0.0000
     0.0000      1.6917      0.0045
     0.0000      1.6917      0.0081
     0.0000      1.6917      0.0009
     0.0000      3.9579      0.0000
     0.0000      3.9579      0.0047
     0.0000      3.9579      0.0084
     0.0000      3.9579      0.0009
     0.0000      3.9579      0.0000
     0.0000      3.9579      0.0032
     0.0000      3.9579      0.0058
     0.0000      3.9579      0.0006
     0.0000      3.9579      0.0000
     0.0000      3.9579      0.0028
     0.0000      3.9579      0.0051
     0.0000      3.9579      0.0006
     0.0000     96.5147      0.0000
     0.0000     96.5147      0.0001
     0.0000     96.5147      0.0001
     0.0000     96.5147      0.0000
     0.0000     96.5147      0.0000
     0.0000     96.5147      0.0000
     0.0000     96.5147      0.0001
     0.0000     96.5147      0.0000
     0.0000     96.5147      0.0000
     0.0000     96.5147      0.0000
     0.0000     96.5147      0.0001
     0.0000     96.5147      0.0000
     0.0000     96.5147      0.0000
     0.0000     96.5147      0.0000
     0.0000     96.5147      0.0000
     0.0000     96.5147      0.0000
     0.0004      1.1672      0.0000
     0.0004      1.1672      0.0000
     0.0004      1.6921      0.0000
     0.0004      1.6921      0.0000
     0.0004      1.6921      0.0000
     0.0004      1.6921      0.0000
     0.0004      3.9583      0.0000
     0.0004      3.9583      0.0000
     0.0004      3.9583      0.0000
     0.0004      3.9583      0.0000
     0.0004      3.9583      0.0000
     0.0004      3.9583      0.0000
     0.0004     96.5151      0.0000
     0.0004     96.5151      0.0000
     0.0004     96.5151      0.0000
     0.0004     96.5151      0.0000
     0.0004     96.5151      0.0000
     0.0004     96.5151      0.0000
     0.0004     96.5151      0.0000
     0.0004     96.5151      0.0000
     0.0005      1.1673      0.0000
     0.0005      1.1673      0.0001
     0.0005      1.1673      0.0000
     0.0005      1.1673      0.0000
     0.0005      1.6922      0.0000
     0.0005      1.6922      0.0001
     0.0005      1.6922      0.0000
     0.0005      1.6922      0.0000
     0.0005      1.6922      0.0000
     0.0005      1.6922      0.0000
     0.0005      1.6922      0.0000
     0.0005      1.6922      0.0000
     0.0005      3.9584      0.0000
     0.0005      3.9584      0.0001
     0.0005      3.9584      0.0000
     0.0005      3.9584      0.0000
     0.0005      3.9584      0.0000
     0.0005      3.9584      0.0000
     0.0005      3.9584      0.0000
     0.0005      3.9584      0.0000
     0.0005      3.9584      0.0000
     0.0005      3.9584      0.0000
     0.0005      3.9584      0.0000
     0.0005      3.9584      0.0000
     0.0005     96.5152      0.0000
     0.0005     96.5152      0.0000
     0.0005     96.5152      0.0000
     0.0005     96.5152      0.0000
     0.0005     96.5152      0.0000
     0.0005     96.5152      0.0000
     0.0005     96.5152      0.0000
     0.0005     96.5152      0.0000
     0.0005     96.5152      0.0000
     0.0005     96.5152      0.0000
     0.0005     96.5152      0.0000
     0.0005     96.5152      0.0000
     0.0005     96.5152      0.0000
     0.0005     96.5152      0.0000
     0.0005     96.5152      0.0000
     0.0005     96.5152      0.0000
     0.0006      1.1674      0.0000
     0.0006      1.1674      0.0001
     0.0006      1.1674      0.0000
     0.0006      1.1674      0.0000
     0.0006      1.6923      0.0000
     0.0006      1.6923      0.0001
     0.0006      1.6923      0.0000
     0.0006      1.6923      0.0000
     0.0006      1.6923      0.0000
     0.0006      1.6923      0.0000
     0.0006      1.6923      0.0000
     0.0006      1.6923      0.0000
     0.0006      3.9585      0.0000
     0.0006      3.9585      0.0000
     0.0006      3.9585      0.0000
     0.0006      3.9585      0.0000
     0.0006      3.9585      0.0000
     0.0006      3.9585      0.0000
     0.0006      3.9585      0.0000
     0.0006      3.9585      0.0000
     0.0006      3.9585      0.0000
     0.0006      3.9585      0.0000
     0.0006      3.9585      0.0000
     0.0006      3.9585      0.0000
     0.0006     96.5153      0.0000
     0.0006     96.5153      0.0000
     0.0006     96.5153      0.0000
     0.0006     96.5153      0.0000
     0.0006     96.5153      0.0000
     0.0006     96.5153      0.0000
     0.0006     96.5153      0.0000
     0.0006     96.5153      0.0000
     0.0006     96.5153      0.0000
     0.0006     96.5153      0.0000
     0.0006     96.5153      0.0000
     0.0006     96.5153      0.0000
     0.0006     96.5153      0.0000
     0.0006     96.5153      0.0000
     0.0006     96.5153      0.0000
     0.0006     96.5153      0.0000
     0.0010      1.1678      0.0000
     0.0010      1.1678      0.0005
     0.0010      1.1678      0.0018
     0.0010      1.1678      0.0003
     0.0010      1.6927      0.0000
     0.0010      1.6927      0.0005
     0.0010      1.6927      0.0016
     0.0010      1.6927      0.0003
     0.0010      1.6927      0.0000
     0.0010      1.6927      0.0003
     0.0010      1.6927      0.0011
     0.0010      1.6927      0.0002
     0.0010      3.9589      0.0000
     0.0010      3.9589      0.0003
     0.0010      3.9589      0.0011
     0.0010      3.9589      0.0002
     0.0010      3.9589      0.0000
     0.0010      3.9589      0.0002
     0.0010      3.9589      0.0007
     0.0010      3.9589      0.0001
     0.0010      3.9589      0.0000
     0.0010      3.9589      0.0002
     0.0010      3.9589      0.0007
     0.0010      3.9589      0.0001
     0.0010     96.5157      0.0000
     0.0010     96.5157      0.0000
     0.0010     96.5157      0.0000
     0.0010     96.5157      0.0000
     0.0010     96.5157      0.0000
     0.0010     96.5157      0.0000
     0.0010     96.5157      0.0000
     0.0010     96.5157      0.0000
     0.0010     96.5157      0.0000
     0.0010     96.5157      0.0000
     0.0010     96.5157      0.0000
     0.0010     96.5157      0.0000
     0.0010     96.5157      0.0000
     0.0010     96.5157      0.0000
     0.0010     96.5157      0.0000
     0.0010     96.5157      0.0000
     0.0016      1.1684      0.0000
     0.0016      1.1684      0.0000
     0.0016      1.1684      0.0000
     0.0016      1.6661      0.0000
     0.0016      1.6661      0.0000
     0.0016      1.6661      0.0000
     0.0016      1.6661      0.0000
     0.0016      1.6661      0.0000
     0.0016      1.6661      0.0000
     0.0016      3.9595      0.0000
     0.0016      3.9595      0.0000
     0.0016      3.9595      0.0000
     0.0016      3.9595      0.0000
     0.0016      3.9595      0.0000
     0.0016      3.9595      0.0000
     0.0016      3.9595      0.0000
     0.0016      3.9595      0.0000
     0.0016      3.9595      0.0000
     0.0016     96.5163      0.0000
     0.0016     96.5163      0.0000
     0.0016     96.5163      0.0000
     0.0016     96.5163      0.0000
     0.0016     96.5163      0.0000
     0.0016     96.5163      0.0000
     0.0016     96.5163      0.0000
     0.0016     96.5163      0.0000
     0.0016     96.5163      0.0000
     0.0016     96.5163      0.0000
     0.0016     96.5163      0.0000
     0.0016     96.5163      0.0000
     0.0026      1.1695      0.0000
     0.0026      1.1695      0.0001
     0.0026      1.1695      0.0000
     0.0026      1.6671      0.0000
     0.0026      1.6671      0.0001
     0.0026      1.6671      0.0000
     0.0026      1.6671      0.0000
     0.0026      1.6671      0.0000
     0.0026      1.6671      0.0000
     0.0026      3.9606      0.0000
     0.0026      3.9606      0.0000
     0.0026      3.9606      0.0000
     0.0026      3.9606      0.0000
     0.0026      3.9606      0.0000
     0.0026      3.9606      0.0000
     0.0026      3.9606      0.0000
     0.0026      3.9606      0.0000
     0.0026      3.9606      0.0000
     0.0026     96.5173      0.0000
     0.0026     96.5173      0.0000
     0.0026     96.5173      0.0000
     0.0026     96.5173      0.0000
     0.0026     96.5173      0.0000
     0.0026     96.5173      0.0000
     0.0026     96.5173      0.0000
     0.0026     96.5173      0.0000
     0.0026     96.5173      0.0000
     0.0026     96.5173      0.0000
     0.0026     96.5173      0.0000
     0.0026     96.5173      0.0000
     0.0043      1.1712      0.0000
     0.0043      1.1712      0.0000
     0.0043      1.1712      0.0000
     0.0043      1.6688      0.0000
     0.0043      1.6688      0.0000
     0.0043      1.6688      0.0000
     0.0043      1.6688      0.0000
     0.0043      1.6688      0.0000
     0.0043      1.6688      0.0000
     0.0043      3.9623      0.0000
     0.0043      3.9623      0.0000
     0.0043      3.9623      0.0000
     0.0043      3.9623      0.0000
     0.0043      3.9623      0.0000
     0.0043      3.9623      0.0000
     0.0043      3.9623      0.0000
     0.0043      3.9623      0.0000
     0.0043      3.9623      0.0000
     0.0043     96.5190      0.0000
     0.0043     96.5190      0.0000
     0.0043     96.5190      0.0000
     0.0043     96.5190      0.0000
     0.0043     96.5190      0.0000
     0.0043     96.5190      0.0000
     0.0043     96.5190      0.0000
     0.0043     96.5190      0.0000
     0.0043     96.5190      0.0000
     0.0043     96.5190      0.0000
     0.0043     96.5190      0.0000
     0.0043     96.5190      0.0000
     0.0081      1.1558      0.0000
     0.0081      1.1558      0.0000
     0.0081      1.1558      0.0000
     0.0081      1.6725      0.0000
     0.0081      1.6725      0.0000
     0.0081      1.6725      0.0000
     0.0081      1.6725      0.0000
     0.0081      1.6725      0.0000
     0.0081      1.6725      0.0000
     0.0081      3.9095      0.0000
     0.0081      3.9095      0.0000
     0.0081      3.9095      0.0000
     0.0081      3.9095      0.0000
     0.0081      3.9095      0.0000
     0.0081      3.9095      0.0000
     0.0081      3.9095      0.0000
     0.0081      3.9095      0.0000
     0.0081      3.9095      0.0000
     0.0081     96.5228      0.0000
     0.0081     96.5228      0.0000
     0.0081     96.5228      0.0000
     0.0081     96.5228      0.0000
     0.0081     96.5228      0.0000
     0.0081     96.5228      0.0000
     0.0081     96.5228      0.0000
     0.0081     96.5228      0.0000
     0.0081     96.5228      0.0000
     0.0081     96.5228      0.0000
     0.0081     96.5228      0.0000
     0.0081     96.5228      0.0000
     0.0150      1.1436      0.0000
     0.0150      1.1436      0.0000
     0.0150      1.1436      0.0000
     0.0150      1.6522      0.0000
     0.0150      1.6522      0.0000
     0.0150      1.6522      0.0000
     0.0150      1.6522      0.0000
     0.0150      1.6522      0.0000
     0.0150      1.6522      0.0000
     0.0150      3.9164      0.0000
     0.0150      3.9164      0.0000
     0.0150      3.9164      0.0000
     0.0150      3.9164      0.0000
     0.0150      3.9164      0.0000
     0.0150      3.9164      0.0000
     0.0150      3.9164      0.0000
     0.0150      3.9164      0.0000
     0.0150      3.9164      0.0000
     0.0150     96.5297      0.0000
     0.0150     96.5297      0.0000
     0.0150     96.5297      0.0000
     0.0150     96.5297      0.0000
     0.0150     96.5297      0.0000
     0.0150     96.5297      0.0000
     0.0150     96.5297      0.0000
     0.0150     96.5297      0.0000
     0.0150     96.5297      0.0000
     0.0150     96.5297      0.0000
     0.0150     96.5297      0.0000
     0.0150     96.5297      0.0000
     0.0358      0.5427      0.0001
     0.0358      0.5427      0.0003
     0.0358      0.5427      0.0001
     0.0358      1.1262      0.0000
     0.0358      1.1262      0.0002
     0.0358      1.1262      0.0001
     0.0358      1.6457      0.0000
     0.0358      1.6457      0.0002
     0.0358      1.6457      0.0001
     0.0358      1.6457      0.0000
     0.0358      1.6457      0.0001
     0.0358      1.6457      0.0000
     0.0358      3.8807      0.0000
     0.0358      3.8807      0.0001
     0.0358      3.8807      0.0000
     0.0358      3.8807      0.0000
     0.0358      3.8807      0.0001
     0.0358      3.8807      0.0000
     0.0358      3.8807      0.0000
     0.0358      3.8807      0.0001
     0.0358      3.8807      0.0000
     0.0358     96.5505      0.0000
     0.0358     96.5505      0.0000
     0.0358     96.5505      0.0000
     0.0358     96.5505      0.0000
     0.0358     96.5505      0.0000
     0.0358     96.5505      0.0000
     0.0358     96.5505      0.0000
     0.0358     96.5505      0.0000
     0.0358     96.5505      0.0000
     0.0358     96.5505      0.0000
     0.0358     96.5505      0.0000
     0.0358     96.5505      0.0000
     0.0406      0.5379      0.0001
     0.0406      0.5379      0.0006
     0.0406      0.5379      0.0002
     0.0406      0.5379      0.0000
     0.0406      1.1118      0.0000
     0.0406      1.1118      0.0004
     0.0406      1.1118      0.0002
     0.0406      1.1118      0.0000
     0.0406      1.6232      0.0000
     0.0406      1.6232      0.0004
     0.0406      1.6232      0.0001
     0.0406      1.6232      0.0000
     0.0406      1.6232      0.0000
     0.0406      1.6232      0.0003
     0.0406      1.6232      0.0001
     0.0406      1.6232      0.0000
     0.0406      3.9419      0.0000
     0.0406      3.9419      0.0003
     0.0406      3.9419      0.0001
     0.0406      3.8289      0.0000
     0.0406      3.8854      0.0000
     0.0406      3.8854      0.0002
     0.0406      3.8854      0.0001
     0.0406      3.8289      0.0000
     0.0406      3.8854      0.0000
     0.0406      3.8854      0.0002
     0.0406      3.8854      0.0001
     0.0406      3.8289      0.0000
     0.0406     96.5553      0.0000
     0.0406     96.5553      0.0000
     0.0406     96.5553      0.0000
     0.0406     96.5553      0.0000
     0.0406     96.5553      0.0000
     0.0406     96.5553      0.0000
     0.0406     96.5553      0.0000
     0.0406     96.5553      0.0000
     0.0406     96.5553      0.0000
     0.0406     96.5553      0.0000
     0.0406     96.5553      0.0000
     0.0406     96.5553      0.0000
     0.0406     96.5553      0.0000
     0.0406     96.5553      0.0000
     0.0406     96.5553      0.0000
     0.0406     96.5553      0.0000
     0.0459      0.5337      0.0000
     0.0459      0.5337      0.0007
     0.0459      0.5337      0.0004
     0.0459      0.5337      0.0000
     0.0459      1.1171      0.0000
     0.0459      1.1171      0.0005
     0.0459      1.1171      0.0003
     0.0459      1.1171      0.0000
     0.0459      1.6285      0.0000
     0.0459      1.6285      0.0004
     0.0459      1.6285      0.0002
     0.0459      1.6285      0.0000
     0.0459      1.6285      0.0000
     0.0459      1.6285      0.0003
     0.0459      1.6285      0.0002
     0.0459      1.6285      0.0000
     0.0459      3.8908      0.0000
     0.0459      3.8908      0.0003
     0.0459      3.8908      0.0002
     0.0459      3.8908      0.0000
     0.0459      3.8342      0.0000
     0.0459      3.8342      0.0002
     0.0459      3.8342      0.0001
     0.0459      3.8342      0.0000
     0.0459      3.8342      0.0000
     0.0459      3.8342      0.0002
     0.0459      3.8342      0.0001
     0.0459      3.8342      0.0000
     0.0459     96.5606      0.0000
     0.0459     96.5606      0.0000
     0.0459     96.5606      0.0000
     0.0459     96.5606      0.0000
     0.0459     96.5606      0.0000
     0.0459     96.5606      0.0000
     0.0459     96.5606      0.0000
     0.0459     96.5606      0.0000
     0.0459     96.5606      0.0000
     0.0459     96.5606      0.0000
     0.0459     96.5606      0.0000
     0.0459     96.5606      0.0000
     0.0459     96.5606      0.0000
     0.0459     96.5606      0.0000
     0.0459     96.5606      0.0000
     0.0459     96.5606      0.0000
     0.0589      0.5275      0.0000
     0.0589      0.5275      0.0004
     0.0589      0.5275      0.0022
     0.0589      0.5275      0.0007
     0.0589      0.5275      0.0000
     0.0589      1.1110      0.0000
     0.0589      1.1110      0.0003
     0.0589      1.1110      0.0015
     0.0589      1.1110      0.0005
     0.0589      1.1110      0.0000
     0.0589      1.1110      0.0000
     0.0589      1.1110      0.0002
     0.0589      1.1110      0.0010
     0.0589      1.1110      0.0003
     0.0589      1.1110      0.0000
     0.0589      1.6142      0.0000
     0.0589      1.6142      0.0003
     0.0589      1.6142      0.0014
     0.0589      1.6142      0.0005
     0.0589      1.6142      0.0000
     0.0589      1.6142      0.0000
     0.0589      1.6142      0.0002
     0.0589      1.6142      0.0009
     0.0589      1.6142      0.0003
     0.0589      1.6142      0.0000
     0.0589      3.9037      0.0000
     0.0589      3.9037      0.0002
     0.0589      3.9037      0.0010
     0.0589      3.9037      0.0003
     0.0589      3.9037      0.0000
     0.0589      3.9037      0.0000
     0.0589      3.9037      0.0001
     0.0589      3.9037      0.0007
     0.0589      3.9037      0.0002
     0.0589      3.9037      0.0000
     0.0589      3.9037      0.0000
     0.0589      3.9037      0.0001
     0.0589      3.9037      0.0006
     0.0589      3.9037      0.0002
     0.0589      3.9037      0.0000
     0.0589     96.5736      0.0000
     0.0589     96.5736      0.0000
     0.0589     96.5736      0.0000
     0.0589     96.5736      0.0000
     0.0589     96.5736      0.0000
     0.0589     96.5736      0.0000
     0.0589     96.5736      0.0000
     0.0589     96.5736      0.0000
     0.0589     96.5736      0.0000
     0.0589     96.5736      0.0000
     0.0589     96.5736      0.0000
     0.0589     96.5736      0.0000
     0.0589     96.5736      0.0000
     0.0589     96.5736      0.0000
     0.0589     96.5736      0.0000
     0.0589     96.5736      0.0000
     0.0589     96.5736      0.0000
     0.0589     96.5736      0.0000
     0.0589     96.5736      0.0000
     0.0589     96.5736      0.0000
     0.0667      0.5258      0.0001
     0.0667      0.5258      0.0007
     0.0667      0.5258      0.0003
     0.0667      0.5258      0.0000
     0.0667      1.0996      0.0000
     0.0667      1.0996      0.0005
     0.0667      1.0996      0.0002
     0.0667      1.0996      0.0000
     0.0667      1.0996      0.0000
     0.0667      1.0996      0.0003
     0.0667      1.0996      0.0001
     0.0667      1.0996      0.0000
     0.0667      1.5947      0.0000
     0.0667      1.5947      0.0004
     0.0667      1.5947      0.0002
     0.0667      1.5947      0.0000
     0.0667      1.5947      0.0000
     0.0667      1.5947      0.0003
     0.0667      1.5947      0.0001
     0.0667      1.5947      0.0000
     0.0667      3.8550      0.0000
     0.0667      3.8550      0.0003
     0.0667      3.8550      0.0001
     0.0667      3.8550      0.0000
     0.0667      3.8550      0.0000
     0.0667      3.8550      0.0002
     0.0667      3.8550      0.0001
     0.0667      3.8550      0.0000
     0.0667      3.8550      0.0000
     0.0667      3.8550      0.0002
     0.0667      3.8550      0.0001
     0.0667      3.8550      0.0000
     0.0667     96.5814      0.0000
     0.0667     96.5814      0.0000
     0.0667     96.5814      0.0000
     0.0667     96.5814      0.0000
     0.0667     96.5814      0.0000
     0.0667     96.5814      0.0000
     0.0667     96.5814      0.0000
     0.0667     96.5814      0.0000
     0.0667     96.5814      0.0000
     0.0667     96.5814      0.0000
     0.0667     96.5814      0.0000
     0.0667     96.5814      0.0000
     0.0667     96.5814      0.0000
     0.0667     96.5814      0.0000
     0.0667     96.5814      0.0000
     0.0667     96.5814      0.0000
     0.0755      0.5154      0.0000
     0.0755      0.5154      0.0016
     0.0755      0.5154      0.0012
     0.0755      0.5154      0.0000
     0.0755      1.0893      0.0000
     0.0755      1.0893      0.0011
     0.0755      1.0893      0.0008
     0.0755      1.0893      0.0000
     0.0755      1.0893      0.0000
     0.0755      1.0893      0.0007
     0.0755      1.0893      0.0005
     0.0755      1.0893      0.0000
     0.0755      1.5762      0.0000
     0.0755      1.5762      0.0009
     0.0755      1.5762      0.0007
     0.0755      1.5762      0.0000
     0.0755      1.5762      0.0000
     0.0755      1.5762      0.0006
     0.0755      1.5762      0.0005
     0.0755      1.5762      0.0000
     0.0755      3.8638      0.0000
     0.0755      3.8638      0.0007
     0.0755      3.8638      0.0005
     0.0755      3.8638      0.0000
     0.0755      3.8638      0.0000
     0.0755      3.8638      0.0004
     0.0755      3.8638      0.0003
     0.0755      3.8638      0.0000
     0.0755      3.8638      0.0000
     0.0755      3.8638      0.0004
     0.0755      3.8638      0.0003
     0.0755      3.8638      0.0000
     0.0755     96.5902      0.0000
     0.0755     96.5902      0.0000
     0.0755     96.5902      0.0000
     0.0755     96.5902      0.0000
     0.0755     96.5902      0.0000
     0.0755     96.5902      0.0000
     0.0755     96.5902      0.0000
     0.0755     96.5902      0.0000
     0.0755     96.5902      0.0000
     0.0755     96.5902      0.0000
     0.0755     96.5902      0.0000
     0.0755     96.5902      0.0000
     0.0755     96.5902      0.0000
     0.0755     96.5902      0.0000
     0.0755     96.5902      0.0000
     0.0755     96.5902      0.0000
     0.0855      0.5159      0.0002
     0.0855      0.5159      0.0024
     0.0855      0.5159      0.0017
     0.0855      0.5159      0.0000
     0.0855      1.0802      0.0001
     0.0855      1.0802      0.0016
     0.0855      1.0802      0.0011
     0.0855      1.0802      0.0000
     0.0855      1.0802      0.0001
     0.0855      1.0802      0.0011
     0.0855      1.0802      0.0008
     0.0855      1.0802      0.0000
     0.0855      1.5862      0.0001
     0.0855      1.5862      0.0015
     0.0855      1.5862      0.0010
     0.0855      1.5862      0.0000
     0.0855      1.5862      0.0001
     0.0855      1.5862      0.0010
     0.0855      1.5862      0.0007
     0.0855      1.5862      0.0000
     0.0855      3.8172      0.0001
     0.0855      3.8172      0.0011
     0.0855      3.8172      0.0007
     0.0855      3.8172      0.0000
     0.0855      3.8172      0.0001
     0.0855      3.8172      0.0007
     0.0855      3.8172      0.0005
     0.0855      3.8172      0.0000
     0.0855      3.8172      0.0001
     0.0855      3.8172      0.0007
     0.0855      3.8172      0.0005
     0.0855      3.8172      0.0000
     0.0855     96.6002      0.0000
     0.0855     96.6002      0.0000
     0.0855     96.6002      0.0000
     0.0855     96.6002      0.0000
     0.0855     96.6002      0.0000
     0.0855     96.6002      0.0000
     0.0855     96.6002      0.0000
     0.0855     96.6002      0.0000
     0.0855     96.6002      0.0000
     0.0855     96.6002      0.0000
     0.0855     96.6002      0.0000
     0.0855     96.6002      0.0000
     0.0855     96.6002      0.0000
     0.0855     96.6002      0.0000
     0.0855     96.6002      0.0000
     0.0855     96.6002      0.0000
     0.1096      0.5113      0.0000
     0.1096      0.5113      0.0009
     0.1096      0.5113      0.0011
     0.1096      0.5113      0.0000
     0.1096      1.0660      0.0000
     0.1096      1.0660      0.0006
     0.1096      1.0660      0.0008
     0.1096      1.0660      0.0000
     0.1096      1.0660      0.0000
     0.1096      1.0660      0.0004
     0.1096      1.0660      0.0005
     0.1096      1.0660      0.0000
     0.1096      1.5557      0.0000
     0.1096      1.5557      0.0005
     0.1096      1.5557      0.0007
     0.1096      1.5557      0.0000
     0.1096      1.5557      0.0000
     0.1096      1.5557      0.0004
     0.1096      1.5557      0.0005
     0.1096      1.5557      0.0000
     0.1096      1.5557      0.0000
     0.1096      1.5557      0.0003
     0.1096      1.5557      0.0004
     0.1096      1.5557      0.0000
     0.1096      3.7848      0.0000
     0.1096      3.7848      0.0004
     0.1096      3.7848      0.0005
     0.1096      3.7848      0.0000
     0.1096      3.7848      0.0000
     0.1096      3.7848      0.0003
     0.1096      3.7848      0.0003
     0.1096      3.7848      0.0000
     0.1096      3.7848      0.0000
     0.1096      3.7848      0.0002
     0.1096      3.7848      0.0003
     0.1096      3.7848      0.0000
     0.1096     96.6243      0.0000
     0.1096     96.6243      0.0000
     0.1096     96.6243      0.0000
     0.1096     96.6243      0.0000
     0.1096     96.6243      0.0000
     0.1096     96.6243      0.0000
     0.1096     96.6243      0.0000
     0.1096     96.6243      0.0000
     0.1096     96.6243      0.0000
     0.1096     96.6243      0.0000
     0.1096     96.6243      0.0000
     0.1096     96.6243      0.0000
     0.1096     96.6243      0.0000
     0.1096     96.6243      0.0000
     0.1096     96.6243      0.0000
     0.1096     96.6243      0.0000
     0.1241      0.5066      0.0000
     0.1241      0.5066      0.0006
     0.1241      0.5066      0.0006
     0.1241      0.5066      0.0000
     0.1241      1.0614      0.0000
     0.1241      1.0614      0.0004
     0.1241      1.0614      0.0004
     0.1241      1.0614      0.0000
     0.1241      1.0614      0.0000
     0.1241      1.0614      0.0003
     0.1241      1.0614      0.0003
     0.1241      1.0614      0.0000
     0.1241      1.5975      0.0000
     0.1241      1.5975      0.0004
     0.1241      1.5975      0.0004
     0.1241      1.5975      0.0000
     0.1241      1.5429      0.0000
     0.1241      1.5429      0.0003
     0.1241      1.5429      0.0003
     0.1241      1.5429      0.0000
     0.1241      1.5429      0.0000
     0.1241      1.5429      0.0002
     0.1241      1.5429      0.0002
     0.1241      1.5429      0.0000
     0.1241      3.7427      0.0000
     0.1241      3.7427      0.0003
     0.1241      3.7427      0.0003
     0.1241      3.7427      0.0000
     0.1241      3.7427      0.0000
     0.1241      3.7427      0.0002
     0.1241      3.7427      0.0002
     0.1241      3.7427      0.0000
     0.1241      3.7427      0.0000
     0.1241      3.7427      0.0002
     0.1241      3.7427      0.0002
     0.1241      3.7427      0.0000
     0.1241     96.6388      0.0000
     0.1241     96.6388      0.0000
     0.1241     96.6388      0.0000
     0.1241     96.6388      0.0000
     0.1241     96.6388      0.0000
     0.1241     96.6388      0.0000
     0.1241     96.6388      0.0000
     0.1241     96.6388      0.0000
     0.1241     96.6388      0.0000
     0.1241     96.6388      0.0000
     0.1241     96.6388      0.0000
     0.1241     96.6388      0.0000
     0.1241     96.6388      0.0000
     0.1241     96.6388      0.0000
     0.1241     96.6388      0.0000
     0.1241     96.6388      0.0000
     0.1405      1.0395      0.0000
     0.1405      1.0395      0.0005
     0.1405      1.0395      0.0008
     0.1405      1.0395      0.0000
     0.1405      1.0395      0.0000
     0.1405      1.0395      0.0003
     0.1405      1.0395      0.0006
     0.1405      1.0395      0.0000
     0.1405      1.6139      0.0000
     0.1405      1.6139      0.0004
     0.1405      1.6139      0.0008
     0.1405      1.6139      0.0000
     0.1405      1.5866      0.0000
     0.1405      1.5866      0.0003
     0.1405      1.5866      0.0005
     0.1405      1.5866      0.0000
     0.1405      1.5866      0.0000
     0.1405      1.5866      0.0003
     0.1405      1.5866      0.0005
     0.1405      1.5866      0.0000
     0.1405      3.8722      0.0000
     0.1405      3.8722      0.0003
     0.1405      3.8722      0.0005
     0.1405      3.8722      0.0000
     0.1405      3.8722      0.0000
     0.1405      3.8722      0.0002
     0.1405      3.8722      0.0004
     0.1405      3.8722      0.0000
     0.1405      3.8722      0.0000
     0.1405      3.8722      0.0002
     0.1405      3.8722      0.0003
     0.1405      3.8722      0.0000
     0.1405     96.6552      0.0000
     0.1405     96.6552      0.0000
     0.1405     96.6552      0.0000
     0.1405     96.6552      0.0000
     0.1405     96.6552      0.0000
     0.1405     96.6552      0.0000
     0.1405     96.6552      0.0000
     0.1405     96.6552      0.0000
     0.1405     96.6552      0.0000
     0.1405     96.6552      0.0000
     0.1405     96.6552      0.0000
     0.1405     96.6552      0.0000
     0.1405     96.6552      0.0000
     0.1405     96.6552      0.0000
     0.1405     96.6552      0.0000
     0.1405     96.6552      0.0000
     0.1590      1.0389      0.0000
     0.1590      1.0389      0.0002
     0.1590      1.0389      0.0004
     0.1590      1.0389      0.0000
     0.1590      1.0389      0.0000
     0.1590      1.0389      0.0001
     0.1590      1.0389      0.0003
     0.1590      1.0389      0.0000
     0.1590      1.6052      0.0000
     0.1590      1.6052      0.0002
     0.1590      1.6052      0.0004
     0.1590      1.6052      0.0000
     0.1590      1.5779      0.0000
     0.1590      1.5779      0.0001
     0.1590      1.5779      0.0003
     0.1590      1.5779      0.0000
     0.1590      1.5779      0.0000
     0.1590      1.5779      0.0001
     0.1590      1.5779      0.0002
     0.1590      1.5779      0.0000
     0.1590      3.8342      0.0000
     0.1590      3.8342      0.0001
     0.1590      3.8342      0.0003
     0.1590      3.8342      0.0000
     0.1590      3.8342      0.0000
     0.1590      3.8342      0.0001
     0.1590      3.8342      0.0002
     0.1590      3.8342      0.0000
     0.1590      3.8342      0.0000
     0.1590      3.8342      0.0001
     0.1590      3.8342      0.0002
     0.1590      3.8342      0.0000
     0.1590     96.6737      0.0000
     0.1590     96.6737      0.0000
     0.1590     96.6737      0.0000
     0.1590     96.6737      0.0000
     0.1590     96.6737      0.0000
     0.1590     96.6737      0.0000
     0.1590     96.6737      0.0000
     0.1590     96.6737      0.0000
     0.1590     96.6737      0.0000
     0.1590     96.6737      0.0000
     0.1590     96.6737      0.0000
     0.1590     96.6737      0.0000
     0.1590     96.6737      0.0000
     0.1590     96.6737      0.0000
     0.1590     96.6737      0.0000
     0.1590     96.6737      0.0000
     0.1801      1.0408      0.0000
     0.1801      1.0408      0.0021
     0.1801      1.0408      0.0024
     0.1801      1.0217      0.0001
     0.1801      1.0217      0.0000
     0.1801      1.0217      0.0015
     0.1801      1.0217      0.0016
     0.1801      1.0217      0.0001
     0.1801      1.5989      0.0000
     0.1801      1.5989      0.0018
     0.1801      1.5989      0.0021
     0.1801      1.5989      0.0001
     0.1801      1.5989      0.0000
     0.1801      1.5989      0.0013
     0.1801      1.5989      0.0014
     0.1801      1.5989      0.0001
     0.1801      1.5989      0.0000
     0.1801      1.5989      0.0011
     0.1801      1.5989      0.0013
     0.1801      1.5989      0.0001
     0.1801      3.8553      0.0000
     0.1801      3.8553      0.0013
     0.1801      3.8553      0.0015
     0.1801      3.8553      0.0001
     0.1801      3.8553      0.0000
     0.1801      3.8553      0.0009
     0.1801      3.8553      0.0010
     0.1801      3.8553      0.0000
     0.1801      3.8553      0.0000
     0.1801      3.8553      0.0008
     0.1801      3.8553      0.0009
     0.1801      3.8553      0.0000
     0.1801     95.3726      0.0000
     0.1801     95.3726      0.0000
     0.1801     95.3726      0.0000
     0.1801     95.3726      0.0000
     0.1801     95.3726      0.0000
     0.1801     95.3726      0.0000
     0.1801     95.3726      0.0000
     0.1801     95.3726      0.0000
     0.1801     95.3726      0.0000
     0.1801     95.3726      0.0000
     0.1801     95.3726      0.0000
     0.1801     95.3726      0.0000
     0.1801     95.3726      0.0000
     0.1801     95.3726      0.0000
     0.1801     95.3726      0.0000
     0.1801     95.3726      0.0000
     0.2039      1.0455      0.0000
     0.2039      1.0455      0.0003
     0.2039      1.0455      0.0008
     0.2039      1.0455      0.0001
     0.2039      1.0264      0.0000
     0.2039      1.0264      0.0002
     0.2039      1.0264      0.0005
     0.2039      1.0264      0.0000
     0.2039      1.0264      0.0000
     0.2039      1.0264      0.0002
     0.2039      1.0264      0.0005
     0.2039      1.0264      0.0000
     0.2039      1.5682      0.0000
     0.2039      1.5682      0.0002
     0.2039      1.5682      0.0007
     0.2039      1.5682      0.0001
     0.2039      1.5682      0.0000
     0.2039      1.5682      0.0002
     0.2039      1.5682      0.0005
     0.2039      1.5682      0.0000
     0.2039      1.5682      0.0000
     0.2039      1.5682      0.0001
     0.2039      1.5682      0.0004
     0.2039      1.5682      0.0000
     0.2039      3.8225      0.0000
     0.2039      3.8225      0.0002
     0.2039      3.8225      0.0005
     0.2039      3.8225      0.0000
     0.2039      3.8225      0.0000
     0.2039      3.8225      0.0001
     0.2039      3.8225      0.0004
     0.2039      3.8225      0.0000
     0.2039      3.8225      0.0000
     0.2039      3.8225      0.0001
     0.2039      3.8225      0.0003
     0.2039      3.8225      0.0000
     0.2039     95.3964      0.0000
     0.2039     95.3964      0.0000
     0.2039     95.3964      0.0000
     0.2039     95.3964      0.0000
     0.2039     95.3964      0.0000
     0.2039     95.3964      0.0000
     0.2039     95.3964      0.0000
     0.2039     95.3964      0.0000
     0.2039     95.3964      0.0000
     0.2039     95.3964      0.0000
     0.2039     95.3964      0.0000
     0.2039     95.3964      0.0000
     0.2039     95.3964      0.0000
     0.2039     95.3964      0.0000
     0.2039     95.3964      0.0000
     0.2039     95.3964      0.0000
     0.2308      1.0533      0.0000
     0.2308      1.0533      0.0005
     0.2308      1.0533      0.0019
     0.2308      1.0533      0.0002
     0.2308      1.0533      0.0000
     0.2308      1.0533      0.0004
     0.2308      1.0533      0.0013
     0.2308      1.0533      0.0001
     0.2308      1.0533      0.0000
     0.2308      1.0533      0.0003
     0.2308      1.0533      0.0011
     0.2308      1.0533      0.0001
     0.2308      1.5951      0.0000
     0.2308      1.5951      0.0005
     0.2308      1.5951      0.0016
     0.2308      1.5951      0.0002
     0.2308      1.5951      0.0000
     0.2308      1.5678      0.0003
     0.2308      1.5678      0.0011
     0.2308      1.5678      0.0001
     0.2308      1.5678      0.0000
     0.2308      1.5678      0.0003
     0.2308      1.5678      0.0010
     0.2308      1.5678      0.0001
     0.2308      3.8495      0.0000
     0.2308      3.7929      0.0003
     0.2308      3.7929      0.0012
     0.2308      3.8495      0.0001
     0.2308      3.7929      0.0000
     0.2308      3.7929      0.0002
     0.2308      3.7929      0.0008
     0.2308      3.7929      0.0001
     0.2308      3.7929      0.0000
     0.2308      3.7929      0.0002
     0.2308      3.7929      0.0007
     0.2308      3.7929      0.0001
     0.2308     95.4234      0.0000
     0.2308     95.4234      0.0000
     0.2308     95.4234      0.0000
     0.2308     95.4234      0.0000
     0.2308     95.4234      0.0000
     0.2308     95.4234      0.0000
     0.2308     95.4234      0.0000
     0.2308     95.4234      0.0000
     0.2308     95.4234      0.0000
     0.2308     95.4234      0.0000
     0.2308     95.4234      0.0000
     0.2308     95.4234      0.0000
     0.2308     95.4234      0.0000
     0.2308     95.4234      0.0000
     0.2308     95.4234      0.0000
     0.2308     95.4234      0.0000
     0.2959      1.6056      0.0000
     0.2959      1.6056      0.0001
     0.2959      1.6056      0.0009
     0.2959      1.5783      0.0001
     0.2959      1.5783      0.0000
     0.2959      1.5783      0.0001
     0.2959      1.5783      0.0006
     0.2959      1.5783      0.0001
     0.2959      1.5783      0.0000
     0.2959      1.5783      0.0001
     0.2959      1.5783      0.0005
     0.2959      1.5783      0.0001
     0.2959      3.7449      0.0000
     0.2959      3.7449      0.0001
     0.2959      3.7449      0.0007
     0.2959      3.7449      0.0001
     0.2959      3.7449      0.0000
     0.2959      3.7449      0.0001
     0.2959      3.7449      0.0004
     0.2959      3.7449      0.0000
     0.2959      3.7449      0.0000
     0.2959      3.7449      0.0001
     0.2959      3.7449      0.0004
     0.2959      3.7449      0.0000
     0.2959     95.4885      0.0000
     0.2959     95.4885      0.0000
     0.2959     95.4885      0.0000
     0.2959     95.4885      0.0000
     0.2959     95.4885      0.0000
     0.2959     95.4885      0.0000
     0.2959     95.4885      0.0000
     0.2959     95.4885      0.0000
     0.2959     95.4885      0.0000
     0.2959     95.4885      0.0000
     0.2959     95.4885      0.0000
     0.2959     95.4885      0.0000
     0.2959     95.4885      0.0000
     0.2959     95.4885      0.0000
     0.2959     95.4885      0.0000
     0.2959     95.4885      0.0000
     0.3350      1.5902      0.0000
     0.3350      1.5902      0.0004
     0.3350      1.5902      0.0021
     0.3350      1.5902      0.0006
     0.3350      1.5902      0.0000
     0.3350      1.5902      0.0003
     0.3350      1.5902      0.0014
     0.3350      1.5902      0.0004
     0.3350      1.5902      0.0000
     0.3350      1.5902      0.0002
     0.3350      1.5902      0.0012
     0.3350      1.5902      0.0003
     0.3350      3.7841      0.0000
     0.3350      3.7841      0.0003
     0.3350      3.7841      0.0015
     0.3350      3.7841      0.0004
     0.3350      3.7841      0.0000
     0.3350      3.7841      0.0002
     0.3350      3.7841      0.0009
     0.3350      3.7841      0.0003
     0.3350      3.7841      0.0000
     0.3350      3.7841      0.0002
     0.3350      3.7841      0.0008
     0.3350      3.7841      0.0002
     0.3350     95.5276      0.0000
     0.3350     95.5276      0.0000
     0.3350     95.5276      0.0000
     0.3350     95.5276      0.0000
     0.3350     95.5276      0.0000
     0.3350     95.5276      0.0000
     0.3350     95.5276      0.0000
     0.3350     95.5276      0.0000
     0.3350     95.5276      0.0000
     0.3350     95.5276      0.0000
     0.3350     95.5276      0.0000
     0.3350     95.5276      0.0000
     0.3350     95.5276      0.0000
     0.3350     95.5276      0.0000
     0.3350     95.5276      0.0000
     0.3350     95.5276      0.0000
     0.3793      1.6072      0.0001
     0.3793      1.6072      0.0014
     0.3793      1.6072      0.0008
     0.3793      1.6072      0.0001
     0.3793      1.6072      0.0009
     0.3793      1.6072      0.0005
     0.3793      1.6072      0.0001
     0.3793      1.6072      0.0008
     0.3793      1.6072      0.0004
     0.3793      3.7153      0.0001
     0.3793      3.7153      0.0010
     0.3793      3.7153      0.0005
     0.3793      3.7153      0.0001
     0.3793      3.7153      0.0006
     0.3793      3.7153      0.0003
     0.3793      3.7153      0.0001
     0.3793      3.7153      0.0006
     0.3793      3.7153      0.0003
     0.3793     95.5719      0.0000
     0.3793     95.5719      0.0000
     0.3793     95.5719      0.0000
     0.3793     95.5719      0.0000
     0.3793     95.5719      0.0000
     0.3793     95.5719      0.0000
     0.3793     95.5719      0.0000
     0.3793     95.5719      0.0000
     0.3793     95.5719      0.0000
     0.3793     95.5719      0.0000
     0.3793     95.5719      0.0000
     0.3793     95.5719      0.0000
     0.4295      3.7089      0.0000
     0.4295      3.7089      0.0007
     0.4295      3.7089      0.0007
     0.4295      3.7089      0.0000
     0.4295      3.7089      0.0004
     0.4295      3.7089      0.0005
     0.4295      3.7089      0.0000
     0.4295      3.7089      0.0004
     0.4295      3.7089      0.0004
     0.4295     94.2999      0.0000
     0.4295     94.2999      0.0000
     0.4295     94.2999      0.0000
     0.4295     94.2999      0.0000
     0.4295     94.2999      0.0000
     0.4295     94.2999      0.0000
     0.4295     94.2999      0.0000
     0.4295     94.2999      0.0000
     0.4295     94.2999      0.0000
     0.4295     94.2999      0.0000
     0.4295     94.2999      0.0000
     0.4295     94.2999      0.0000
     0.4862      3.7657      0.0000
     0.4862      3.7657      0.0004
     0.4862      3.7657      0.0007
     0.4862      3.7657      0.0000
     0.4862      3.7657      0.0002
     0.4862      3.7657      0.0004
     0.4862      3.7657      0.0000
     0.4862      3.7657      0.0002
     0.4862      3.7657      0.0004
     0.4862     94.3567      0.0000
     0.4862     94.3567      0.0000
     0.4862     94.3567      0.0000
     0.4862     94.3567      0.0000
     0.4862     94.3567      0.0000
     0.4862     94.3567      0.0000
     0.4862     94.3567      0.0000
     0.4862     94.3567      0.0000
     0.4862     94.3567      0.0000
     0.4862     94.3567      0.0000
     0.4862     94.3567      0.0000
     0.4862     94.3567      0.0000
     0.5505      3.7169      0.0000
     0.5505      3.7169      0.0001
     0.5505      3.7169      0.0007
     0.5505      3.7169      0.0000
     0.5505      3.7169      0.0001
     0.5505      3.7169      0.0005
     0.5505      3.7169      0.0000
     0.5505      3.7169      0.0001
     0.5505      3.7169      0.0004
     0.5505     94.4210      0.0000
     0.5505     94.4210      0.0000
     0.5505     94.4210      0.0000
     0.5505     94.4210      0.0000
     0.5505     94.4210      0.0000
     0.5505     94.4210      0.0000
     0.5505     94.4210      0.0000
     0.5505     94.4210      0.0000
     0.5505     94.4210      0.0000
     0.5505     94.4210      0.0000
     0.5505     94.4210      0.0000
     0.5505     94.4210      0.0000
     0.6233      3.6766      0.0000
     0.6233      3.6766      0.0006
     0.6233      3.6766      0.0000
     0.6233      3.6766      0.0004
     0.6233      3.6766      0.0000
     0.6233      3.6766      0.0003
     0.6233     94.4938      0.0000
     0.6233     94.4938      0.0000
     0.6233     94.4938      0.0000
     0.6233     94.4938      0.0000
     0.6233     94.4938      0.0000
     0.6233     94.4938      0.0000
     0.6233     94.4938      0.0000
     0.6233     94.4938      0.0000
     0.7057      3.5894      0.0000
     0.7057      3.5894      0.0000
     0.7057      3.5894      0.0000
     0.7057      3.5894      0.0000
     0.7057      3.5894      0.0000
     0.7057      3.5894      0.0000
     0.7057     93.2541      0.0000
     0.7057     93.2541      0.0000
     0.7057     93.2541      0.0000
     0.7057     93.2541      0.0000
     0.7057     93.2541      0.0000
     0.7057     93.2541      0.0000
     0.7057     93.2541      0.0000
     0.7057     93.2541      0.0000
     0.7990      3.7392      0.0001
     0.7990      3.7392      0.0001
     0.7990      3.7392      0.0001
     0.7990      3.7392      0.0001
     0.7990     93.3474      0.0000
     0.7990     93.3474      0.0000
     0.7990     93.3474      0.0000
     0.7990     93.3474      0.0000
     0.9047      3.6752      0.0000
     0.9047      3.6752      0.0000
     0.9047      3.6752      0.0000
     0.9047      3.6752      0.0000
     0.9047     93.4530      0.0000
     0.9047     93.4530      0.0000
     0.9047     93.4530      0.0000
     0.9047     93.4530      0.0000
     1.0243     94.8948      0.0000
     1.0243     94.8948      0.0000
     1.0243     94.8948      0.0000
     1.0243     94.8948      0.0000
     1.0243     94.8948      0.0000
     1.0243     94.8948      0.0000
     1.0243     94.8948      0.0000
     1.0243     94.8948      0.0000
     1.1597     93.7081      0.0000
     1.1597     93.7081      0.0000
     1.1597     93.7081      0.0000
     1.1597     93.7081      0.0000
     1.1597     93.7081      0.0000
     1.1597     93.7081      0.0000
     1.1597     93.7081      0.0000
     1.1597     93.7081      0.0000
     1.3131     93.8614      0.0000
     1.3131     93.8614      0.0000
     1.3131     93.8614      0.0000
     1.3131     93.8614      0.0000
     1.3131     93.8614      0.0000
     1.3131     93.8614      0.0000
     1.3131     93.8614      0.0000
     1.3131     93.8614      0.0000
     1.3131     93.8614      0.0000
     1.3131     93.8614      0.0000
     1.3131     93.8614      0.0000
     1.3131     93.8614      0.0000
     1.4867     92.7129      0.0000
     1.4867     92.7129      0.0000
     1.4867     92.7129      0.0000
     1.4867     92.7129      0.0000
     1.4867     92.7129      0.0000
     1.4867     92.7129      0.0000
     1.4867     92.7129      0.0000
     1.4867     92.7129      0.0000
     1.6833     91.5874      0.0000
     1.6833     91.5874      0.0000
     1.6833     91.5874      0.0000
     1.6833     91.5874      0.0000
     1.9058     90.4878      0.0000
     1.9058     90.4878      0.0000
     1.9058     90.4878      0.0000
     1.9058     90.4878      0.0000
     2.1578     92.0619      0.0000
     2.1578     89.4177      0.0000
     2.1578     89.4177      0.0000
     2.1578     89.4177      0.0000
     2.4431     91.0251      0.0000
     2.4431     91.0251      0.0000
     2.4431     91.0251      0.0000
     2.4431     91.0251      0.0000
     2.4431     91.0251      0.0000
     2.4431     91.0251      0.0000
     2.4431     91.0251      0.0000
     2.4431     91.0251      0.0000
     2.4431     91.0251      0.0000
     2.4431     91.0251      0.0000
     2.4431     91.0251      0.0000
     2.4431     91.0251      0.0000
     2.7661     90.0260      0.0000
     2.7661     90.0260      0.0000
     2.7661     90.0260      0.0000
     2.7661     90.0260      0.0000
     3.1319     89.0696      0.0000
     3.1319     89.0696      0.0000
     3.1319     89.0696      0.0003
     3.1319     90.3917      0.0000
     3.1319     90.3917      0.0000
     3.1319     90.3917      0.0002
     3.1319     90.3917      0.0000
     3.1319     90.3917      0.0000
     3.1319     90.3917      0.0002
     3.1319     90.3917      0.0000
     3.1319     90.3917      0.0000
     3.1319     90.3917      0.0001
     3.5460     89.4837      0.0002
     3.5460     89.4837      0.0001
     3.5460     89.4837      0.0001
     3.5460     89.4837      0.0001
     3.5460     76.2625      0.0000
     4.0148     88.6304      0.0000
     4.0148     88.6304      0.0000
     4.0148     88.6304      0.0000
     4.0148     88.6304      0.0000
     4.0148     75.4092      0.0000
     4.5456     86.5170      0.0004
     4.5456     86.5170      0.0003
     4.5456     86.5170      0.0002
     4.5456     86.5170      0.0002
     4.5456     74.6179      0.0000
     5.1466     85.7959      0.0000
     5.1466     85.7959      0.0000
     5.1466     85.7959      0.0000
     5.1466     85.7959      0.0000
     5.1466     73.8968      0.0000
     5.8271     83.8322      0.0000
     5.8271     83.8322      0.0000
     5.8271     83.8322      0.0000
     5.8271     83.8322      0.0000
     5.8271     73.2552      0.0000
     0.0000      1.1961      0.0000
     0.0000      1.1961      0.0061
     0.0000      1.1961      0.0130
     0.0000      1.1961      0.0023
     0.0000      1.1961      0.0000
     0.0000      1.7342      0.0000
     0.0000      1.7342      0.0054
     0.0000      1.7342      0.0116
     0.0000      1.7342      0.0021
     0.0000      1.7342      0.0000
     0.0000      1.7342      0.0000
     0.0000      1.7342      0.0037
     0.0000      1.7342      0.0079
     0.0000      1.7342      0.0014
     0.0000      1.7342      0.0000
     0.0000      4.0571      0.0000
     0.0000      4.0571      0.0038
     0.0000      4.0571      0.0082
     0.0000      4.0571      0.0014
     0.0000      4.0571      0.0000
     0.0000      4.0571      0.0000
     0.0000      4.0571      0.0026
     0.0000      4.0571      0.0056
     0.0000      4.0571      0.0010
     0.0000      4.0571      0.0000
     0.0000      4.0571      0.0000
     0.0000      4.0571      0.0022
     0.0000      4.0571      0.0049
     0.0000      4.0571      0.0009
     0.0000      4.0571      0.0000
     0.0000     98.9341      0.0000
     0.0000     98.9341      0.0001
     0.0000     98.9341      0.0001
     0.0000     98.9341      0.0000
     0.0000     98.9341      0.0000
     0.0000     98.9341      0.0000
     0.0000     98.9341      0.0000
     0.0000     98.9341      0.0001
     0.0000     98.9341      0.0000
     0.0000     98.9341      0.0000
     0.0000     98.9341      0.0000
     0.0000     98.9341      0.0000
     0.0000     98.9341      0.0001
     0.0000     98.9341      0.0000
     0.0000     98.9341      0.0000
     0.0000     98.9341      0.0000
     0.0000     98.9341      0.0000
     0.0000     98.9341      0.0000
     0.0000     98.9341      0.0000
     0.0000     98.9341      0.0000
     0.0004      1.1965      0.0000
     0.0004      1.1965      0.0000
     0.0004      1.1965      0.0002
     0.0004      1.1965      0.0001
     0.0004      1.1965      0.0000
     0.0004      1.7345      0.0000
     0.0004      1.7345      0.0000
     0.0004      1.7345      0.0002
     0.0004      1.7345      0.0001
     0.0004      1.7345      0.0000
     0.0004      1.7345      0.0000
     0.0004      1.7345      0.0000
     0.0004      1.7345      0.0001
     0.0004      1.7345      0.0001
     0.0004      1.7345      0.0000
     0.0004      4.0575      0.0000
     0.0004      4.0575      0.0000
     0.0004      4.0575      0.0001
     0.0004      4.0575      0.0001
     0.0004      4.0575      0.0000
     0.0004      4.0575      0.0000
     0.0004      4.0575      0.0000
     0.0004      4.0575      0.0001
     0.0004      4.0575      0.0000
     0.0004      4.0575      0.0000
     0.0004      4.0575      0.0000
     0.0004      4.0575      0.0000
     0.0004      4.0575      0.0001
     0.0004      4.0575      0.0000
     0.0004      4.0575      0.0000
     0.0004     98.9345      0.0000
     0.0004     98.9345      0.0000
     0.0004     98.9345      0.0000
     0.0004     98.9345      0.0000
     0.0004     98.9345      0.0000
     0.0004     98.9345      0.0000
     0.0004     98.9345      0.0000
     0.0004     98.9345      0.0000
     0.0004     98.9345      0.0000
     0.0004     98.9345      0.0000
     0.0004     98.9345      0.0000
     0.0004     98.9345      0.0000
     0.0004     98.9345      0.0000
     0.0004     98.9345      0.0000
     0.0004     98.9345      0.0000
     0.0004     98.9345      0.0000
     0.0004     98.9345      0.0000
     0.0004     98.9345      0.0000
     0.0004     98.9345      0.0000
     0.0004     98.9345      0.0000
     0.0010      1.1971      0.0000
     0.0010      1.1971      0.0000
     0.0010      1.1971      0.0003
     0.0010      1.1971      0.0001
     0.0010      1.1971      0.0000
     0.0010      1.7351      0.0000
     0.0010      1.7351      0.0000
     0.0010      1.7351      0.0003
     0.0010      1.7351      0.0001
     0.0010      1.7351      0.0000
     0.0010      1.7351      0.0000
     0.0010      1.7351      0.0000
     0.0010      1.7351      0.0002
     0.0010      1.7351      0.0000
     0.0010      1.7351      0.0000
     0.0010      4.0581      0.0000
     0.0010      4.0581      0.0000
     0.0010      4.0581      0.0002
     0.0010      4.0581      0.0001
     0.0010      4.0581      0.0000
     0.0010      4.0581      0.0000
     0.0010      4.0581      0.0000
     0.0010      4.0581      0.0001
     0.0010      4.0581      0.0000
     0.0010      4.0581      0.0000
     0.0010      4.0581      0.0000
     0.0010      4.0581      0.0000
     0.0010      4.0581      0.0001
     0.0010      4.0581      0.0000
     0.0010      4.0581      0.0000
     0.0010     98.9351      0.0000
     0.0010     98.9351      0.0000
     0.0010     98.9351      0.0000
     0.0010     98.9351      0.0000
     0.0010     98.9351      0.0000
     0.0010     98.9351      0.0000
     0.0010     98.9351      0.0000
     0.0010     98.9351      0.0000
     0.0010     98.9351      0.0000
     0.0010     98.9351      0.0000
     0.0010     98.9351      0.0000
     0.0010     98.9351      0.0000
     0.0010     98.9351      0.0000
     0.0010     98.9351      0.0000
     0.0010     98.9351      0.0000
     0.0010     98.9351      0.0000
     0.0010     98.9351      0.0000
     0.0010     98.9351      0.0000
     0.0010     98.9351      0.0000
     0.0010     98.9351      0.0000
     0.0011      1.1972      0.0004
     0.0011      1.1972      0.0012
     0.0011      1.1972      0.0002
     0.0011      1.7353      0.0003
     0.0011      1.7353      0.0010
     0.0011      1.7353      0.0002
     0.0011      1.7353      0.0002
     0.0011      1.7353      0.0007
     0.0011      1.7353      0.0001
     0.0011      4.0582      0.0002
     0.0011      4.0582      0.0007
     0.0011      4.0582      0.0001
     0.0011      4.0582      0.0002
     0.0011      4.0582      0.0005
     0.0011      4.0582      0.0001
     0.0011      4.0582      0.0001
     0.0011      4.0582      0.0004
     0.0011      4.0582      0.0001
     0.0011     98.9352      0.0000
     0.0011     98.9352      0.0000
     0.0011     98.9352      0.0000
     0.0011     98.9352      0.0000
     0.0011     98.9352      0.0000
     0.0011     98.9352      0.0000
     0.0011     98.9352      0.0000
     0.0011     98.9352      0.0000
     0.0011     98.9352      0.0000
     0.0011     98.9352      0.0000
     0.0011     98.9352      0.0000
     0.0011     98.9352      0.0000
     0.0013      1.1973      0.0000
     0.0013      1.1973      0.0000
     0.0013      1.1973      0.0000
     0.0013      1.1973      0.0000
     0.0013      1.1973      0.0000
     0.0013      1.7354      0.0000
     0.0013      1.7354      0.0000
     0.0013      1.7354      0.0000
     0.0013      1.7354      0.0000
     0.0013      1.7354      0.0000
     0.0013      1.7354      0.0000
     0.0013      1.7354      0.0000
     0.0013      1.7354      0.0000
     0.0013      1.7354      0.0000
     0.0013      1.7354      0.0000
     0.0013      4.0584      0.0000
     0.0013      4.0584      0.0000
     0.0013      4.0584      0.0000
     0.0013      4.0584      0.0000
     0.0013      4.0584      0.0000
     0.0013      4.0584      0.0000
     0.0013      4.0584      0.0000
     0.0013      4.0584      0.0000
     0.0013      4.0584      0.0000
     0.0013      4.0584      0.0000
     0.0013      4.0584      0.0000
     0.0013      4.0584      0.0000
     0.0013      4.0584      0.0000
     0.0013      4.0584      0.0000
     0.0013      4.0584      0.0000
     0.0013     98.9353      0.0000
     0.0013     98.9353      0.0000
     0.0013     98.9353      0.0000
     0.0013     98.9353      0.0000
     0.0013     98.9353      0.0000
     0.0013     98.9353      0.0000
     0.0013     98.9353      0.0000
     0.0013     98.9353      0.0000
     0.0013     98.9353      0.0000
     0.0013     98.9353      0.0000
     0.0013     98.9353      0.0000
     0.0013     98.9353      0.0000
     0.0013     98.9353      0.0000
     0.0013     98.9353      0.0000
     0.0013     98.9353      0.0000
     0.0013     98.9353      0.0000
     0.0013     98.9353      0.0000
     0.0013     98.9353      0.0000
     0.0013     98.9353      0.0000
     0.0013     98.9353      0.0000
     0.0014      1.1975      0.0000
     0.0014      1.1975      0.0001
     0.0014      1.1975      0.0000
     0.0014      1.1975      0.0000
     0.0014      1.7356      0.0000
     0.0014      1.7356      0.0001
     0.0014      1.7356      0.0000
     0.0014      1.7356      0.0000
     0.0014      1.7356      0.0000
     0.0014      1.7356      0.0001
     0.0014      1.7356      0.0000
     0.0014      1.7356      0.0000
     0.0014      4.0586      0.0000
     0.0014      4.0586      0.0001
     0.0014      4.0586      0.0000
     0.0014      4.0586      0.0000
     0.0014      4.0586      0.0000
     0.0014      4.0586      0.0001
     0.0014      4.0586      0.0000
     0.0014      4.0586      0.0000
     0.0014      4.0586      0.0000
     0.0014      4.0586      0.0001
     0.0014      4.0586      0.0000
     0.0014      4.0586      0.0000
     0.0014     98.9355      0.0000
     0.0014     98.9355      0.0000
     0.0014     98.9355      0.0000
     0.0014     98.9355      0.0000
     0.0014     98.9355      0.0000
     0.0014     98.9355      0.0000
     0.0014     98.9355      0.0000
     0.0014     98.9355      0.0000
     0.0014     98.9355      0.0000
     0.0014     98.9355      0.0000
     0.0014     98.9355      0.0000
     0.0014     98.9355      0.0000
     0.0014     98.9355      0.0000
     0.0014     98.9355      0.0000
     0.0014     98.9355      0.0000
     0.0014     98.9355      0.0000
     0.0016      1.1977      0.0000
     0.0016      1.1977      0.0000
     0.0016      1.1977      0.0001
     0.0016      1.1977      0.0000
     0.0016      1.1977      0.0000
     0.0016      1.7358      0.0000
     0.0016      1.7358      0.0000
     0.0016      1.7358      0.0001
     0.0016      1.7358      0.0000
     0.0016      1.7358      0.0000
     0.0016      1.7358      0.0000
     0.0016      1.7358      0.0000
     0.0016      1.7358      0.0001
     0.0016      1.7358      0.0000
     0.0016      1.7358      0.0000
     0.0016      4.0587      0.0000
     0.0016      4.0587      0.0000
     0.0016      4.0587      0.0001
     0.0016      4.0587      0.0000
     0.0016      4.0587      0.0000
     0.0016      4.0587      0.0000
     0.0016      4.0587      0.0000
     0.0016      4.0587      0.0000
     0.0016      4.0587      0.0000
     0.0016      4.0587      0.0000
     0.0016      4.0587      0.0000
     0.0016      4.0587      0.0000
     0.0016      4.0587      0.0000
     0.0016      4.0587      0.0000
     0.0016      4.0587      0.0000
     0.0016     98.9357      0.0000
     0.0016     98.9357      0.0000
     0.0016     98.9357      0.0000
     0.0016     98.9357      0.0000
     0.0016     98.9357      0.0000
     0.0016     98.9357      0.0000
     0.0016     98.9357      0.0000
     0.0016     98.9357      0.0000
     0.0016     98.9357      0.0000
     0.0016     98.9357      0.0000
     0.0016     98.9357      0.0000
     0.0016     98.9357      0.0000
     0.0016     98.9357      0.0000
     0.0016     98.9357      0.0000
     0.0016     98.9357      0.0000
     0.0016     98.9357      0.0000
     0.0016     98.9357      0.0000
     0.0016     98.9357      0.0000
     0.0016     98.9357      0.0000
     0.0016     98.9357      0.0000
     0.0026      1.1987      0.0000
     0.0026      1.1987      0.0001
     0.0026      1.1987      0.0003
     0.0026      1.1987      0.0001
     0.0026      1.1987      0.0000
     0.0026      1.7368      0.0000
     0.0026      1.7088      0.0001
     0.0026      1.7088      0.0003
     0.0026      1.7088      0.0001
     0.0026      1.7088      0.0000
     0.0026      1.7088      0.0000
     0.0026      1.7088      0.0000
     0.0026      1.7088      0.0002
     0.0026      1.7088      0.0001
     0.0026      1.7088      0.0000
     0.0026      4.0598      0.0000
     0.0026      4.0598      0.0000
     0.0026      4.0598      0.0002
     0.0026      4.0598      0.0001
     0.0026      4.0018      0.0000
     0.0026      4.0598      0.0000
     0.0026      4.0598      0.0000
     0.0026      4.0598      0.0001
     0.0026      4.0598      0.0001
     0.0026      4.0018      0.0000
     0.0026      4.0598      0.0000
     0.0026      4.0598      0.0000
     0.0026      4.0598      0.0001
     0.0026      4.0598      0.0000
     0.0026      4.0018      0.0000
     0.0026     98.9367      0.0000
     0.0026     98.9367      0.0000
     0.0026     98.9367      0.0000
     0.0026     98.9367      0.0000
     0.0026     98.9367      0.0000
     0.0026     98.9367      0.0000
     0.0026     98.9367      0.0000
     0.0026     98.9367      0.0000
     0.0026     98.9367      0.0000
     0.0026     98.9367      0.0000
     0.0026     98.9367      0.0000
     0.0026     98.9367      0.0000
     0.0026     98.9367      0.0000
     0.0026     98.9367      0.0000
     0.0026     98.9367      0.0000
     0.0026     98.9367      0.0000
     0.0026     98.9367      0.0000
     0.0026     98.9367      0.0000
     0.0026     98.9367      0.0000
     0.0026     98.9367      0.0000
     0.0043      1.2004      0.0000
     0.0043      1.2004      0.0001
     0.0043      1.2004      0.0001
     0.0043      1.2004      0.0000
     0.0043      1.7105      0.0000
     0.0043      1.7105      0.0001
     0.0043      1.7105      0.0001
     0.0043      1.7105      0.0000
     0.0043      1.7105      0.0000
     0.0043      1.7105      0.0001
     0.0043      1.7105      0.0000
     0.0043      1.7105      0.0000
     0.0043      4.0615      0.0000
     0.0043      4.0615      0.0001
     0.0043      4.0615      0.0000
     0.0043      4.0035      0.0000
     0.0043      4.0615      0.0000
     0.0043      4.0615      0.0001
     0.0043      4.0615      0.0000
     0.0043      4.0035      0.0000
     0.0043      4.0615      0.0000
     0.0043      4.0615      0.0001
     0.0043      4.0615      0.0000
     0.0043      4.0035      0.0000
     0.0043     98.9384      0.0000
     0.0043     98.9384      0.0000
     0.0043     98.9384      0.0000
     0.0043     98.9384      0.0000
     0.0043     98.9384      0.0000
     0.0043     98.9384      0.0000
     0.0043     98.9384      0.0000
     0.0043     98.9384      0.0000
     0.0043     98.9384      0.0000
     0.0043     98.9384      0.0000
     0.0043     98.9384      0.0000
     0.0043     98.9384      0.0000
     0.0043     98.9384      0.0000
     0.0043     98.9384      0.0000
     0.0043     98.9384      0.0000
     0.0043     98.9384      0.0000
     0.0081      1.1846      0.0000
     0.0081      1.1846      0.0000
     0.0081      1.1846      0.0000
     0.0081      1.7143      0.0000
     0.0081      1.7143      0.0000
     0.0081      1.7143      0.0000
     0.0081      1.7143      0.0000
     0.0081      1.7143      0.0000
     0.0081      1.7143      0.0000
     0.0081      4.0072      0.0000
     0.0081      4.0072      0.0000
     0.0081      4.0072      0.0000
     0.0081      4.0072      0.0000
     0.0081      4.0072      0.0000
     0.0081      4.0072      0.0000
     0.0081      4.0072      0.0000
     0.0081      4.0072      0.0000
     0.0081      4.0072      0.0000
     0.0081     98.9422      0.0000
     0.0081     98.9422      0.0000
     0.0081     98.9422      0.0000
     0.0081     98.9422      0.0000
     0.0081     98.9422      0.0000
     0.0081     98.9422      0.0000
     0.0081     98.9422      0.0000
     0.0081     98.9422      0.0000
     0.0081     98.9422      0.0000
     0.0081     98.9422      0.0000
     0.0081     98.9422      0.0000
     0.0081     98.9422      0.0000
     0.0091      1.1856      0.0000
     0.0091      1.1856      0.0000
     0.0091      1.1856      0.0000
     0.0091      1.7153      0.0000
     0.0091      1.7153      0.0000
     0.0091      1.7153      0.0000
     0.0091      1.7153      0.0000
     0.0091      1.7153      0.0000
     0.0091      1.7153      0.0000
     0.0091      4.0083      0.0000
     0.0091      4.0083      0.0000
     0.0091      4.0083      0.0000
     0.0091      4.0083      0.0000
     0.0091      4.0083      0.0000
     0.0091      4.0083      0.0000
     0.0091      4.0083      0.0000
     0.0091      4.0083      0.0000
     0.0091      4.0083      0.0000
     0.0091     98.9432      0.0000
     0.0091     98.9432      0.0000
     0.0091     98.9432      0.0000
     0.0091     98.9432      0.0000
     0.0091     98.9432      0.0000
     0.0091     98.9432      0.0000
     0.0091     98.9432      0.0000
     0.0091     98.9432      0.0000
     0.0091     98.9432      0.0000
     0.0091     98.9432      0.0000
     0.0091     98.9432      0.0000
     0.0091     98.9432      0.0000
     0.0358      0.5554      0.0000
     0.0358      0.5554      0.0000
     0.0358      0.5554      0.0002
     0.0358      0.5554      0.0001
     0.0358      0.5554      0.0000
     0.0358      1.1535      0.0000
     0.0358      1.1535      0.0000
     0.0358      1.1535      0.0001
     0.0358      1.1535      0.0001
     0.0358      1.1535      0.0000
     0.0358      1.6861      0.0000
     0.0358      1.6861      0.0000
     0.0358      1.6861      0.0001
     0.0358      1.6861      0.0001
     0.0358      1.6861      0.0000
     0.0358      1.6861      0.0000
     0.0358      1.6861      0.0000
     0.0358      1.6861      0.0001
     0.0358      1.6861      0.0001
     0.0358      1.6861      0.0000
     0.0358      4.0350      0.0000
     0.0358      4.0350      0.0000
     0.0358      4.0350      0.0001
     0.0358      4.0350      0.0001
     0.0358      4.0350      0.0000
     0.0358      3.9771      0.0000
     0.0358      4.0350      0.0000
     0.0358      4.0350      0.0001
     0.0358      4.0350      0.0000
     0.0358      4.0350      0.0000
     0.0358      3.9771      0.0000
     0.0358      4.0350      0.0000
     0.0358      4.0350      0.0000
     0.0358      4.0350      0.0000
     0.0358      3.9771      0.0000
     0.0358     98.9699      0.0000
     0.0358     98.9699      0.0000
     0.0358     98.9699      0.0000
     0.0358     98.9699      0.0000
     0.0358     98.9699      0.0000
     0.0358     98.9699      0.0000
     0.0358     98.9699      0.0000
     0.0358     98.9699      0.0000
     0.0358     98.9699      0.0000
     0.0358     98.9699      0.0000
     0.0358     98.9699      0.0000
     0.0358     98.9699      0.0000
     0.0358     98.9699      0.0000
     0.0358     98.9699      0.0000
     0.0358     98.9699      0.0000
     0.0358     98.9699      0.0000
     0.0358     98.9699      0.0000
     0.0358     98.9699      0.0000
     0.0358     98.9699      0.0000
     0.0358     98.9699      0.0000
     0.0406      0.5504      0.0000
     0.0406      0.5504      0.0000
     0.0406      0.5504      0.0003
     0.0406      0.5504      0.0001
     0.0406      0.5504      0.0000
     0.0406      1.1582      0.0000
     0.0406      1.1582      0.0000
     0.0406      1.1582      0.0002
     0.0406      1.1582      0.0001
     0.0406      1.1582      0.0000
     0.0406      1.6629      0.0000
     0.0406      1.6629      0.0000
     0.0406      1.6629      0.0002
     0.0406      1.6629      0.0001
     0.0406      1.6629      0.0000
     0.0406      1.6629      0.0000
     0.0406      1.6629      0.0000
     0.0406      1.6629      0.0001
     0.0406      1.6629      0.0001
     0.0406      1.6629      0.0000
     0.0406      4.0397      0.0000
     0.0406      4.0397      0.0000
     0.0406      4.0397      0.0001
     0.0406      4.0397      0.0001
     0.0406      3.9818      0.0000
     0.0406      4.0397      0.0000
     0.0406      4.0397      0.0000
     0.0406      4.0397      0.0001
     0.0406      4.0397      0.0000
     0.0406      3.9818      0.0000
     0.0406      4.0397      0.0000
     0.0406      4.0397      0.0000
     0.0406      4.0397      0.0001
     0.0406      4.0397      0.0000
     0.0406      3.9818      0.0000
     0.0406     98.9747      0.0000
     0.0406     98.9747      0.0000
     0.0406     98.9747      0.0000
     0.0406     98.9747      0.0000
     0.0406     98.9747      0.0000
     0.0406     98.9747      0.0000
     0.0406     98.9747      0.0000
     0.0406     98.9747      0.0000
     0.0406     98.9747      0.0000
     0.0406     98.9747      0.0000
     0.0406     98.9747      0.0000
     0.0406     98.9747      0.0000
     0.0406     98.9747      0.0000
     0.0406     98.9747      0.0000
     0.0406     98.9747      0.0000
     0.0406     98.9747      0.0000
     0.0406     98.9747      0.0000
     0.0406     98.9747      0.0000
     0.0406     98.9747      0.0000
     0.0406     98.9747      0.0000
     0.0520      0.5422      0.0000
     0.0520      0.5422      0.0001
     0.0520      0.5422      0.0006
     0.0520      0.5422      0.0004
     0.0520      0.5422      0.0000
     0.0520      1.1501      0.0000
     0.0520      1.1501      0.0000
     0.0520      1.1501      0.0004
     0.0520      1.1501      0.0003
     0.0520      1.1305      0.0000
     0.0520      1.1501      0.0000
     0.0520      1.1501      0.0000
     0.0520      1.1501      0.0003
     0.0520      1.1501      0.0002
     0.0520      1.1305      0.0000
     0.0520      1.6463      0.0000
     0.0520      1.6743      0.0000
     0.0520      1.6463      0.0004
     0.0520      1.6463      0.0003
     0.0520      1.6463      0.0000
     0.0520      1.6463      0.0000
     0.0520      1.6463      0.0000
     0.0520      1.6463      0.0003
     0.0520      1.6463      0.0002
     0.0520      1.6463      0.0000
     0.0520      3.9932      0.0000
     0.0520      3.9932      0.0000
     0.0520      3.9932      0.0003
     0.0520      3.9932      0.0002
     0.0520      3.9932      0.0000
     0.0520      3.9932      0.0000
     0.0520      3.9932      0.0000
     0.0520      3.9932      0.0002
     0.0520      3.9932      0.0001
     0.0520      3.9932      0.0000
     0.0520      3.9932      0.0000
     0.0520      3.9932      0.0000
     0.0520      3.9932      0.0002
     0.0520      3.9932      0.0001
     0.0520      3.9932      0.0000
     0.0520     98.9861      0.0000
     0.0520     98.9861      0.0000
     0.0520     98.9861      0.0000
     0.0520     98.9861      0.0000
     0.0520     98.9861      0.0000
     0.0520     98.9861      0.0000
     0.0520     98.9861      0.0000
     0.0520     98.9861      0.0000
     0.0520     98.9861      0.0000
     0.0520     98.9861      0.0000
     0.0520     98.9861      0.0000
     0.0520     98.9861      0.0000
     0.0520     98.9861      0.0000
     0.0520     98.9861      0.0000
     0.0520     98.9861      0.0000
     0.0520     98.9861      0.0000
     0.0520     98.9861      0.0000
     0.0520     98.9861      0.0000
     0.0520     98.9861      0.0000
     0.0520     98.9861      0.0000
     0.0589      0.5393      0.0000
     0.0589      0.5393      0.0004
     0.0589      0.5393      0.0018
     0.0589      0.5393      0.0007
     0.0589      0.5393      0.0000
     0.0589      1.1373      0.0000
     0.0589      1.1373      0.0003
     0.0589      1.1373      0.0013
     0.0589      1.1373      0.0005
     0.0589      1.1373      0.0000
     0.0589      1.1373      0.0000
     0.0589      1.1373      0.0002
     0.0589      1.1373      0.0009
     0.0589      1.1373      0.0003
     0.0589      1.1373      0.0000
     0.0589      1.6532      0.0000
     0.0589      1.6532      0.0003
     0.0589      1.6532      0.0012
     0.0589      1.6532      0.0004
     0.0589      1.6532      0.0000
     0.0589      1.6532      0.0000
     0.0589      1.6532      0.0002
     0.0589      1.6532      0.0008
     0.0589      1.6532      0.0003
     0.0589      1.6532      0.0000
     0.0589      4.0001      0.0000
     0.0589      4.0001      0.0002
     0.0589      4.0001      0.0008
     0.0589      4.0001      0.0003
     0.0589      4.0581      0.0000
     0.0589      4.0001      0.0000
     0.0589      4.0001      0.0001
     0.0589      4.0001      0.0006
     0.0589      4.0001      0.0002
     0.0589      3.9421      0.0000
     0.0589      4.0001      0.0000
     0.0589      4.0001      0.0001
     0.0589      4.0001      0.0005
     0.0589      4.0001      0.0002
     0.0589      3.9421      0.0000
     0.0589     98.9930      0.0000
     0.0589     98.9930      0.0000
     0.0589     98.9930      0.0000
     0.0589     98.9930      0.0000
     0.0589     98.9930      0.0000
     0.0589     98.9930      0.0000
     0.0589     98.9930      0.0000
     0.0589     98.9930      0.0000
     0.0589     98.9930      0.0000
     0.0589     98.9930      0.0000
     0.0589     98.9930      0.0000
     0.0589     98.9930      0.0000
     0.0589     98.9930      0.0000
     0.0589     98.9930      0.0000
     0.0589     98.9930      0.0000
     0.0589     98.9930      0.0000
     0.0589     98.9930      0.0000
     0.0589     98.9930      0.0000
     0.0589     98.9930      0.0000
     0.0589     98.9930      0.0000
     0.0667      0.5373      0.0000
     0.0667      0.5373      0.0001
     0.0667      0.5373      0.0007
     0.0667      0.5373      0.0005
     0.0667      0.5373      0.0000
     0.0667      1.1255      0.0000
     0.0667      1.1255      0.0000
     0.0667      1.1255      0.0005
     0.0667      1.1255      0.0003
     0.0667      1.1255      0.0000
     0.0667      1.1255      0.0000
     0.0667      1.1255      0.0000
     0.0667      1.1255      0.0003
     0.0667      1.1255      0.0002
     0.0667      1.1255      0.0000
     0.0667      1.6330      0.0000
     0.0667      1.6330      0.0000
     0.0667      1.6330      0.0004
     0.0667      1.6330      0.0003
     0.0667      1.6330      0.0000
     0.0667      1.6330      0.0000
     0.0667      1.6330      0.0000
     0.0667      1.6330      0.0003
     0.0667      1.6330      0.0002
     0.0667      1.6330      0.0000
     0.0667      3.9499      0.0000
     0.0667      3.9499      0.0000
     0.0667      3.9499      0.0003
     0.0667      3.9499      0.0002
     0.0667      4.0079      0.0000
     0.0667      3.9499      0.0000
     0.0667      3.9499      0.0000
     0.0667      3.9499      0.0002
     0.0667      3.9499      0.0001
     0.0667      4.0079      0.0000
     0.0667      3.9499      0.0000
     0.0667      3.9499      0.0000
     0.0667      3.9499      0.0002
     0.0667      3.9499      0.0001
     0.0667      4.0079      0.0000
     0.0667     99.0008      0.0000
     0.0667     99.0008      0.0000
     0.0667     99.0008      0.0000
     0.0667     99.0008      0.0000
     0.0667     99.0008      0.0000
     0.0667     99.0008      0.0000
     0.0667     99.0008      0.0000
     0.0667     99.0008      0.0000
     0.0667     99.0008      0.0000
     0.0667     99.0008      0.0000
     0.0667     99.0008      0.0000
     0.0667     99.0008      0.0000
     0.0667     99.0008      0.0000
     0.0667     99.0008      0.0000
     0.0667     99.0008      0.0000
     0.0667     99.0008      0.0000
     0.0667     99.0008      0.0000
     0.0667     99.0008      0.0000
     0.0667     99.0008      0.0000
     0.0667     99.0008      0.0000
     0.0755      0.5363      0.0000
     0.0755      0.5363      0.0004
     0.0755      0.5363      0.0031
     0.0755      0.5363      0.0018
     0.0755      0.5363      0.0000
     0.0755      1.1147      0.0000
     0.0755      1.1147      0.0003
     0.0755      1.1147      0.0021
     0.0755      1.1147      0.0012
     0.0755      1.1147      0.0000
     0.0755      1.1147      0.0000
     0.0755      1.1147      0.0002
     0.0755      1.1147      0.0014
     0.0755      1.1147      0.0008
     0.0755      1.1147      0.0000
     0.0755      1.6418      0.0000
     0.0755      1.6418      0.0003
     0.0755      1.6418      0.0019
     0.0755      1.6418      0.0011
     0.0755      1.6418      0.0000
     0.0755      1.6418      0.0000
     0.0755      1.6418      0.0002
     0.0755      1.6418      0.0013
     0.0755      1.6418      0.0008
     0.0755      1.6418      0.0000
     0.0755      3.9587      0.0000
     0.0755      3.9587      0.0002
     0.0755      3.9587      0.0014
     0.0755      3.9587      0.0008
     0.0755      4.0167      0.0000
     0.0755      3.9587      0.0000
     0.0755      3.9587      0.0001
     0.0755      3.9587      0.0010
     0.0755      3.9587      0.0006
     0.0755      4.0167      0.0000
     0.0755      3.9587      0.0000
     0.0755      3.9587      0.0001
     0.0755      3.9587      0.0009
     0.0755      3.9587      0.0005
     0.0755      4.0167      0.0000
     0.0755     99.0096      0.0000
     0.0755     99.0096      0.0000
     0.0755     99.0096      0.0000
     0.0755     99.0096      0.0000
     0.0755     99.0096      0.0000
     0.0755     99.0096      0.0000
     0.0755     99.0096      0.0000
     0.0755     99.0096      0.0000
     0.0755     99.0096      0.0000
     0.0755     99.0096      0.0000
     0.0755     99.0096      0.0000
     0.0755     99.0096      0.0000
     0.0755     99.0096      0.0000
     0.0755     99.0096      0.0000
     0.0755     99.0096      0.0000
     0.0755     99.0096      0.0000
     0.0755     99.0096      0.0000
     0.0755     99.0096      0.0000
     0.0755     99.0096      0.0000
     0.0755     99.0096      0.0000
     0.0968      0.5281      0.0000
     0.0968      0.5281      0.0000
     0.0968      0.5281      0.0007
     0.0968      0.5281      0.0007
     0.0968      0.5281      0.0000
     0.0968      1.0968      0.0000
     0.0968      1.0968      0.0000
     0.0968      1.0968      0.0005
     0.0968      1.0968      0.0005
     0.0968      1.0968      0.0000
     0.0968      1.0968      0.0000
     0.0968      1.0968      0.0000
     0.0968      1.0968      0.0003
     0.0968      1.0968      0.0003
     0.0968      1.0968      0.0000
     0.0968      1.6072      0.0000
     0.0968      1.6072      0.0000
     0.0968      1.6072      0.0004
     0.0968      1.6072      0.0004
     0.0968      1.6072      0.0000
     0.0968      1.6072      0.0000
     0.0968      1.6072      0.0000
     0.0968      1.6072      0.0003
     0.0968      1.6072      0.0003
     0.0968      1.6072      0.0000
     0.0968      1.6072      0.0000
     0.0968      1.6072      0.0000
     0.0968      1.6072      0.0003
     0.0968      1.6072      0.0003
     0.0968      1.6072      0.0000
     0.0968      3.9800      0.0000
     0.0968      3.9221      0.0000
     0.0968      3.9221      0.0003
     0.0968      3.9800      0.0003
     0.0968      3.9800      0.0000
     0.0968      3.9221      0.0000
     0.0968      3.9221      0.0000
     0.0968      3.9221      0.0002
     0.0968      3.9221      0.0002
     0.0968      3.9800      0.0000
     0.0968      3.9221      0.0000
     0.0968      3.9221      0.0000
     0.0968      3.9221      0.0002
     0.0968      3.9221      0.0002
     0.0968      3.9800      0.0000
     0.0968     99.0309      0.0000
     0.0968     99.0309      0.0000
     0.0968     99.0309      0.0000
     0.0968     99.0309      0.0000
     0.0968     99.0309      0.0000
     0.0968     99.0309      0.0000
     0.0968     99.0309      0.0000
     0.0968     99.0309      0.0000
     0.0968     99.0309      0.0000
     0.0968     99.0309      0.0000
     0.0968     99.0309      0.0000
     0.0968     99.0309      0.0000
     0.0968     99.0309      0.0000
     0.0968     99.0309      0.0000
     0.0968     99.0309      0.0000
     0.0968     99.0309      0.0000
     0.0968     99.0309      0.0000
     0.0968     99.0309      0.0000
     0.0968     99.0309      0.0000
     0.0968     99.0309      0.0000
     0.1096      0.5213      0.0000
     0.1096      0.5213      0.0004
     0.1096      0.5213      0.0004
     0.1096      0.5213      0.0000
     0.1096      1.0900      0.0000
     0.1096      1.0900      0.0003
     0.1096      1.0900      0.0003
     0.1096      1.0900      0.0000
     0.1096      1.0900      0.0000
     0.1096      1.0900      0.0002
     0.1096      1.0900      0.0002
     0.1096      1.0900      0.0000
     0.1096      1.6479      0.0000
     0.1096      1.5920      0.0002
     0.1096      1.5920      0.0003
     0.1096      1.5920      0.0000
     0.1096      1.5920      0.0000
     0.1096      1.5920      0.0002
     0.1096      1.5920      0.0002
     0.1096      1.5920      0.0000
     0.1096      1.5920      0.0000
     0.1096      1.5920      0.0001
     0.1096      1.5920      0.0001
     0.1096      1.5920      0.0000
     0.1096      3.9349      0.0000
     0.1096      3.9349      0.0002
     0.1096      3.9349      0.0002
     0.1096      3.9349      0.0000
     0.1096      3.8769      0.0000
     0.1096      3.8769      0.0001
     0.1096      3.9349      0.0001
     0.1096      3.9349      0.0000
     0.1096      3.8769      0.0000
     0.1096      3.8769      0.0001
     0.1096      3.9349      0.0001
     0.1096      3.9349      0.0000
     0.1096     99.0437      0.0000
     0.1096     99.0437      0.0000
     0.1096     99.0437      0.0000
     0.1096     99.0437      0.0000
     0.1096     99.0437      0.0000
     0.1096     99.0437      0.0000
     0.1096     99.0437      0.0000
     0.1096     99.0437      0.0000
     0.1096     99.0437      0.0000
     0.1096     99.0437      0.0000
     0.1096     99.0437      0.0000
     0.1096     99.0437      0.0000
     0.1096     99.0437      0.0000
     0.1096     99.0437      0.0000
     0.1096     99.0437      0.0000
     0.1096     99.0437      0.0000
     0.1241      0.5260      0.0000
     0.1241      0.5260      0.0001
     0.1241      0.5260      0.0011
     0.1241      0.5260      0.0010
     0.1241      0.5260      0.0000
     0.1241      1.0848      0.0000
     0.1241      1.0848      0.0000
     0.1241      1.0848      0.0008
     0.1241      1.0848      0.0007
     0.1241      1.0848      0.0000
     0.1241      1.0848      0.0000
     0.1241      1.0848      0.0000
     0.1241      1.0848      0.0005
     0.1241      1.0848      0.0005
     0.1241      1.0848      0.0000
     0.1241      1.6624      0.0000
     0.1241      1.6624      0.0000
     0.1241      1.6624      0.0007
     0.1241      1.6624      0.0006
     0.1241      1.6624      0.0000
     0.1241      1.6345      0.0000
     0.1241      1.6345      0.0000
     0.1241      1.6345      0.0005
     0.1241      1.6345      0.0004
     0.1241      1.6345      0.0000
     0.1241      1.6345      0.0000
     0.1241      1.6345      0.0000
     0.1241      1.6345      0.0004
     0.1241      1.6345      0.0004
     0.1241      1.6345      0.0000
     0.1241      4.0653      0.0000
     0.1241      3.8914      0.0000
     0.1241      3.8914      0.0005
     0.1241      4.0653      0.0004
     0.1241      3.8914      0.0000
     0.1241      3.8914      0.0000
     0.1241      3.8914      0.0000
     0.1241      3.8914      0.0003
     0.1241      3.9494      0.0003
     0.1241      3.8914      0.0000
     0.1241      3.8914      0.0000
     0.1241      3.8914      0.0000
     0.1241      3.8914      0.0003
     0.1241      3.9494      0.0003
     0.1241      3.8914      0.0000
     0.1241     97.7029      0.0000
     0.1241     97.7029      0.0000
     0.1241     97.7029      0.0000
     0.1241     97.7029      0.0000
     0.1241     97.7029      0.0000
     0.1241     97.7029      0.0000
     0.1241     97.7029      0.0000
     0.1241     97.7029      0.0000
     0.1241     97.7029      0.0000
     0.1241     97.7029      0.0000
     0.1241     97.7029      0.0000
     0.1241     97.7029      0.0000
     0.1241     97.7029      0.0000
     0.1241     97.7029      0.0000
     0.1241     97.7029      0.0000
     0.1241     97.7029      0.0000
     0.1241     97.7029      0.0000
     0.1241     97.7029      0.0000
     0.1241     97.7029      0.0000
     0.1241     97.7029      0.0000
     0.1405      1.0816      0.0000
     0.1405      1.0816      0.0006
     0.1405      1.0816      0.0009
     0.1405      1.0816      0.0001
     0.1405      1.0816      0.0000
     0.1405      1.0816      0.0004
     0.1405      1.0816      0.0006
     0.1405      1.0816      0.0000
     0.1405      1.6509      0.0000
     0.1405      1.6509      0.0005
     0.1405      1.6509      0.0008
     0.1405      1.6509      0.0000
     0.1405      1.6509      0.0000
     0.1405      1.6509      0.0003
     0.1405      1.6509      0.0005
     0.1405      1.6509      0.0000
     0.1405      1.6509      0.0000
     0.1405      1.6509      0.0003
     0.1405      1.6509      0.0005
     0.1405      1.6509      0.0000
     0.1405      4.0237      0.0000
     0.1405      4.0237      0.0004
     0.1405      4.0237      0.0006
     0.1405      3.9078      0.0000
     0.1405      4.0237      0.0000
     0.1405      4.0237      0.0002
     0.1405      4.0237      0.0004
     0.1405      3.9078      0.0000
     0.1405      4.0237      0.0000
     0.1405      4.0237      0.0002
     0.1405      4.0237      0.0004
     0.1405      3.9078      0.0000
     0.1405     97.7193      0.0000
     0.1405     97.7193      0.0000
     0.1405     97.7193      0.0000
     0.1405     97.7193      0.0000
     0.1405     97.7193      0.0000
     0.1405     97.7193      0.0000
     0.1405     97.7193      0.0000
     0.1405     97.7193      0.0000
     0.1405     97.7193      0.0000
     0.1405     97.7193      0.0000
     0.1405     97.7193      0.0000
     0.1405     97.7193      0.0000
     0.1405     97.7193      0.0000
     0.1405     97.7193      0.0000
     0.1405     97.7193      0.0000
     0.1405     97.7193      0.0000
     0.1590      1.0610      0.0000
     0.1590      1.0610      0.0003
     0.1590      1.0610      0.0004
     0.1590      1.0610      0.0000
     0.1590      1.0610      0.0000
     0.1590      1.0610      0.0002
     0.1590      1.0610      0.0003
     0.1590      1.0610      0.0000
     0.1590      1.6415      0.0000
     0.1590      1.6415      0.0003
     0.1590      1.6415      0.0004
     0.1590      1.6415      0.0000
     0.1590      1.6415      0.0000
     0.1590      1.6415      0.0002
     0.1590      1.6415      0.0003
     0.1590      1.6415      0.0000
     0.1590      1.6415      0.0000
     0.1590      1.6415      0.0002
     0.1590      1.6415      0.0002
     0.1590      1.6415      0.0000
     0.1590      3.9843      0.0000
     0.1590      3.9843      0.0002
     0.1590      3.9843      0.0003
     0.1590      3.9843      0.0000
     0.1590      3.9843      0.0000
     0.1590      3.9843      0.0001
     0.1590      3.9843      0.0002
     0.1590      3.9843      0.0000
     0.1590      3.9843      0.0000
     0.1590      3.9843      0.0001
     0.1590      3.9843      0.0002
     0.1590      3.9843      0.0000
     0.1590     97.7379      0.0000
     0.1590     97.7379      0.0000
     0.1590     97.7379      0.0000
     0.1590     97.7379      0.0000
     0.1590     97.7379      0.0000
     0.1590     97.7379      0.0000
     0.1590     97.7379      0.0000
     0.1590     97.7379      0.0000
     0.1590     97.7379      0.0000
     0.1590     97.7379      0.0000
     0.1590     97.7379      0.0000
     0.1590     97.7379      0.0000
     0.1590     97.7379      0.0000
     0.1590     97.7379      0.0000
     0.1590     97.7379      0.0000
     0.1590     97.7379      0.0000
     0.1801      1.0624      0.0000
     0.1801      1.0624      0.0003
     0.1801      1.0624      0.0005
     0.1801      1.0624      0.0000
     0.1801      1.0624      0.0000
     0.1801      1.0624      0.0002
     0.1801      1.0624      0.0003
     0.1801      1.0624      0.0000
     0.1801      1.6345      0.0000
     0.1801      1.6345      0.0003
     0.1801      1.6065      0.0005
     0.1801      1.6065      0.0000
     0.1801      1.6065      0.0000
     0.1801      1.6065      0.0002
     0.1801      1.6065      0.0003
     0.1801      1.6065      0.0000
     0.1801      1.6065      0.0000
     0.1801      1.6065      0.0002
     0.1801      1.6065      0.0003
     0.1801      1.6065      0.0000
     0.1801      3.9474      0.0000
     0.1801      3.9474      0.0002
     0.1801      3.9474      0.0003
     0.1801      3.9474      0.0000
     0.1801      3.9474      0.0000
     0.1801      3.9474      0.0001
     0.1801      3.9474      0.0002
     0.1801      3.9474      0.0000
     0.1801      3.9474      0.0000
     0.1801      3.9474      0.0001
     0.1801      3.9474      0.0002
     0.1801      3.9474      0.0000
     0.1801     97.7589      0.0000
     0.1801     97.7589      0.0000
     0.1801     97.7589      0.0000
     0.1801     97.7589      0.0000
     0.1801     97.7589      0.0000
     0.1801     97.7589      0.0000
     0.1801     97.7589      0.0000
     0.1801     97.7589      0.0000
     0.1801     97.7589      0.0000
     0.1801     97.7589      0.0000
     0.1801     97.7589      0.0000
     0.1801     97.7589      0.0000
     0.1801     97.7589      0.0000
     0.1801     97.7589      0.0000
     0.1801     97.7589      0.0000
     0.1801     97.7589      0.0000
     0.2039      1.0862      0.0002
     0.2039      1.0862      0.0021
     0.2039      1.0862      0.0021
     0.2039      1.0862      0.0002
     0.2039      1.0862      0.0001
     0.2039      1.0862      0.0014
     0.2039      1.0862      0.0014
     0.2039      1.0862      0.0001
     0.2039      1.6583      0.0002
     0.2039      1.6583      0.0018
     0.2039      1.6583      0.0018
     0.2039      1.6583      0.0002
     0.2039      1.6303      0.0001
     0.2039      1.6303      0.0012
     0.2039      1.6303      0.0012
     0.2039      1.6303      0.0001
     0.2039      1.6303      0.0001
     0.2039      1.6303      0.0011
     0.2039      1.6303      0.0011
     0.2039      1.6303      0.0001
     0.2039      4.0292      0.0001
     0.2039      4.0292      0.0013
     0.2039      3.9132      0.0013
     0.2039      3.9132      0.0001
     0.2039      3.9132      0.0001
     0.2039      3.9132      0.0009
     0.2039      3.9132      0.0009
     0.2039      3.9132      0.0001
     0.2039      3.9132      0.0001
     0.2039      3.9132      0.0008
     0.2039      3.9132      0.0008
     0.2039      3.9132      0.0001
     0.2039     97.7827      0.0000
     0.2039     97.7827      0.0000
     0.2039     97.7827      0.0000
     0.2039     97.7827      0.0000
     0.2039     97.7827      0.0000
     0.2039     97.7827      0.0000
     0.2039     97.7827      0.0000
     0.2039     97.7827      0.0000
     0.2039     97.7827      0.0000
     0.2039     97.7827      0.0000
     0.2039     97.7827      0.0000
     0.2039     97.7827      0.0000
     0.2039     97.7827      0.0000
     0.2039     97.7827      0.0000
     0.2039     97.7827      0.0000
     0.2039     97.7827      0.0000
     0.2308      1.0936      0.0000
     0.2308      1.0936      0.0006
     0.2308      1.0936      0.0016
     0.2308      1.0936      0.0003
     0.2308      1.0936      0.0000
     0.2308      1.0936      0.0004
     0.2308      1.0936      0.0011
     0.2308      1.0936      0.0002
     0.2308      1.0936      0.0000
     0.2308      1.0936      0.0004
     0.2308      1.0936      0.0010
     0.2308      1.0936      0.0002
     0.2308      1.6573      0.0000
     0.2308      1.6573      0.0006
     0.2308      1.6573      0.0014
     0.2308      1.6573      0.0002
     0.2308      1.6293      0.0000
     0.2308      1.6293      0.0004
     0.2308      1.6293      0.0010
     0.2308      1.6293      0.0002
     0.2308      1.6293      0.0000
     0.2308      1.6293      0.0003
     0.2308      1.6293      0.0009
     0.2308      1.6293      0.0001
     0.2308      3.9402      0.0000
     0.2308      3.9402      0.0004
     0.2308      3.9402      0.0010
     0.2308      3.9402      0.0002
     0.2308      3.9402      0.0000
     0.2308      3.9402      0.0003
     0.2308      3.9402      0.0007
     0.2308      3.9402      0.0001
     0.2308      3.9402      0.0000
     0.2308      3.9402      0.0002
     0.2308      3.9402      0.0006
     0.2308      3.9402      0.0001
     0.2308     97.8096      0.0000
     0.2308     97.8096      0.0000
     0.2308     97.8096      0.0000
     0.2308     97.8096      0.0000
     0.2308     97.8096      0.0000
     0.2308     97.8096      0.0000
     0.2308     97.8096      0.0000
     0.2308     97.8096      0.0000
     0.2308     97.8096      0.0000
     0.2308     97.8096      0.0000
     0.2308     97.8096      0.0000
     0.2308     97.8096      0.0000
     0.2308     97.8096      0.0000
     0.2308     97.8096      0.0000
     0.2308     97.8096      0.0000
     0.2308     97.8096      0.0000
     0.2959      1.6385      0.0000
     0.2959      1.6385      0.0001
     0.2959      1.6385      0.0007
     0.2959      1.6385      0.0001
     0.2959      1.6385      0.0000
     0.2959      1.6385      0.0001
     0.2959      1.6385      0.0005
     0.2959      1.6385      0.0001
     0.2959      1.6385      0.0000
     0.2959      1.6385      0.0001
     0.2959      1.6385      0.0004
     0.2959      1.6105      0.0001
     0.2959      3.9473      0.0000
     0.2959      3.9473      0.0001
     0.2959      3.9473      0.0005
     0.2959      3.9473      0.0001
     0.2959      3.9473      0.0000
     0.2959      3.9473      0.0001
     0.2959      3.9473      0.0004
     0.2959      3.9473      0.0001
     0.2959      3.9473      0.0000
     0.2959      3.9473      0.0000
     0.2959      3.9473      0.0003
     0.2959      3.9473      0.0001
     0.2959     97.8747      0.0000
     0.2959     97.8747      0.0000
     0.2959     97.8747      0.0000
     0.2959     97.8747      0.0000
     0.2959     97.8747      0.0000
     0.2959     97.8747      0.0000
     0.2959     97.8747      0.0000
     0.2959     97.8747      0.0000
     0.2959     97.8747      0.0000
     0.2959     97.8747      0.0000
     0.2959     97.8747      0.0000
     0.2959     97.8747      0.0000
     0.2959     97.8747      0.0000
     0.2959     97.8747      0.0000
     0.2959     97.8747      0.0000
     0.2959     97.8747      0.0000
     0.3350      1.6776      0.0000
     0.3350      1.6776      0.0009
     0.3350      1.6776      0.0023
     0.3350      1.6776      0.0003
     0.3350      1.6776      0.0000
     0.3350      1.6496      0.0005
     0.3350      1.6496      0.0015
     0.3350      1.6496      0.0002
     0.3350      1.6496      0.0000
     0.3350      1.6496      0.0005
     0.3350      1.6496      0.0013
     0.3350      1.6496      0.0002
     0.3350      3.8705      0.0000
     0.3350      3.8705      0.0006
     0.3350      3.8705      0.0016
     0.3350      3.8705      0.0002
     0.3350      3.8705      0.0000
     0.3350      3.8705      0.0004
     0.3350      3.8705      0.0010
     0.3350      3.8705      0.0002
     0.3350      3.8705      0.0000
     0.3350      3.8705      0.0003
     0.3350      3.8705      0.0009
     0.3350      3.8705      0.0001
     0.3350     97.9138      0.0000
     0.3350     97.9138      0.0000
     0.3350     97.9138      0.0000
     0.3350     97.9138      0.0000
     0.3350     97.9138      0.0000
     0.3350     97.9138      0.0000
     0.3350     97.9138      0.0000
     0.3350     97.9138      0.0000
     0.3350     97.9138      0.0000
     0.3350     97.9138      0.0000
     0.3350     97.9138      0.0000
     0.3350     97.9138      0.0000
     0.3350     97.9138      0.0000
     0.3350     97.9138      0.0000
     0.3350     97.9138      0.0000
     0.3350     97.9138      0.0000
     0.3793      1.6380      0.0000
     0.3793      1.6380      0.0003
     0.3793      1.6380      0.0015
     0.3793      1.6380      0.0004
     0.3793      1.6380      0.0000
     0.3793      1.6380      0.0002
     0.3793      1.6380      0.0010
     0.3793      1.6380      0.0002
     0.3793      1.6380      0.0000
     0.3793      1.6380      0.0002
     0.3793      1.6380      0.0008
     0.3793      1.6380      0.0002
     0.3793      3.9148      0.0000
     0.3793      3.9148      0.0002
     0.3793      3.9148      0.0011
     0.3793      3.9148      0.0003
     0.3793      3.9148      0.0000
     0.3793      3.9148      0.0002
     0.3793      3.9148      0.0007
     0.3793      3.9148      0.0002
     0.3793      3.9148      0.0000
     0.3793      3.9148      0.0001
     0.3793      3.9148      0.0006
     0.3793      3.9148      0.0001
     0.3793     96.6029      0.0000
     0.3793     96.6029      0.0000
     0.3793     96.6029      0.0000
     0.3793     96.6029      0.0000
     0.3793     96.6029      0.0000
     0.3793     96.6029      0.0000
     0.3793     96.6029      0.0000
     0.3793     96.6029      0.0000
     0.3793     96.6029      0.0000
     0.3793     96.6029      0.0000
     0.3793     96.6029      0.0000
     0.3793     96.6029      0.0000
     0.3793     96.6029      0.0000
     0.3793     96.6029      0.0000
     0.3793     96.6029      0.0000
     0.3793     96.6029      0.0000
     0.4295      3.9070      0.0000
     0.4295      3.9070      0.0001
     0.4295      3.9070      0.0009
     0.4295      3.9070      0.0004
     0.4295      3.9070      0.0000
     0.4295      3.9070      0.0000
     0.4295      3.9070      0.0006
     0.4295      3.8490      0.0003
     0.4295      3.9070      0.0000
     0.4295      3.9070      0.0000
     0.4295      3.8490      0.0005
     0.4295      3.8490      0.0002
     0.4295     96.6530      0.0000
     0.4295     96.6530      0.0000
     0.4295     96.6530      0.0000
     0.4295     96.6530      0.0000
     0.4295     96.6530      0.0000
     0.4295     96.6530      0.0000
     0.4295     96.6530      0.0000
     0.4295     96.6530      0.0000
     0.4295     96.6530      0.0000
     0.4295     96.6530      0.0000
     0.4295     96.6530      0.0000
     0.4295     96.6530      0.0000
     0.4295     96.6530      0.0000
     0.4295     96.6530      0.0000
     0.4295     96.6530      0.0000
     0.4295     96.6530      0.0000
     0.4862      3.8479      0.0000
     0.4862      3.8479      0.0000
     0.4862      3.8479      0.0005
     0.4862      3.8479      0.0004
     0.4862      3.8479      0.0000
     0.4862      3.8479      0.0000
     0.4862      3.8479      0.0003
     0.4862      3.8479      0.0003
     0.4862      3.8479      0.0000
     0.4862      3.8479      0.0000
     0.4862      3.8479      0.0002
     0.4862      3.8479      0.0002
     0.4862     96.7098      0.0000
     0.4862     96.7098      0.0000
     0.4862     96.7098      0.0000
     0.4862     96.7098      0.0000
     0.4862     96.7098      0.0000
     0.4862     96.7098      0.0000
     0.4862     96.7098      0.0000
     0.4862     96.7098      0.0000
     0.4862     96.7098      0.0000
     0.4862     96.7098      0.0000
     0.4862     96.7098      0.0000
     0.4862     96.7098      0.0000
     0.4862     96.7098      0.0000
     0.4862     96.7098      0.0000
     0.4862     96.7098      0.0000
     0.4862     96.7098      0.0000
     0.5505      3.9122      0.0000
     0.5505      3.9122      0.0001
     0.5505      3.9122      0.0005
     0.5505      3.9122      0.0006
     0.5505      3.9122      0.0000
     0.5505      3.7962      0.0000
     0.5505      3.7962      0.0003
     0.5505      3.9122      0.0004
     0.5505      3.9122      0.0000
     0.5505      3.7962      0.0000
     0.5505      3.7962      0.0003
     0.5505      3.9122      0.0003
     0.5505     96.7741      0.0000
     0.5505     96.7741      0.0000
     0.5505     96.7741      0.0000
     0.5505     96.7741      0.0000
     0.5505     96.7741      0.0000
     0.5505     96.7741      0.0000
     0.5505     96.7741      0.0000
     0.5505     96.7741      0.0000
     0.5505     96.7741      0.0000
     0.5505     96.7741      0.0000
     0.5505     96.7741      0.0000
     0.5505     96.7741      0.0000
     0.5505     96.7741      0.0000
     0.5505     96.7741      0.0000
     0.5505     96.7741      0.0000
     0.5505     96.7741      0.0000
     0.6233      3.8111      0.0000
     0.6233      3.8111      0.0000
     0.6233      3.8111      0.0002
     0.6233      3.8111      0.0007
     0.6233      3.8111      0.0000
     0.6233      3.8111      0.0000
     0.6233      3.8111      0.0001
     0.6233      3.8111      0.0004
     0.6233      3.8111      0.0000
     0.6233      3.8111      0.0000
     0.6233      3.8111      0.0001
     0.6233      3.8111      0.0004
     0.6233     98.2021      0.0000
     0.6233     98.2021      0.0000
     0.6233     98.2021      0.0000
     0.6233     98.2021      0.0000
     0.6233     98.2021      0.0000
     0.6233     98.2021      0.0000
     0.6233     98.2021      0.0000
     0.6233     98.2021      0.0000
     0.6233     98.2021      0.0000
     0.6233     98.2021      0.0000
     0.6233     98.2021      0.0000
     0.6233     98.2021      0.0000
     0.6233     98.2021      0.0000
     0.6233     98.2021      0.0000
     0.6233     98.2021      0.0000
     0.6233     98.2021      0.0000
     0.7990      3.8709      0.0000
     0.7990      3.8709      0.0000
     0.7990      3.8709      0.0000
     0.7990      3.8709      0.0003
     0.7990      3.8709      0.0000
     0.7990      3.8709      0.0000
     0.7990      3.8709      0.0000
     0.7990      3.8709      0.0002
     0.7990      3.8709      0.0000
     0.7990      3.8709      0.0000
     0.7990      3.8709      0.0000
     0.7990      3.8709      0.0002
     0.7990      3.8709      0.0000
     0.7990      3.8709      0.0000
     0.7990      3.8709      0.0000
     0.7990      3.8709      0.0001
     0.7990     97.0226      0.0000
     0.7990     97.0226      0.0000
     0.7990     97.0226      0.0000
     0.7990     97.0226      0.0000
     0.7990     97.0226      0.0000
     0.7990     97.0226      0.0000
     0.7990     97.0226      0.0000
     0.7990     97.0226      0.0000
     0.7990     97.0226      0.0000
     0.7990     97.0226      0.0000
     0.7990     97.0226      0.0000
     0.7990     97.0226      0.0000
     0.7990     97.0226      0.0000
     0.7990     97.0226      0.0000
     0.7990     97.0226      0.0000
     0.7990     97.0226      0.0000
     0.9047      3.9186      0.0000
     0.9047      3.9186      0.0000
     0.9047      3.9186      0.0000
     0.9047      3.9186      0.0000
     0.9047      3.9186      0.0000
     0.9047      3.9186      0.0000
     0.9047      3.9186      0.0000
     0.9047      3.9186      0.0000
     0.9047      3.9186      0.0000
     0.9047      3.9186      0.0000
     0.9047      3.9186      0.0000
     0.9047      3.9186      0.0000
     0.9047      3.9186      0.0000
     0.9047      3.9186      0.0000
     0.9047      3.9186      0.0000
     0.9047      3.9186      0.0000
     0.9047     97.1283      0.0000
     0.9047     97.1283      0.0000
     0.9047     97.1283      0.0000
     0.9047     97.1283      0.0000
     0.9047     97.1283      0.0000
     0.9047     97.1283      0.0000
     0.9047     97.1283      0.0000
     0.9047     97.1283      0.0000
     0.9047     97.1283      0.0000
     0.9047     97.1283      0.0000
     0.9047     97.1283      0.0000
     0.9047     97.1283      0.0000
     0.9047     97.1283      0.0000
     0.9047     97.1283      0.0000
     0.9047     97.1283      0.0000
     0.9047     97.1283      0.0000
     1.0243     95.8926      0.0000
     1.0243     95.8926      0.0000
     1.0243     95.8926      0.0000
     1.0243     95.8926      0.0000
     1.0243     95.8926      0.0000
     1.0243     95.8926      0.0000
     1.0243     95.8926      0.0000
     1.0243     95.8926      0.0000
     1.0243     95.8926      0.0000
     1.0243     95.8926      0.0000
     1.0243     95.8926      0.0000
     1.0243     95.8926      0.0000
     1.0243     95.8926      0.0000
     1.0243     95.8926      0.0000
     1.0243     95.8926      0.0000
     1.0243     95.8926      0.0000
     1.1597     96.0280      0.0000
     1.1597     96.0280      0.0000
     1.1597     96.0280      0.0000
     1.1597     96.0280      0.0000
     1.1597     96.0280      0.0000
     1.1597     96.0280      0.0000
     1.1597     96.0280      0.0000
     1.1597     96.0280      0.0000
     1.1597     96.0280      0.0000
     1.1597     96.0280      0.0000
     1.1597     96.0280      0.0000
     1.1597     96.0280      0.0000
     1.3131     96.1814      0.0000
     1.3131     96.1814      0.0000
     1.3131     96.1814      0.0000
     1.3131     96.1814      0.0000
     1.3131     96.1814      0.0000
     1.3131     96.1814      0.0000
     1.3131     96.1814      0.0000
     1.3131     96.1814      0.0000
     1.3131     96.1814      0.0000
     1.3131     96.1814      0.0000
     1.3131     96.1814      0.0000
     1.3131     96.1814      0.0000
     1.4867     94.9997      0.0000
     1.4867     94.9997      0.0000
     1.4867     94.9997      0.0000
     1.4867     94.9997      0.0000
     1.4867     94.9997      0.0000
     1.4867     94.9997      0.0000
     1.4867     94.9997      0.0000
     1.4867     94.9997      0.0000
     1.6833     93.8410      0.0000
     1.6833     93.8410      0.0000
     1.6833     93.8410      0.0000
     1.6833     93.8410      0.0000
     1.6833     93.8410      0.0000
     1.6833     93.8410      0.0000
     1.6833     93.8410      0.0000
     1.6833     93.8410      0.0000
     1.9058     92.7083      0.0000
     1.9058     92.7083      0.0000
     1.9058     92.7083      0.0000
     1.9058     92.7083      0.0000
     1.9058     92.7083      0.0000
     1.9058     92.7083      0.0000
     1.9058     92.7083      0.0000
     1.9058     92.7083      0.0000
     1.9058     92.7083      0.0000
     1.9058     92.7083      0.0000
     1.9058     92.7083      0.0000
     1.9058     92.7083      0.0000
     1.9058     92.7083      0.0000
     1.9058     92.7083      0.0000
     1.9058     92.7083      0.0000
     1.9058     92.7083      0.0000
     2.1578     94.3156      0.0000
     2.1578     94.3156      0.0000
     2.1578     94.3156      0.0000
     2.1578     94.3156      0.0000
     2.1578     94.3156      0.0000
     2.1578     94.3156      0.0000
     2.1578     94.3156      0.0000
     2.1578     94.3156      0.0000
     2.1578     94.3156      0.0000
     2.1578     94.3156      0.0000
     2.1578     94.3156      0.0000
     2.1578     94.3156      0.0000
     2.4431     93.2456      0.0000
     2.4431     93.2456      0.0000
     2.4431     93.2456      0.0000
     2.4431     93.2456      0.0000
     2.4431     93.2456      0.0000
     2.4431     93.2456      0.0000
     2.4431     93.2456      0.0000
     2.4431     93.2456      0.0000
     2.4431     93.2456      0.0000
     2.4431     93.2456      0.0000
     2.4431     93.2456      0.0000
     2.4431     93.2456      0.0000
     2.4431     93.2456      0.0000
     2.4431     93.2456      0.0000
     2.4431     93.2456      0.0000
     2.4431     93.2456      0.0000
     2.7661     92.2134      0.0000
     2.7661     92.2134      0.0000
     2.7661     92.2134      0.0000
     2.7661     92.2134      0.0000
     2.7661     93.5687      0.0000
     2.7661     93.5687      0.0000
     2.7661     93.5687      0.0000
     2.7661     93.5687      0.0000
     2.7661     93.5687      0.0000
     2.7661     93.5687      0.0000
     2.7661     93.5687      0.0000
     2.7661     93.5687      0.0000
     2.7661     92.2134      0.0000
     2.7661     92.2134      0.0000
     2.7661     92.2134      0.0000
     2.7661     92.2134      0.0000
     3.1319     92.5791      0.0000
     3.1319     92.5791      0.0000
     3.1319     92.5791      0.0000
     3.1319     92.5791      0.0000
     3.1319     92.5791      0.0000
     3.1319     92.5791      0.0000
     3.1319     92.5791      0.0000
     3.1319     92.5791      0.0000
     3.1319     79.0265      0.0000
     3.1319     79.0265      0.0000
     3.5460     91.6380      0.0000
     3.5460     91.6380      0.0005
     3.5460     91.6380      0.0000
     3.5460     91.6380      0.0003
     3.5460     91.6380      0.0000
     3.5460     91.6380      0.0003
     3.5460     91.6380      0.0000
     3.5460     91.6380      0.0002
     3.5460     78.0853      0.0000
     3.5460     78.0853      0.0000
     4.0148     90.7515      0.0000
     4.0148     90.7515      0.0000
     4.0148     90.7515      0.0000
     4.0148     90.7515      0.0000
     4.0148     90.7515      0.0000
     4.0148     90.7515      0.0000
     4.0148     90.7515      0.0000
     4.0148     90.7515      0.0000
     4.0148     77.1989      0.0000
     4.0148     77.1989      0.0000
     4.5456     89.9271      0.0000
     4.5456     89.9271      0.0001
     4.5456     89.9271      0.0000
     4.5456     89.9271      0.0001
     4.5456     89.9271      0.0000
     4.5456     89.9271      0.0001
     4.5456     89.9271      0.0000
     4.5456     89.9271      0.0000
     4.5456     76.3745      0.0000
     4.5456     76.3745      0.0000
     5.1466     87.8176      0.0006
     5.1466     87.8176      0.0004
     5.1466     87.8176      0.0004
     5.1466     87.8176      0.0003
     5.1466     75.6202      0.0000
     5.8271     88.4981      0.0000
     5.8271     88.4981      0.0000
     5.8271     88.4981      0.0000
     5.8271     88.4981      0.0000
     5.8271     74.9455      0.0000
     6.5976     86.5580      0.0000
     6.5976     86.5580      0.0000
     6.5976     86.5580      0.0000
     6.5976     86.5580      0.0000
     6.5976     74.3607      0.0000
     0.0000      1.2096      0.0000
     0.0000      1.2096      0.0051
     0.0000      1.2096      0.0121
     0.0000      1.2096      0.0030
     0.0000      1.2096      0.0001
     0.0000      1.7537      0.0000
     0.0000      1.7537      0.0045
     0.0000      1.7537      0.0108
     0.0000      1.7537      0.0026
     0.0000      1.7537      0.0001
     0.0000      1.7537      0.0000
     0.0000      1.7537      0.0030
     0.0000      1.7537      0.0073
     0.0000      1.7537      0.0018
     0.0000      1.7537      0.0000
     0.0000      4.2200      0.0000
     0.0000      4.2200      0.0031
     0.0000      4.2200      0.0076
     0.0000      4.2200      0.0018
     0.0000      4.1028      0.0000
     0.0000      4.2200      0.0000
     0.0000      4.2200      0.0021
     0.0000      4.1028      0.0052
     0.0000      4.1028      0.0013
     0.0000      4.1028      0.0000
     0.0000      4.2200      0.0000
     0.0000      4.2200      0.0019
     0.0000      4.1028      0.0045
     0.0000      4.1028      0.0011
     0.0000      4.0442      0.0000
     0.0000    100.0481      0.0000
     0.0000    100.0481      0.0000
     0.0000    100.0481      0.0001
     0.0000    100.0481      0.0000
     0.0000    100.0481      0.0000
     0.0000    100.0481      0.0000
     0.0000    100.0481      0.0000
     0.0000    100.0481      0.0001
     0.0000    100.0481      0.0000
     0.0000    100.0481      0.0000
     0.0000    100.0481      0.0000
     0.0000    100.0481      0.0000
     0.0000    100.0481      0.0001
     0.0000    100.0481      0.0000
     0.0000    100.0481      0.0000
     0.0000    100.0481      0.0000
     0.0000    100.0481      0.0000
     0.0000    100.0481      0.0000
     0.0000    100.0481      0.0000
     0.0000    100.0481      0.0000
     0.0003      1.2099      0.0000
     0.0003      1.2099      0.0000
     0.0003      1.2099      0.0002
     0.0003      1.7540      0.0000
     0.0003      1.7540      0.0000
     0.0003      1.7540      0.0002
     0.0003      1.7540      0.0000
     0.0003      1.7540      0.0000
     0.0003      1.7540      0.0001
     0.0003      4.2204      0.0000
     0.0003      4.2204      0.0000
     0.0003      4.2204      0.0001
     0.0003      4.2204      0.0000
     0.0003      4.2204      0.0000
     0.0003      4.1031      0.0001
     0.0003      4.2204      0.0000
     0.0003      4.2204      0.0000
     0.0003      4.1031      0.0001
     0.0003    100.0484      0.0000
     0.0003    100.0484      0.0000
     0.0003    100.0484      0.0000
     0.0003    100.0484      0.0000
     0.0003    100.0484      0.0000
     0.0003    100.0484      0.0000
     0.0003    100.0484      0.0000
     0.0003    100.0484      0.0000
     0.0003    100.0484      0.0000
     0.0003    100.0484      0.0000
     0.0003    100.0484      0.0000
     0.0003    100.0484      0.0000
     0.0004      1.2099      0.0000
     0.0004      1.2099      0.0000
     0.0004      1.2099      0.0002
     0.0004      1.2099      0.0001
     0.0004      1.2099      0.0000
     0.0004      1.7540      0.0000
     0.0004      1.7540      0.0000
     0.0004      1.7540      0.0001
     0.0004      1.7540      0.0001
     0.0004      1.7540      0.0000
     0.0004      1.7540      0.0000
     0.0004      1.7540      0.0000
     0.0004      1.7540      0.0001
     0.0004      1.7540      0.0000
     0.0004      1.7540      0.0000
     0.0004      4.2204      0.0000
     0.0004      4.2204      0.0000
     0.0004      4.2204      0.0001
     0.0004      4.2204      0.0000
     0.0004      4.1032      0.0000
     0.0004      4.2204      0.0000
     0.0004      4.2204      0.0000
     0.0004      4.1032      0.0001
     0.0004      4.1032      0.0000
     0.0004      4.1032      0.0000
     0.0004      4.2204      0.0000
     0.0004      4.2204      0.0000
     0.0004      4.1032      0.0001
     0.0004      4.1032      0.0000
     0.0004      4.0446      0.0000
     0.0004    100.0484      0.0000
     0.0004    100.0484      0.0000
     0.0004    100.0484      0.0000
     0.0004    100.0484      0.0000
     0.0004    100.0484      0.0000
     0.0004    100.0484      0.0000
     0.0004    100.0484      0.0000
     0.0004    100.0484      0.0000
     0.0004    100.0484      0.0000
     0.0004    100.0484      0.0000
     0.0004    100.0484      0.0000
     0.0004    100.0484      0.0000
     0.0004    100.0484      0.0000
     0.0004    100.0484      0.0000
     0.0004    100.0484      0.0000
     0.0004    100.0484      0.0000
     0.0004    100.0484      0.0000
     0.0004    100.0484      0.0000
     0.0004    100.0484      0.0000
     0.0004    100.0484      0.0000
     0.0010      1.2105      0.0000
     0.0010      1.2105      0.0000
     0.0010      1.2105      0.0002
     0.0010      1.2105      0.0001
     0.0010      1.2105      0.0000
     0.0010      1.7547      0.0000
     0.0010      1.7547      0.0000
     0.0010      1.7547      0.0001
     0.0010      1.7547      0.0000
     0.0010      1.7547      0.0000
     0.0010      1.7547      0.0000
     0.0010      1.7547      0.0000
     0.0010      1.7547      0.0001
     0.0010      1.7547      0.0000
     0.0010      1.7547      0.0000
     0.0010      4.2210      0.0000
     0.0010      4.2210      0.0000
     0.0010      4.2210      0.0001
     0.0010      4.2210      0.0000
     0.0010      4.0452      0.0000
     0.0010      4.2210      0.0000
     0.0010      4.2210      0.0000
     0.0010      4.1038      0.0001
     0.0010      4.1038      0.0000
     0.0010      4.0452      0.0000
     0.0010      4.2210      0.0000
     0.0010      4.2210      0.0000
     0.0010      4.1038      0.0001
     0.0010      4.1038      0.0000
     0.0010      4.0452      0.0000
     0.0010    100.0490      0.0000
     0.0010    100.0490      0.0000
     0.0010    100.0490      0.0000
     0.0010    100.0490      0.0000
     0.0010    100.0490      0.0000
     0.0010    100.0490      0.0000
     0.0010    100.0490      0.0000
     0.0010    100.0490      0.0000
     0.0010    100.0490      0.0000
     0.0010    100.0490      0.0000
     0.0010    100.0490      0.0000
     0.0010    100.0490      0.0000
     0.0010    100.0490      0.0000
     0.0010    100.0490      0.0000
     0.0010    100.0490      0.0000
     0.0010    100.0490      0.0000
     0.0010    100.0490      0.0000
     0.0010    100.0490      0.0000
     0.0010    100.0490      0.0000
     0.0010    100.0490      0.0000
     0.0013      1.2108      0.0000
     0.0013      1.2108      0.0000
     0.0013      1.7549      0.0000
     0.0013      1.7549      0.0000
     0.0013      1.7549      0.0000
     0.0013      1.7549      0.0000
     0.0013      4.2213      0.0000
     0.0013      4.2213      0.0000
     0.0013      4.2213      0.0000
     0.0013      4.2213      0.0000
     0.0013      4.2213      0.0000
     0.0013      4.1041      0.0000
     0.0013    100.0493      0.0000
     0.0013    100.0493      0.0000
     0.0013    100.0493      0.0000
     0.0013    100.0493      0.0000
     0.0013    100.0493      0.0000
     0.0013    100.0493      0.0000
     0.0013    100.0493      0.0000
     0.0013    100.0493      0.0000
     0.0016      1.2112      0.0000
     0.0016      1.2112      0.0000
     0.0016      1.2112      0.0000
     0.0016      1.2112      0.0000
     0.0016      1.2112      0.0000
     0.0016      1.7553      0.0000
     0.0016      1.7553      0.0000
     0.0016      1.7553      0.0000
     0.0016      1.7553      0.0000
     0.0016      1.7553      0.0000
     0.0016      1.7553      0.0000
     0.0016      1.7553      0.0000
     0.0016      1.7553      0.0000
     0.0016      1.7553      0.0000
     0.0016      1.7553      0.0000
     0.0016      4.2216      0.0000
     0.0016      4.2216      0.0000
     0.0016      4.2216      0.0000
     0.0016      4.2216      0.0000
     0.0016      4.0458      0.0000
     0.0016      4.2216      0.0000
     0.0016      4.2216      0.0000
     0.0016      4.2216      0.0000
     0.0016      4.1044      0.0000
     0.0016      4.0458      0.0000
     0.0016      4.2216      0.0000
     0.0016      4.2216      0.0000
     0.0016      4.1044      0.0000
     0.0016      4.1044      0.0000
     0.0016      4.0458      0.0000
     0.0016    100.0497      0.0000
     0.0016    100.0497      0.0000
     0.0016    100.0497      0.0000
     0.0016    100.0497      0.0000
     0.0016    100.0497      0.0000
     0.0016    100.0497      0.0000
     0.0016    100.0497      0.0000
     0.0016    100.0497      0.0000
     0.0016    100.0497      0.0000
     0.0016    100.0497      0.0000
     0.0016    100.0497      0.0000
     0.0016    100.0497      0.0000
     0.0016    100.0497      0.0000
     0.0016    100.0497      0.0000
     0.0016    100.0497      0.0000
     0.0016    100.0497      0.0000
     0.0016    100.0497      0.0000
     0.0016    100.0497      0.0000
     0.0016    100.0497      0.0000
     0.0016    100.0497      0.0000
     0.0021      1.2116      0.0000
     0.0021      1.2116      0.0000
     0.0021      1.7557      0.0000
     0.0021      1.7557      0.0000
     0.0021      1.7557      0.0000
     0.0021      1.7557      0.0000
     0.0021      4.2221      0.0000
     0.0021      4.0463      0.0000
     0.0021      4.1049      0.0000
     0.0021      4.0463      0.0000
     0.0021      4.1049      0.0000
     0.0021      4.0463      0.0000
     0.0021    100.0501      0.0000
     0.0021    100.0501      0.0000
     0.0021    100.0501      0.0000
     0.0021    100.0501      0.0000
     0.0021    100.0501      0.0000
     0.0021    100.0501      0.0000
     0.0021    100.0501      0.0000
     0.0021    100.0501      0.0000
     0.0026      1.2122      0.0000
     0.0026      1.2122      0.0000
     0.0026      1.2122      0.0001
     0.0026      1.2122      0.0000
     0.0026      1.2122      0.0000
     0.0026      1.7563      0.0000
     0.0026      1.7563      0.0000
     0.0026      1.7563      0.0000
     0.0026      1.7563      0.0000
     0.0026      1.7563      0.0000
     0.0026      1.7563      0.0000
     0.0026      1.7563      0.0000
     0.0026      1.7563      0.0000
     0.0026      1.7563      0.0000
     0.0026      1.7563      0.0000
     0.0026      4.2227      0.0000
     0.0026      4.2227      0.0000
     0.0026      4.2227      0.0000
     0.0026      4.2227      0.0000
     0.0026      4.0468      0.0000
     0.0026      4.2227      0.0000
     0.0026      4.2227      0.0000
     0.0026      4.2227      0.0000
     0.0026      4.1055      0.0000
     0.0026      4.0468      0.0000
     0.0026      4.2227      0.0000
     0.0026      4.2227      0.0000
     0.0026      4.1055      0.0000
     0.0026      4.1055      0.0000
     0.0026      4.0468      0.0000
     0.0026    100.0507      0.0000
     0.0026    100.0507      0.0000
     0.0026    100.0507      0.0000
     0.0026    100.0507      0.0000
     0.0026    100.0507      0.0000
     0.0026    100.0507      0.0000
     0.0026    100.0507      0.0000
     0.0026    100.0507      0.0000
     0.0026    100.0507      0.0000
     0.0026    100.0507      0.0000
     0.0026    100.0507      0.0000
     0.0026    100.0507      0.0000
     0.0026    100.0507      0.0000
     0.0026    100.0507      0.0000
     0.0026    100.0507      0.0000
     0.0026    100.0507      0.0000
     0.0026    100.0507      0.0000
     0.0026    100.0507      0.0000
     0.0026    100.0507      0.0000
     0.0026    100.0507      0.0000
     0.0030      1.2125      0.0000
     0.0030      1.2125      0.0000
     0.0030      1.2125      0.0000
     0.0030      1.7567      0.0000
     0.0030      1.7567      0.0000
     0.0030      1.7567      0.0000
     0.0030      1.7567      0.0000
     0.0030      1.7567      0.0000
     0.0030      1.7567      0.0000
     0.0030      4.2230      0.0000
     0.0030      4.2230      0.0000
     0.0030      4.2230      0.0000
     0.0030      4.2230      0.0000
     0.0030      4.2230      0.0000
     0.0030      4.2230      0.0000
     0.0030      4.2230      0.0000
     0.0030      4.2230      0.0000
     0.0030      4.2230      0.0000
     0.0030    100.0510      0.0000
     0.0030    100.0510      0.0000
     0.0030    100.0510      0.0000
     0.0030    100.0510      0.0000
     0.0030    100.0510      0.0000
     0.0030    100.0510      0.0000
     0.0030    100.0510      0.0000
     0.0030    100.0510      0.0000
     0.0030    100.0510      0.0000
     0.0030    100.0510      0.0000
     0.0030    100.0510      0.0000
     0.0030    100.0510      0.0000
     0.0043      1.2139      0.0000
     0.0043      1.2139      0.0000
     0.0043      1.2139      0.0003
     0.0043      1.2139      0.0003
     0.0043      1.2139      0.0000
     0.0043      1.7580      0.0000
     0.0043      1.7297      0.0000
     0.0043      1.7297      0.0002
     0.0043      1.7297      0.0003
     0.0043      1.7297      0.0000
     0.0043      1.7580      0.0000
     0.0043      1.7297      0.0000
     0.0043      1.7297      0.0002
     0.0043      1.7297      0.0002
     0.0043      1.7297      0.0000
     0.0043      4.2244      0.0000
     0.0043      4.2244      0.0000
     0.0043      4.2244      0.0002
     0.0043      4.2244      0.0002
     0.0043      4.0485      0.0000
     0.0043      4.2244      0.0000
     0.0043      4.2244      0.0000
     0.0043      4.2244      0.0001
     0.0043      4.1072      0.0001
     0.0043      4.0485      0.0000
     0.0043      4.2244      0.0000
     0.0043      4.2244      0.0000
     0.0043      4.2244      0.0001
     0.0043      4.1072      0.0001
     0.0043      4.0485      0.0000
     0.0043    100.0524      0.0000
     0.0043    100.0524      0.0000
     0.0043    100.0524      0.0000
     0.0043    100.0524      0.0000
     0.0043    100.0524      0.0000
     0.0043    100.0524      0.0000
     0.0043    100.0524      0.0000
     0.0043    100.0524      0.0000
     0.0043    100.0524      0.0000
     0.0043    100.0524      0.0000
     0.0043    100.0524      0.0000
     0.0043    100.0524      0.0000
     0.0043    100.0524      0.0000
     0.0043    100.0524      0.0000
     0.0043    100.0524      0.0000
     0.0043    100.0524      0.0000
     0.0043    100.0524      0.0000
     0.0043    100.0524      0.0000
     0.0043    100.0524      0.0000
     0.0043    100.0524      0.0000
     0.0049      1.2145      0.0000
     0.0049      1.2145      0.0000
     0.0049      1.7303      0.0000
     0.0049      1.7303      0.0000
     0.0049      1.7303      0.0000
     0.0049      1.7303      0.0000
     0.0049      4.2250      0.0000
     0.0049      4.0491      0.0000
     0.0049      4.1077      0.0000
     0.0049      4.0491      0.0000
     0.0049      4.1077      0.0000
     0.0049      4.0491      0.0000
     0.0049    100.0530      0.0000
     0.0049    100.0530      0.0000
     0.0049    100.0530      0.0000
     0.0049    100.0530      0.0000
     0.0049    100.0530      0.0000
     0.0049    100.0530      0.0000
     0.0049    100.0530      0.0000
     0.0049    100.0530      0.0000
     0.0056      1.2151      0.0000
     0.0056      1.2151      0.0000
     0.0056      1.2151      0.0000
     0.0056      1.2151      0.0000
     0.0056      1.7310      0.0000
     0.0056      1.7310      0.0000
     0.0056      1.7310      0.0000
     0.0056      1.7310      0.0000
     0.0056      1.7310      0.0000
     0.0056      1.7310      0.0000
     0.0056      1.7310      0.0000
     0.0056      1.7310      0.0000
     0.0056      4.2256      0.0000
     0.0056      4.2256      0.0000
     0.0056      4.2256      0.0000
     0.0056      4.0498      0.0000
     0.0056      4.2256      0.0000
     0.0056      4.2256      0.0000
     0.0056      4.1084      0.0000
     0.0056      4.0498      0.0000
     0.0056      4.2256      0.0000
     0.0056      4.2256      0.0000
     0.0056      4.1084      0.0000
     0.0056      4.0498      0.0000
     0.0056    100.0536      0.0000
     0.0056    100.0536      0.0000
     0.0056    100.0536      0.0000
     0.0056    100.0536      0.0000
     0.0056    100.0536      0.0000
     0.0056    100.0536      0.0000
     0.0056    100.0536      0.0000
     0.0056    100.0536      0.0000
     0.0056    100.0536      0.0000
     0.0056    100.0536      0.0000
     0.0056    100.0536      0.0000
     0.0056    100.0536      0.0000
     0.0056    100.0536      0.0000
     0.0056    100.0536      0.0000
     0.0056    100.0536      0.0000
     0.0056    100.0536      0.0000
     0.0071      1.1969      0.0000
     0.0071      1.1969      0.0004
     0.0071      1.1969      0.0013
     0.0071      1.1969      0.0001
     0.0071      1.1969      0.0000
     0.0071      1.7325      0.0000
     0.0071      1.7325      0.0003
     0.0071      1.7325      0.0011
     0.0071      1.7325      0.0001
     0.0071      1.7325      0.0000
     0.0071      1.7325      0.0000
     0.0071      1.7325      0.0002
     0.0071      1.7325      0.0007
     0.0071      1.7325      0.0001
     0.0071      1.7325      0.0000
     0.0071      4.2272      0.0000
     0.0071      4.2272      0.0002
     0.0071      4.2272      0.0007
     0.0071      4.2272      0.0001
     0.0071      4.0513      0.0000
     0.0071      4.2272      0.0000
     0.0071      4.2272      0.0001
     0.0071      4.2272      0.0005
     0.0071      4.2272      0.0000
     0.0071      4.0513      0.0000
     0.0071      4.2272      0.0000
     0.0071      4.2272      0.0001
     0.0071      4.2272      0.0005
     0.0071      4.1099      0.0000
     0.0071      4.0513      0.0000
     0.0071    100.0552      0.0000
     0.0071    100.0552      0.0000
     0.0071    100.0552      0.0000
     0.0071    100.0552      0.0000
     0.0071    100.0552      0.0000
     0.0071    100.0552      0.0000
     0.0071    100.0552      0.0000
     0.0071    100.0552      0.0000
     0.0071    100.0552      0.0000
     0.0071    100.0552      0.0000
     0.0071    100.0552      0.0000
     0.0071    100.0552      0.0000
     0.0071    100.0552      0.0000
     0.0071    100.0552      0.0000
     0.0071    100.0552      0.0000
     0.0071    100.0552      0.0000
     0.0071    100.0552      0.0000
     0.0071    100.0552      0.0000
     0.0071    100.0552      0.0000
     0.0071    100.0552      0.0000
     0.0081      1.1978      0.0000
     0.0081      1.1978      0.0000
     0.0081      1.1978      0.0000
     0.0081      1.7335      0.0000
     0.0081      1.7335      0.0000
     0.0081      1.7335      0.0000
     0.0081      1.7335      0.0000
     0.0081      1.7335      0.0000
     0.0081      1.7335      0.0000
     0.0081      4.2281      0.0000
     0.0081      4.2281      0.0000
     0.0081      4.2281      0.0000
     0.0081      4.2281      0.0000
     0.0081      4.2281      0.0000
     0.0081      4.2281      0.0000
     0.0081      4.2281      0.0000
     0.0081      4.2281      0.0000
     0.0081      4.2281      0.0000
     0.0081    100.0561      0.0000
     0.0081    100.0561      0.0000
     0.0081    100.0561      0.0000
     0.0081    100.0561      0.0000
     0.0081    100.0561      0.0000
     0.0081    100.0561      0.0000
     0.0081    100.0561      0.0000
     0.0081    100.0561      0.0000
     0.0081    100.0561      0.0000
     0.0081    100.0561      0.0000
     0.0081    100.0561      0.0000
     0.0081    100.0561      0.0000
     0.0091      1.1989      0.0000
     0.0091      1.1989      0.0000
     0.0091      1.7345      0.0000
     0.0091      1.7345      0.0000
     0.0091      1.7345      0.0000
     0.0091      1.7345      0.0000
     0.0091      4.2292      0.0000
     0.0091      4.2292      0.0000
     0.0091      4.2292      0.0000
     0.0091      4.2292      0.0000
     0.0091      4.2292      0.0000
     0.0091      4.2292      0.0000
     0.0091    100.0572      0.0000
     0.0091    100.0572      0.0000
     0.0091    100.0572      0.0000
     0.0091    100.0572      0.0000
     0.0091    100.0572      0.0000
     0.0091    100.0572      0.0000
     0.0091    100.0572      0.0000
     0.0091    100.0572      0.0000
     0.0358      0.5613      0.0000
     0.0358      0.5613      0.0002
     0.0358      0.5613      0.0007
     0.0358      0.5613      0.0004
     0.0358      0.5613      0.0000
     0.0358      1.1661      0.0000
     0.0358      1.1661      0.0001
     0.0358      1.1661      0.0005
     0.0358      1.1661      0.0003
     0.0358      1.1661      0.0000
     0.0358      1.7047      0.0000
     0.0358      1.7047      0.0001
     0.0358      1.7047      0.0005
     0.0358      1.7047      0.0002
     0.0358      1.7047      0.0000
     0.0358      1.7047      0.0000
     0.0358      1.7047      0.0001
     0.0358      1.7047      0.0003
     0.0358      1.7047      0.0002
     0.0358      1.7047      0.0000
     0.0358      4.1387      0.0000
     0.0358      4.1387      0.0001
     0.0358      4.1387      0.0003
     0.0358      4.1387      0.0002
     0.0358      4.1387      0.0000
     0.0358      4.1387      0.0000
     0.0358      4.1387      0.0000
     0.0358      4.1387      0.0002
     0.0358      4.1387      0.0001
     0.0358      4.1387      0.0000
     0.0358      4.1387      0.0000
     0.0358      4.1387      0.0000
     0.0358      4.1387      0.0002
     0.0358      4.1387      0.0001
     0.0358      4.1387      0.0000
     0.0358    101.4544      0.0000
     0.0358    101.4544      0.0000
     0.0358    101.4544      0.0000
     0.0358    101.4544      0.0000
     0.0358    101.4544      0.0000
     0.0358    101.4544      0.0000
     0.0358    101.4544      0.0000
     0.0358    101.4544      0.0000
     0.0358    101.4544      0.0000
     0.0358    101.4544      0.0000
     0.0358    101.4544      0.0000
     0.0358    101.4544      0.0000
     0.0358    101.4544      0.0000
     0.0358    101.4544      0.0000
     0.0358    101.4544      0.0000
     0.0358    101.4544      0.0000
     0.0358    101.4544      0.0000
     0.0358    101.4544      0.0000
     0.0358    101.4544      0.0000
     0.0358    101.4544      0.0000
     0.0459      0.5516      0.0000
     0.0459      0.5516      0.0000
     0.0459      0.5516      0.0002
     0.0459      0.5516      0.0002
     0.0459      0.5516      0.0000
     0.0459      1.1564      0.0000
     0.0459      1.1564      0.0000
     0.0459      1.1564      0.0001
     0.0459      1.1564      0.0001
     0.0459      1.1564      0.0000
     0.0459      1.1564      0.0000
     0.0459      1.1564      0.0000
     0.0459      1.1564      0.0001
     0.0459      1.1564      0.0001
     0.0459      1.1564      0.0000
     0.0459      1.6865      0.0000
     0.0459      1.6865      0.0000
     0.0459      1.6865      0.0001
     0.0459      1.6865      0.0001
     0.0459      1.6865      0.0000
     0.0459      1.6865      0.0000
     0.0459      1.6865      0.0000
     0.0459      1.6865      0.0001
     0.0459      1.6865      0.0001
     0.0459      1.6865      0.0000
     0.0459      4.1488      0.0000
     0.0459      4.1488      0.0000
     0.0459      4.1488      0.0001
     0.0459      4.1488      0.0001
     0.0459      4.0901      0.0000
     0.0459      4.1488      0.0000
     0.0459      4.1488      0.0000
     0.0459      4.1488      0.0001
     0.0459      4.1488      0.0001
     0.0459      4.0901      0.0000
     0.0459      4.1488      0.0000
     0.0459      4.1488      0.0000
     0.0459      4.1488      0.0001
     0.0459      4.1488      0.0001
     0.0459      4.0901      0.0000
     0.0459    101.4645      0.0000
     0.0459    101.4645      0.0000
     0.0459    101.4645      0.0000
     0.0459    101.4645      0.0000
     0.0459    101.4645      0.0000
     0.0459    101.4645      0.0000
     0.0459    101.4645      0.0000
     0.0459    101.4645      0.0000
     0.0459    101.4645      0.0000
     0.0459    101.4645      0.0000
     0.0459    101.4645      0.0000
     0.0459    101.4645      0.0000
     0.0459    101.4645      0.0000
     0.0459    101.4645      0.0000
     0.0459    101.4645      0.0000
     0.0459    101.4645      0.0000
     0.0459    101.4645      0.0000
     0.0459    101.4645      0.0000
     0.0459    101.4645      0.0000
     0.0459    101.4645      0.0000
     0.0520      0.5477      0.0000
     0.0520      0.5477      0.0000
     0.0520      0.5477      0.0003
     0.0520      0.5477      0.0002
     0.0520      0.5477      0.0000
     0.0520      1.1624      0.0000
     0.0520      1.1624      0.0000
     0.0520      1.1624      0.0002
     0.0520      1.1624      0.0001
     0.0520      1.1624      0.0000
     0.0520      1.1624      0.0000
     0.0520      1.1624      0.0000
     0.0520      1.1624      0.0001
     0.0520      1.1624      0.0001
     0.0520      1.1624      0.0000
     0.0520      1.6926      0.0000
     0.0520      1.6926      0.0000
     0.0520      1.6926      0.0002
     0.0520      1.6926      0.0001
     0.0520      1.6926      0.0000
     0.0520      1.6926      0.0000
     0.0520      1.6926      0.0000
     0.0520      1.6926      0.0001
     0.0520      1.6926      0.0001
     0.0520      1.6926      0.0000
     0.0520      4.0962      0.0000
     0.0520      4.0962      0.0000
     0.0520      4.0962      0.0001
     0.0520      4.0962      0.0001
     0.0520      4.0962      0.0000
     0.0520      4.0962      0.0000
     0.0520      4.0962      0.0000
     0.0520      4.0962      0.0001
     0.0520      4.0962      0.0001
     0.0520      4.0962      0.0000
     0.0520      4.0962      0.0000
     0.0520      4.0962      0.0000
     0.0520      4.0962      0.0001
     0.0520      4.0962      0.0001
     0.0520      4.0962      0.0000
     0.0520    101.4706      0.0000
     0.0520    101.4706      0.0000
     0.0520    101.4706      0.0000
     0.0520    101.4706      0.0000
     0.0520    101.4706      0.0000
     0.0520    101.4706      0.0000
     0.0520    101.4706      0.0000
     0.0520    101.4706      0.0000
     0.0520    101.4706      0.0000
     0.0520    101.4706      0.0000
     0.0520    101.4706      0.0000
     0.0520    101.4706      0.0000
     0.0520    101.4706      0.0000
     0.0520    101.4706      0.0000
     0.0520    101.4706      0.0000
     0.0520    101.4706      0.0000
     0.0520    101.4706      0.0000
     0.0520    101.4706      0.0000
     0.0520    101.4706      0.0000
     0.0520    101.4706      0.0000
     0.0589      0.5447      0.0000
     0.0589      0.5447      0.0001
     0.0589      0.5447      0.0006
     0.0589      0.5447      0.0007
     0.0589      0.5447      0.0000
     0.0589      1.1495      0.0000
     0.0589      1.1495      0.0000
     0.0589      1.1495      0.0004
     0.0589      1.1495      0.0005
     0.0589      1.1495      0.0000
     0.0589      1.1495      0.0000
     0.0589      1.1495      0.0000
     0.0589      1.1495      0.0003
     0.0589      1.1495      0.0003
     0.0589      1.1495      0.0000
     0.0589      1.6711      0.0000
     0.0589      1.6711      0.0000
     0.0589      1.6711      0.0004
     0.0589      1.6711      0.0005
     0.0589      1.6711      0.0000
     0.0589      1.6711      0.0000
     0.0589      1.6711      0.0000
     0.0589      1.6711      0.0003
     0.0589      1.6711      0.0003
     0.0589      1.6711      0.0000
     0.0589      4.2789      0.0000
     0.0589      4.1031      0.0000
     0.0589      4.1031      0.0003
     0.0589      4.1031      0.0003
     0.0589      4.1031      0.0000
     0.0589      4.1031      0.0000
     0.0589      4.1031      0.0000
     0.0589      4.1031      0.0002
     0.0589      4.1031      0.0002
     0.0589      4.1031      0.0000
     0.0589      4.1031      0.0000
     0.0589      4.1031      0.0000
     0.0589      4.1031      0.0002
     0.0589      4.1031      0.0002
     0.0589      4.1031      0.0000
     0.0589    101.4775      0.0000
     0.0589    101.4775      0.0000
     0.0589    101.4775      0.0000
     0.0589    101.4775      0.0000
     0.0589    101.4775      0.0000
     0.0589    101.4775      0.0000
     0.0589    101.4775      0.0000
     0.0589    101.4775      0.0000
     0.0589    101.4775      0.0000
     0.0589    101.4775      0.0000
     0.0589    101.4775      0.0000
     0.0589    101.4775      0.0000
     0.0589    101.4775      0.0000
     0.0589    101.4775      0.0000
     0.0589    101.4775      0.0000
     0.0589    101.4775      0.0000
     0.0589    101.4775      0.0000
     0.0589    101.4775      0.0000
     0.0589    101.4775      0.0000
     0.0589    101.4775      0.0000
     0.0667      0.5426      0.0000
     0.0667      0.5426      0.0006
     0.0667      0.5426      0.0030
     0.0667      0.5426      0.0015
     0.0667      0.5426      0.0001
     0.0667      1.1374      0.0000
     0.0667      1.1374      0.0004
     0.0667      1.1374      0.0020
     0.0667      1.1374      0.0010
     0.0667      1.1374      0.0000
     0.0667      1.1374      0.0000
     0.0667      1.1374      0.0003
     0.0667      1.1374      0.0014
     0.0667      1.1374      0.0007
     0.0667      1.1374      0.0000
     0.0667      1.6789      0.0000
     0.0667      1.6789      0.0003
     0.0667      1.6789      0.0018
     0.0667      1.6789      0.0009
     0.0667      1.6789      0.0000
     0.0667      1.6789      0.0000
     0.0667      1.6789      0.0002
     0.0667      1.6789      0.0012
     0.0667      1.6789      0.0006
     0.0667      1.6789      0.0000
     0.0667      4.2867      0.0000
     0.0667      4.2867      0.0002
     0.0667      4.1109      0.0013
     0.0667      4.1109      0.0006
     0.0667      4.0523      0.0000
     0.0667      4.2867      0.0000
     0.0667      4.1109      0.0002
     0.0667      4.1109      0.0009
     0.0667      4.1109      0.0004
     0.0667      4.0523      0.0000
     0.0667      4.2867      0.0000
     0.0667      4.1109      0.0002
     0.0667      4.1109      0.0008
     0.0667      4.1109      0.0004
     0.0667      4.0523      0.0000
     0.0667    101.4853      0.0000
     0.0667    101.4853      0.0000
     0.0667    101.4853      0.0000
     0.0667    101.4853      0.0000
     0.0667    101.4853      0.0000
     0.0667    101.4853      0.0000
     0.0667    101.4853      0.0000
     0.0667    101.4853      0.0000
     0.0667    101.4853      0.0000
     0.0667    101.4853      0.0000
     0.0667    101.4853      0.0000
     0.0667    101.4853      0.0000
     0.0667    101.4853      0.0000
     0.0667    101.4853      0.0000
     0.0667    101.4853      0.0000
     0.0667    101.4853      0.0000
     0.0667    101.4853      0.0000
     0.0667    101.4853      0.0000
     0.0667    101.4853      0.0000
     0.0667    101.4853      0.0000
     0.0968      0.5330      0.0000
     0.0968      0.5330      0.0001
     0.0968      0.5330      0.0004
     0.0968      0.5330      0.0003
     0.0968      0.5330      0.0000
     0.0968      1.1279      0.0000
     0.0968      1.1279      0.0000
     0.0968      1.1279      0.0003
     0.0968      1.1080      0.0002
     0.0968      1.1080      0.0000
     0.0968      1.1279      0.0000
     0.0968      1.1279      0.0000
     0.0968      1.1279      0.0002
     0.0968      1.1080      0.0001
     0.0968      1.1080      0.0000
     0.0968      1.6807      0.0000
     0.0968      1.7090      0.0000
     0.0968      1.6525      0.0003
     0.0968      1.6525      0.0002
     0.0968      1.6525      0.0000
     0.0968      1.6525      0.0000
     0.0968      1.6525      0.0000
     0.0968      1.6525      0.0002
     0.0968      1.6525      0.0001
     0.0968      1.6525      0.0000
     0.0968      1.6525      0.0000
     0.0968      1.6525      0.0000
     0.0968      1.6525      0.0002
     0.0968      1.6525      0.0001
     0.0968      1.6525      0.0000
     0.0968      4.1996      0.0000
     0.0968      4.1996      0.0000
     0.0968      4.1996      0.0002
     0.0968      4.1996      0.0001
     0.0968      4.1410      0.0000
     0.0968      4.1996      0.0000
     0.0968      4.1996      0.0000
     0.0968      4.1996      0.0001
     0.0968      4.1996      0.0001
     0.0968      4.1410      0.0000
     0.0968      4.1996      0.0000
     0.0968      4.1996      0.0000
     0.0968      4.1996      0.0001
     0.0968      4.1996      0.0001
     0.0968      4.0824      0.0000
     0.0968    101.5153      0.0000
     0.0968    101.5153      0.0000
     0.0968    101.5153      0.0000
     0.0968    101.5153      0.0000
     0.0968    101.5153      0.0000
     0.0968    101.5153      0.0000
     0.0968    101.5153      0.0000
     0.0968    101.5153      0.0000
     0.0968    101.5153      0.0000
     0.0968    101.5153      0.0000
     0.0968    101.5153      0.0000
     0.0968    101.5153      0.0000
     0.0968    101.5153      0.0000
     0.0968    101.5153      0.0000
     0.0968    101.5153      0.0000
     0.0968    101.5153      0.0000
     0.0968    101.5153      0.0000
     0.0968    101.5153      0.0000
     0.0968    101.5153      0.0000
     0.0968    101.5153      0.0000
     0.1096      0.5359      0.0000
     0.1096      0.5359      0.0004
     0.1096      0.5359      0.0026
     0.1096      0.5359      0.0018
     0.1096      0.5359      0.0001
     0.1096      1.1010      0.0000
     0.1096      1.1010      0.0003
     0.1096      1.1010      0.0017
     0.1096      1.1010      0.0012
     0.1096      1.1010      0.0001
     0.1096      1.1010      0.0000
     0.1096      1.1010      0.0002
     0.1096      1.1010      0.0012
     0.1096      1.1010      0.0008
     0.1096      1.1010      0.0001
     0.1096      1.6935      0.0000
     0.1096      1.6935      0.0002
     0.1096      1.6935      0.0016
     0.1096      1.6935      0.0011
     0.1096      1.6935      0.0001
     0.1096      1.6653      0.0000
     0.1096      1.6935      0.0002
     0.1096      1.6935      0.0011
     0.1096      1.6935      0.0008
     0.1096      1.6935      0.0000
     0.1096      1.6653      0.0000
     0.1096      1.6935      0.0002
     0.1096      1.6935      0.0010
     0.1096      1.6935      0.0007
     0.1096      1.6370      0.0000
     0.1096      4.2710      0.0000
     0.1096      4.2710      0.0002
     0.1096      4.1538      0.0012
     0.1096      4.1538      0.0008
     0.1096      4.1538      0.0000
     0.1096      4.2710      0.0000
     0.1096      4.1538      0.0001
     0.1096      4.1538      0.0008
     0.1096      4.1538      0.0006
     0.1096      4.1538      0.0000
     0.1096      4.1538      0.0000
     0.1096      4.1538      0.0001
     0.1096      4.1538      0.0007
     0.1096      4.1538      0.0005
     0.1096      4.1538      0.0000
     0.1096    101.5281      0.0000
     0.1096    101.5281      0.0000
     0.1096    101.5281      0.0000
     0.1096    101.5281      0.0000
     0.1096    101.5281      0.0000
     0.1096    101.5281      0.0000
     0.1096    101.5281      0.0000
     0.1096    101.5281      0.0000
     0.1096    101.5281      0.0000
     0.1096    101.5281      0.0000
     0.1096    101.5281      0.0000
     0.1096    101.5281      0.0000
     0.1096    101.5281      0.0000
     0.1096    101.5281      0.0000
     0.1096    101.5281      0.0000
     0.1096    101.5281      0.0000
     0.1096    101.5281      0.0000
     0.1096    101.5281      0.0000
     0.1096    101.5281      0.0000
     0.1096    101.5281      0.0000
     0.1241      0.5305      0.0000
     0.1241      0.5305      0.0001
     0.1241      0.5305      0.0009
     0.1241      0.5305      0.0010
     0.1241      0.5305      0.0001
     0.1241      1.0957      0.0000
     0.1241      1.0957      0.0001
     0.1241      1.0957      0.0006
     0.1241      1.0957      0.0007
     0.1241      1.0957      0.0000
     0.1241      1.0957      0.0000
     0.1241      1.0957      0.0000
     0.1241      1.0957      0.0004
     0.1241      1.0957      0.0004
     0.1241      1.0957      0.0000
     0.1241      1.7080      0.0000
     0.1241      1.6797      0.0001
     0.1241      1.6797      0.0006
     0.1241      1.6797      0.0006
     0.1241      1.6797      0.0000
     0.1241      1.6797      0.0000
     0.1241      1.6797      0.0000
     0.1241      1.6797      0.0004
     0.1241      1.6797      0.0004
     0.1241      1.6797      0.0000
     0.1241      1.6797      0.0000
     0.1241      1.6797      0.0000
     0.1241      1.6797      0.0003
     0.1241      1.6797      0.0004
     0.1241      1.6797      0.0000
     0.1241      4.2269      0.0000
     0.1241      4.2269      0.0000
     0.1241      4.2269      0.0004
     0.1241      4.1096      0.0004
     0.1241      4.1096      0.0000
     0.1241      4.2269      0.0000
     0.1241      4.2269      0.0000
     0.1241      4.1096      0.0003
     0.1241      4.1096      0.0003
     0.1241      4.1096      0.0000
     0.1241      4.2269      0.0000
     0.1241      4.2269      0.0000
     0.1241      4.1096      0.0002
     0.1241      4.1096      0.0003
     0.1241      4.1096      0.0000
     0.1241    101.5426      0.0000
     0.1241    101.5426      0.0000
     0.1241    101.5426      0.0000
     0.1241    101.5426      0.0000
     0.1241    101.5426      0.0000
     0.1241    101.5426      0.0000
     0.1241    101.5426      0.0000
     0.1241    101.5426      0.0000
     0.1241    101.5426      0.0000
     0.1241    101.5426      0.0000
     0.1241    101.5426      0.0000
     0.1241    101.5426      0.0000
     0.1241    101.5426      0.0000
     0.1241    101.5426      0.0000
     0.1241    101.5426      0.0000
     0.1241    101.5426      0.0000
     0.1241    101.5426      0.0000
     0.1241    101.5426      0.0000
     0.1241    101.5426      0.0000
     0.1241    101.5426      0.0000
     0.1405      1.0922      0.0000
     0.1405      1.0922      0.0000
     0.1405      1.0922      0.0007
     0.1405      1.0922      0.0007
     0.1405      1.0922      0.0001
     0.1405      1.0922      0.0000
     0.1405      1.0922      0.0000
     0.1405      1.0922      0.0005
     0.1405      1.0922      0.0005
     0.1405      1.0922      0.0000
     0.1405      1.6679      0.0000
     0.1405      1.6679      0.0000
     0.1405      1.6679      0.0006
     0.1405      1.6679      0.0006
     0.1405      1.6679      0.0001
     0.1405      1.6679      0.0000
     0.1405      1.6679      0.0000
     0.1405      1.6679      0.0004
     0.1405      1.6679      0.0004
     0.1405      1.6679      0.0000
     0.1405      1.6679      0.0000
     0.1405      1.6679      0.0000
     0.1405      1.6679      0.0004
     0.1405      1.6679      0.0004
     0.1405      1.6679      0.0000
     0.1405      4.1847      0.0000
     0.1405      4.1847      0.0000
     0.1405      4.1847      0.0004
     0.1405      4.1847      0.0004
     0.1405      4.0674      0.0000
     0.1405      4.1847      0.0000
     0.1405      4.1847      0.0000
     0.1405      4.1847      0.0003
     0.1405      4.1260      0.0003
     0.1405      4.0674      0.0000
     0.1405      4.1847      0.0000
     0.1405      4.1847      0.0000
     0.1405      4.1847      0.0003
     0.1405      4.1260      0.0003
     0.1405      4.0674      0.0000
     0.1405    101.5590      0.0000
     0.1405    101.5590      0.0000
     0.1405    101.5590      0.0000
     0.1405    101.5590      0.0000
     0.1405    101.5590      0.0000
     0.1405    101.5590      0.0000
     0.1405    101.5590      0.0000
     0.1405    101.5590      0.0000
     0.1405    101.5590      0.0000
     0.1405    101.5590      0.0000
     0.1405    101.5590      0.0000
     0.1405    101.5590      0.0000
     0.1405    101.5590      0.0000
     0.1405    101.5590      0.0000
     0.1405    101.5590      0.0000
     0.1405    101.5590      0.0000
     0.1405    101.5590      0.0000
     0.1405    101.5590      0.0000
     0.1405    101.5590      0.0000
     0.1405    101.5590      0.0000
     0.1590      1.0910      0.0000
     0.1590      1.0910      0.0000
     0.1590      1.0910      0.0004
     0.1590      1.0910      0.0005
     0.1590      1.0910      0.0001
     0.1590      1.0910      0.0000
     0.1590      1.0910      0.0000
     0.1590      1.0910      0.0003
     0.1590      1.0910      0.0003
     0.1590      1.0712      0.0000
     0.1590      1.6581      0.0000
     0.1590      1.6581      0.0000
     0.1590      1.6864      0.0003
     0.1590      1.6864      0.0005
     0.1590      1.6864      0.0001
     0.1590      1.6581      0.0000
     0.1590      1.6581      0.0000
     0.1590      1.6581      0.0002
     0.1590      1.6581      0.0003
     0.1590      1.6581      0.0000
     0.1590      1.6581      0.0000
     0.1590      1.6581      0.0000
     0.1590      1.6581      0.0002
     0.1590      1.6581      0.0003
     0.1590      1.6581      0.0000
     0.1590      4.1446      0.0000
     0.1590      4.1446      0.0000
     0.1590      4.1446      0.0002
     0.1590      4.1446      0.0003
     0.1590      4.1446      0.0000
     0.1590      4.1446      0.0000
     0.1590      4.1446      0.0000
     0.1590      4.1446      0.0002
     0.1590      4.1446      0.0002
     0.1590      4.1446      0.0000
     0.1590      4.1446      0.0000
     0.1590      4.1446      0.0000
     0.1590      4.1446      0.0001
     0.1590      4.1446      0.0002
     0.1590      4.0274      0.0000
     0.1590    101.5776      0.0000
     0.1590    101.5776      0.0000
     0.1590    101.5776      0.0000
     0.1590    101.5776      0.0000
     0.1590    101.5776      0.0000
     0.1590    101.5776      0.0000
     0.1590    101.5776      0.0000
     0.1590    101.5776      0.0000
     0.1590    101.5776      0.0000
     0.1590    101.5776      0.0000
     0.1590    101.5776      0.0000
     0.1590    101.5776      0.0000
     0.1590    101.5776      0.0000
     0.1590    101.5776      0.0000
     0.1590    101.5776      0.0000
     0.1590    101.5776      0.0000
     0.1590    101.5776      0.0000
     0.1590    101.5776      0.0000
     0.1590    101.5776      0.0000
     0.1590    101.5776      0.0000
     0.1801      1.1120      0.0000
     0.1801      1.1120      0.0003
     0.1801      1.0922      0.0003
     0.1801      1.0922      0.0000
     0.1801      1.0922      0.0000
     0.1801      1.0922      0.0002
     0.1801      1.0922      0.0002
     0.1801      1.0724      0.0000
     0.1801      1.7075      0.0000
     0.1801      1.6792      0.0003
     0.1801      1.6792      0.0003
     0.1801      1.6792      0.0000
     0.1801      1.6509      0.0000
     0.1801      1.6792      0.0002
     0.1801      1.6792      0.0002
     0.1801      1.6792      0.0000
     0.1801      1.6509      0.0000
     0.1801      1.6792      0.0002
     0.1801      1.6792      0.0002
     0.1801      1.6792      0.0000
     0.1801      4.1070      0.0000
     0.1801      4.1070      0.0002
     0.1801      4.1070      0.0002
     0.1801      4.1070      0.0000
     0.1801      4.1070      0.0000
     0.1801      4.1070      0.0001
     0.1801      4.1070      0.0001
     0.1801      4.1070      0.0000
     0.1801      4.1070      0.0000
     0.1801      4.1070      0.0001
     0.1801      4.1070      0.0001
     0.1801      4.1070      0.0000
     0.1801    101.5986      0.0000
     0.1801    101.5986      0.0000
     0.1801    101.5986      0.0000
     0.1801    101.5986      0.0000
     0.1801    101.5986      0.0000
     0.1801    101.5986      0.0000
     0.1801    101.5986      0.0000
     0.1801    101.5986      0.0000
     0.1801    101.5986      0.0000
     0.1801    101.5986      0.0000
     0.1801    101.5986      0.0000
     0.1801    101.5986      0.0000
     0.1801    101.5986      0.0000
     0.1801    101.5986      0.0000
     0.1801    101.5986      0.0000
     0.1801    101.5986      0.0000
     0.2039      1.1160      0.0000
     0.2039      1.1160      0.0003
     0.2039      1.1160      0.0022
     0.2039      1.1160      0.0021
     0.2039      1.1160      0.0003
     0.2039      1.0962      0.0000
     0.2039      1.0962      0.0002
     0.2039      1.1160      0.0015
     0.2039      1.1160      0.0014
     0.2039      1.0962      0.0002
     0.2039      1.7030      0.0000
     0.2039      1.7030      0.0003
     0.2039      1.6747      0.0019
     0.2039      1.6747      0.0018
     0.2039      1.6747      0.0002
     0.2039      1.7030      0.0000
     0.2039      1.6747      0.0002
     0.2039      1.6747      0.0013
     0.2039      1.6747      0.0012
     0.2039      1.6747      0.0002
     0.2039      1.7030      0.0000
     0.2039      1.6747      0.0002
     0.2039      1.6747      0.0011
     0.2039      1.6747      0.0011
     0.2039      1.6747      0.0001
     0.2039      4.1895      0.0000
     0.2039      4.1895      0.0002
     0.2039      4.1895      0.0014
     0.2039      4.1895      0.0013
     0.2039      4.0136      0.0002
     0.2039      4.1895      0.0000
     0.2039      4.1895      0.0001
     0.2039      4.1895      0.0009
     0.2039      4.1895      0.0009
     0.2039      4.0136      0.0001
     0.2039      4.1895      0.0000
     0.2039      4.1895      0.0001
     0.2039      4.1895      0.0008
     0.2039      4.0722      0.0008
     0.2039      4.0136      0.0001
     0.2039    101.6224      0.0000
     0.2039    101.6224      0.0000
     0.2039    101.6224      0.0000
     0.2039    101.6224      0.0000
     0.2039    101.6224      0.0000
     0.2039    101.6224      0.0000
     0.2039    101.6224      0.0000
     0.2039    101.6224      0.0000
     0.2039    101.6224      0.0000
     0.2039    101.6224      0.0000
     0.2039    101.6224      0.0000
     0.2039    101.6224      0.0000
     0.2039    101.6224      0.0000
     0.2039    101.6224      0.0000
     0.2039    101.6224      0.0000
     0.2039    101.6224      0.0000
     0.2039    101.6224      0.0000
     0.2039    101.6224      0.0000
     0.2039    101.6224      0.0000
     0.2039    101.6224      0.0000
     0.2308      1.1033      0.0000
     0.2308      1.1033      0.0000
     0.2308      1.1033      0.0008
     0.2308      1.1033      0.0013
     0.2308      1.1033      0.0003
     0.2308      1.1033      0.0000
     0.2308      1.1033      0.0000
     0.2308      1.1033      0.0005
     0.2308      1.1033      0.0009
     0.2308      1.1033      0.0002
     0.2308      1.1033      0.0000
     0.2308      1.1033      0.0000
     0.2308      1.1033      0.0005
     0.2308      1.1033      0.0008
     0.2308      1.1033      0.0002
     0.2308      1.7016      0.0000
     0.2308      1.7016      0.0000
     0.2308      1.7016      0.0007
     0.2308      1.6734      0.0011
     0.2308      1.6734      0.0002
     0.2308      1.7016      0.0000
     0.2308      1.7016      0.0000
     0.2308      1.6734      0.0005
     0.2308      1.6734      0.0008
     0.2308      1.6734      0.0002
     0.2308      1.7016      0.0000
     0.2308      1.6734      0.0000
     0.2308      1.6734      0.0004
     0.2308      1.6734      0.0007
     0.2308      1.6734      0.0001
     0.2308      4.0992      0.0000
     0.2308      4.0992      0.0000
     0.2308      4.0992      0.0005
     0.2308      4.0992      0.0008
     0.2308      4.0992      0.0002
     0.2308      4.0992      0.0000
     0.2308      4.0992      0.0000
     0.2308      4.0992      0.0003
     0.2308      4.0992      0.0006
     0.2308      4.0992      0.0001
     0.2308      4.0992      0.0000
     0.2308      4.0992      0.0003
     0.2308      4.0992      0.0005
     0.2308      4.0992      0.0001
     0.2308    100.2789      0.0000
     0.2308    100.2789      0.0000
     0.2308    100.2789      0.0000
     0.2308    100.2789      0.0000
     0.2308    100.2789      0.0000
     0.2308    100.2789      0.0000
     0.2308    100.2789      0.0000
     0.2308    100.2789      0.0000
     0.2308    100.2789      0.0000
     0.2308    100.2789      0.0000
     0.2308    100.2789      0.0000
     0.2308    100.2789      0.0000
     0.2308    100.2789      0.0000
     0.2308    100.2789      0.0000
     0.2308    100.2789      0.0000
     0.2308    100.2789      0.0000
     0.2308    100.2789      0.0000
     0.2308    100.2789      0.0000
     0.2308    100.2789      0.0000
     0.2308    100.2789      0.0000
     0.2613      1.1338      0.0000
     0.2613      1.1140      0.0000
     0.2613      1.1338      0.0001
     0.2613      1.1338      0.0002
     0.2613      1.1338      0.0001
     0.2613      1.1140      0.0000
     0.2613      1.1140      0.0000
     0.2613      1.1140      0.0000
     0.2613      1.1140      0.0001
     0.2613      1.1140      0.0000
     0.2613      1.1140      0.0000
     0.2613      1.1140      0.0000
     0.2613      1.1140      0.0000
     0.2613      1.1140      0.0001
     0.2613      1.1140      0.0000
     0.2613      1.6756      0.0000
     0.2613      1.6756      0.0000
     0.2613      1.6756      0.0001
     0.2613      1.6756      0.0001
     0.2613      1.6756      0.0001
     0.2613      1.6756      0.0000
     0.2613      1.6756      0.0000
     0.2613      1.6756      0.0000
     0.2613      1.6756      0.0001
     0.2613      1.6756      0.0000
     0.2613      1.6756      0.0000
     0.2613      1.6756      0.0000
     0.2613      1.6756      0.0000
     0.2613      1.6756      0.0001
     0.2613      1.6756      0.0000
     0.2613      4.0711      0.0000
     0.2613      4.0711      0.0000
     0.2613      4.0711      0.0000
     0.2613      4.0711      0.0001
     0.2613      4.0125      0.0000
     0.2613      4.0711      0.0000
     0.2613      4.0711      0.0000
     0.2613      4.0711      0.0000
     0.2613      4.0711      0.0001
     0.2613      4.0125      0.0000
     0.2613      4.0125      0.0000
     0.2613    100.3094      0.0000
     0.2613    100.3094      0.0000
     0.2613    100.3094      0.0000
     0.2613    100.3094      0.0000
     0.2613    100.3094      0.0000
     0.2613    100.3094      0.0000
     0.2613    100.3094      0.0000
     0.2613    100.3094      0.0000
     0.2613    100.3094      0.0000
     0.2613    100.3094      0.0000
     0.2613    100.3094      0.0000
     0.2613    100.3094      0.0000
     0.2613    100.3094      0.0000
     0.2613    100.3094      0.0000
     0.2613    100.3094      0.0000
     0.2613    100.3094      0.0000
     0.2613    100.3094      0.0000
     0.2613    100.3094      0.0000
     0.2613    100.3094      0.0000
     0.2613    100.3094      0.0000
     0.3350      1.6927      0.0000
     0.3350      1.6927      0.0000
     0.3350      1.6644      0.0008
     0.3350      1.6644      0.0017
     0.3350      1.6644      0.0004
     0.3350      1.6927      0.0000
     0.3350      1.6644      0.0000
     0.3350      1.6644      0.0005
     0.3350      1.6644      0.0011
     0.3350      1.6644      0.0003
     0.3350      1.6927      0.0000
     0.3350      1.6644      0.0000
     0.3350      1.6644      0.0005
     0.3350      1.6644      0.0010
     0.3350      1.6644      0.0002
     0.3350      4.0275      0.0000
     0.3350      4.0275      0.0000
     0.3350      4.0275      0.0006
     0.3350      4.0275      0.0012
     0.3350      4.0275      0.0003
     0.3350      4.0275      0.0000
     0.3350      4.0275      0.0000
     0.3350      4.0275      0.0004
     0.3350      4.0275      0.0008
     0.3350      4.0275      0.0002
     0.3350      4.0275      0.0000
     0.3350      4.0275      0.0000
     0.3350      4.0275      0.0003
     0.3350      4.0275      0.0007
     0.3350      4.0275      0.0002
     0.3350    100.3831      0.0000
     0.3350    100.3831      0.0000
     0.3350    100.3831      0.0000
     0.3350    100.3831      0.0000
     0.3350    100.3831      0.0000
     0.3350    100.3831      0.0000
     0.3350    100.3831      0.0000
     0.3350    100.3831      0.0000
     0.3350    100.3831      0.0000
     0.3350    100.3831      0.0000
     0.3350    100.3831      0.0000
     0.3350    100.3831      0.0000
     0.3350    100.3831      0.0000
     0.3350    100.3831      0.0000
     0.3350    100.3831      0.0000
     0.3350    100.3831      0.0000
     0.3350    100.3831      0.0000
     0.3350    100.3831      0.0000
     0.3350    100.3831      0.0000
     0.3350    100.3831      0.0000
     0.3793      1.7370      0.0000
     0.3793      1.7370      0.0000
     0.3793      1.7370      0.0010
     0.3793      1.7370      0.0019
     0.3793      1.7370      0.0004
     0.3793      1.7370      0.0000
     0.3793      1.7370      0.0000
     0.3793      1.7370      0.0006
     0.3793      1.7370      0.0012
     0.3793      1.6521      0.0003
     0.3793      1.7370      0.0000
     0.3793      1.7370      0.0000
     0.3793      1.7370      0.0005
     0.3793      1.7370      0.0010
     0.3793      1.6521      0.0002
     0.3793      4.0718      0.0000
     0.3793      4.0718      0.0000
     0.3793      3.9546      0.0007
     0.3793      3.9546      0.0014
     0.3793      3.9546      0.0003
     0.3793      4.0718      0.0000
     0.3793      3.9546      0.0000
     0.3793      3.9546      0.0005
     0.3793      3.9546      0.0009
     0.3793      3.9546      0.0002
     0.3793      4.0718      0.0000
     0.3793      3.9546      0.0000
     0.3793      3.9546      0.0004
     0.3793      3.9546      0.0008
     0.3793      3.9546      0.0002
     0.3793    100.4274      0.0000
     0.3793    100.4274      0.0000
     0.3793    100.4274      0.0000
     0.3793    100.4274      0.0000
     0.3793    100.4274      0.0000
     0.3793    100.4274      0.0000
     0.3793    100.4274      0.0000
     0.3793    100.4274      0.0000
     0.3793    100.4274      0.0000
     0.3793    100.4274      0.0000
     0.3793    100.4274      0.0000
     0.3793    100.4274      0.0000
     0.3793    100.4274      0.0000
     0.3793    100.4274      0.0000
     0.3793    100.4274      0.0000
     0.3793    100.4274      0.0000
     0.3793    100.4274      0.0000
     0.3793    100.4274      0.0000
     0.3793    100.4274      0.0000
     0.3793    100.4274      0.0000
     0.4295      1.7589      0.0000
     0.4295      4.0634      0.0000
     0.4295      4.0634      0.0002
     0.4295      4.0048      0.0007
     0.4295      4.0048      0.0003
     0.4295      4.0634      0.0000
     0.4295      4.0048      0.0001
     0.4295      4.0048      0.0005
     0.4295      4.0048      0.0002
     0.4295      4.0634      0.0000
     0.4295      4.0048      0.0001
     0.4295      4.0048      0.0004
     0.4295      4.0048      0.0002
     0.4295    100.4775      0.0000
     0.4295    100.4775      0.0000
     0.4295    100.4775      0.0000
     0.4295    100.4775      0.0000
     0.4295    100.4775      0.0000
     0.4295    100.4775      0.0000
     0.4295    100.4775      0.0000
     0.4295    100.4775      0.0000
     0.4295    100.4775      0.0000
     0.4295    100.4775      0.0000
     0.4295    100.4775      0.0000
     0.4295    100.4775      0.0000
     0.4295    100.4775      0.0000
     0.4295    100.4775      0.0000
     0.4295    100.4775      0.0000
     0.4295    100.4775      0.0000
     0.4862      4.0615      0.0000
     0.4862      4.0615      0.0000
     0.4862      4.0615      0.0001
     0.4862      4.0615      0.0006
     0.4862      3.8857      0.0003
     0.4862      4.0615      0.0000
     0.4862      4.0615      0.0000
     0.4862      4.0615      0.0001
     0.4862      4.0615      0.0004
     0.4862      3.8857      0.0002
     0.4862      4.0615      0.0000
     0.4862      4.0615      0.0000
     0.4862      4.0615      0.0001
     0.4862      4.0615      0.0003
     0.4862      3.8857      0.0002
     0.4862     99.1638      0.0000
     0.4862     99.1638      0.0000
     0.4862     99.1638      0.0000
     0.4862     99.1638      0.0000
     0.4862     99.1638      0.0000
     0.4862     99.1638      0.0000
     0.4862     99.1638      0.0000
     0.4862     99.1638      0.0000
     0.4862     99.1638      0.0000
     0.4862     99.1638      0.0000
     0.4862     99.1638      0.0000
     0.4862     99.1638      0.0000
     0.4862     99.1638      0.0000
     0.4862     99.1638      0.0000
     0.4862     99.1638      0.0000
     0.4862     99.1638      0.0000
     0.4862     99.1638      0.0000
     0.4862     99.1638      0.0000
     0.4862     99.1638      0.0000
     0.4862     99.1638      0.0000
     0.5505      3.9500      0.0000
     0.5505      3.9500      0.0000
     0.5505      3.9500      0.0001
     0.5505      3.9500      0.0009
     0.5505      3.9500      0.0005
     0.5505      3.9500      0.0000
     0.5505      3.9500      0.0000
     0.5505      3.9500      0.0001
     0.5505      3.9500      0.0005
     0.5505      3.9500      0.0003
     0.5505      3.9500      0.0000
     0.5505      3.9500      0.0000
     0.5505      3.9500      0.0001
     0.5505      3.9500      0.0005
     0.5505      3.9500      0.0003
     0.5505     99.2281      0.0000
     0.5505     99.2281      0.0000
     0.5505     99.2281      0.0000
     0.5505     99.2281      0.0000
     0.5505     99.2281      0.0000
     0.5505     99.2281      0.0000
     0.5505     99.2281      0.0000
     0.5505     99.2281      0.0000
     0.5505     99.2281      0.0000
     0.5505     99.2281      0.0000
     0.5505     99.2281      0.0000
     0.5505     99.2281      0.0000
     0.5505     99.2281      0.0000
     0.5505     99.2281      0.0000
     0.5505     99.2281      0.0000
     0.5505     99.2281      0.0000
     0.5505     99.2281      0.0000
     0.5505     99.2281      0.0000
     0.5505     99.2281      0.0000
     0.5505     99.2281      0.0000
     0.6233      4.1400      0.0000
     0.6233      4.1400      0.0000
     0.6233      4.1400      0.0000
     0.6233      4.0228      0.0004
     0.6233      4.0228      0.0006
     0.6233      4.1400      0.0000
     0.6233      4.1400      0.0000
     0.6233      4.1400      0.0000
     0.6233      4.1400      0.0002
     0.6233      3.9642      0.0004
     0.6233      4.1400      0.0000
     0.6233      4.1400      0.0000
     0.6233      4.1400      0.0000
     0.6233      4.0228      0.0002
     0.6233      3.9642      0.0003
     0.6233     99.3008      0.0000
     0.6233     99.3008      0.0000
     0.6233     99.3008      0.0000
     0.6233     99.3008      0.0000
     0.6233     99.3008      0.0000
     0.6233     99.3008      0.0000
     0.6233     99.3008      0.0000
     0.6233     99.3008      0.0000
     0.6233     99.3008      0.0000
     0.6233     99.3008      0.0000
     0.6233     99.3008      0.0000
     0.6233     99.3008      0.0000
     0.6233     99.3008      0.0000
     0.6233     99.3008      0.0000
     0.6233     99.3008      0.0000
     0.6233     99.3008      0.0000
     0.6233     99.3008      0.0000
     0.6233     99.3008      0.0000
     0.6233     99.3008      0.0000
     0.6233     99.3008      0.0000
     0.7990      3.9641      0.0000
     0.7990      3.9641      0.0000
     0.7990      3.9055      0.0000
     0.7990      3.9055      0.0002
     0.7990      3.9055      0.0004
     0.7990      3.9641      0.0000
     0.7990      3.9055      0.0000
     0.7990      3.9055      0.0000
     0.7990      3.9055      0.0001
     0.7990      3.9055      0.0003
     0.7990      3.9641      0.0000
     0.7990      3.9055      0.0000
     0.7990      3.9055      0.0000
     0.7990      3.9055      0.0001
     0.7990      3.9055      0.0002
     0.7990      3.9641      0.0000
     0.7990      3.9641      0.0000
     0.7990      3.9055      0.0000
     0.7990      3.9055      0.0001
     0.7990      3.9055      0.0002
     0.7990     98.1061      0.0000
     0.7990     98.1061      0.0000
     0.7990     98.1061      0.0000
     0.7990     98.1061      0.0000
     0.7990     98.1061      0.0000
     0.7990     98.1061      0.0000
     0.7990     98.1061      0.0000
     0.7990     98.1061      0.0000
     0.7990     98.1061      0.0000
     0.7990     98.1061      0.0000
     0.7990     98.1061      0.0000
     0.7990     98.1061      0.0000
     0.7990     98.1061      0.0000
     0.7990     98.1061      0.0000
     0.7990     98.1061      0.0000
     0.7990     98.1061      0.0000
     0.7990     98.1061      0.0000
     0.7990     98.1061      0.0000
     0.7990     98.1061      0.0000
     0.7990     98.1061      0.0000
     0.9047      3.9525      0.0000
     0.9047      3.9525      0.0000
     0.9047      3.9525      0.0000
     0.9047      3.9525      0.0001
     0.9047      3.9525      0.0000
     0.9047      3.9525      0.0000
     0.9047      3.9525      0.0000
     0.9047      3.9525      0.0001
     0.9047      3.9525      0.0000
     0.9047      3.9525      0.0000
     0.9047      3.9525      0.0000
     0.9047      3.9525      0.0001
     0.9047      3.9525      0.0000
     0.9047      3.9525      0.0000
     0.9047      3.9525      0.0000
     0.9047      3.9525      0.0000
     0.9047     98.2117      0.0000
     0.9047     98.2117      0.0000
     0.9047     98.2117      0.0000
     0.9047     98.2117      0.0000
     0.9047     98.2117      0.0000
     0.9047     98.2117      0.0000
     0.9047     98.2117      0.0000
     0.9047     98.2117      0.0000
     0.9047     98.2117      0.0000
     0.9047     98.2117      0.0000
     0.9047     98.2117      0.0000
     0.9047     98.2117      0.0000
     0.9047     98.2117      0.0000
     0.9047     98.2117      0.0000
     0.9047     98.2117      0.0000
     0.9047     98.2117      0.0000
     1.0243     96.9608      0.0000
     1.0243     96.9608      0.0000
     1.0243     96.9608      0.0000
     1.0243     96.9608      0.0000
     1.0243     96.9608      0.0000
     1.0243     96.9608      0.0000
     1.0243     96.9608      0.0000
     1.0243     96.9608      0.0000
     1.0243     96.9608      0.0000
     1.0243     96.9608      0.0000
     1.0243     96.9608      0.0000
     1.0243     96.9608      0.0000
     1.0243     96.9608      0.0000
     1.0243     96.9608      0.0000
     1.0243     96.9608      0.0000
     1.0243     96.9608      0.0000
     1.1597     97.0962      0.0000
     1.1597     97.0962      0.0000
     1.1597     97.0962      0.0000
     1.1597     97.0962      0.0000
     1.1597     97.0962      0.0000
     1.1597     97.0962      0.0000
     1.1597     97.0962      0.0000
     1.1597     97.0962      0.0000
     1.1597     97.0962      0.0000
     1.1597     97.0962      0.0000
     1.1597     97.0962      0.0000
     1.1597     97.0962      0.0000
     1.3131     98.6201      0.0000
     1.3131     98.6201      0.0000
     1.3131     98.6201      0.0000
     1.3131     98.6201      0.0000
     1.3131     98.6201      0.0000
     1.3131     98.6201      0.0000
     1.3131     98.6201      0.0000
     1.3131     98.6201      0.0000
     1.3131     98.6201      0.0000
     1.3131     98.6201      0.0000
     1.3131     98.6201      0.0000
     1.3131     98.6201      0.0000
     1.4867     97.4232      0.0000
     1.4867     97.4232      0.0000
     1.4867     97.4232      0.0000
     1.4867     97.4232      0.0000
     1.4867     97.4232      0.0000
     1.4867     97.4232      0.0000
     1.4867     97.4232      0.0000
     1.4867     97.4232      0.0000
     1.4867     97.4232      0.0000
     1.4867     97.4232      0.0000
     1.4867     97.4232      0.0000
     1.4867     97.4232      0.0000
     1.4867     97.4232      0.0000
     1.4867     97.4232      0.0000
     1.4867     97.4232      0.0000
     1.4867     97.4232      0.0000
     1.4867     97.4232      0.0000
     1.4867     97.4232      0.0000
     1.4867     97.4232      0.0000
     1.4867     97.4232      0.0000
     1.6833     97.6198      0.0000
     1.6833     97.6198      0.0000
     1.6833     97.6198      0.0000
     1.6833     97.6198      0.0000
     1.6833     97.6198      0.0000
     1.6833     97.6198      0.0000
     1.6833     97.6198      0.0000
     1.6833     97.6198      0.0000
     1.6833     97.6198      0.0000
     1.6833     97.6198      0.0000
     1.6833     97.6198      0.0000
     1.6833     97.6198      0.0000
     1.6833     97.6198      0.0000
     1.6833     97.6198      0.0000
     1.6833     97.6198      0.0000
     1.6833     97.6198      0.0000
     1.9058     96.4718      0.0000
     1.9058     96.4718      0.0000
     1.9058     96.4718      0.0000
     1.9058     96.4718      0.0000
     1.9058     96.4718      0.0000
     1.9058     96.4718      0.0000
     1.9058     96.4718      0.0000
     1.9058     96.4718      0.0000
     1.9058     96.4718      0.0000
     1.9058     96.4718      0.0000
     1.9058     96.4718      0.0000
     1.9058     96.4718      0.0000
     1.9058     96.4718      0.0000
     1.9058     96.4718      0.0000
     1.9058     96.4718      0.0000
     1.9058     96.4718      0.0000
     1.9058     96.4718      0.0000
     1.9058     96.4718      0.0000
     1.9058     96.4718      0.0000
     1.9058     96.4718      0.0000
     2.1578     95.3533      0.0000
     2.1578     95.3533      0.0000
     2.1578     95.3533      0.0000
     2.1578     95.3533      0.0000
     2.1578     95.3533      0.0000
     2.1578     95.3533      0.0000
     2.1578     95.3533      0.0000
     2.1578     95.3533      0.0000
     2.1578     95.3533      0.0000
     2.1578     95.3533      0.0000
     2.1578     95.3533      0.0000
     2.1578     95.3533      0.0000
     2.1578     95.3533      0.0000
     2.1578     95.3533      0.0000
     2.1578     95.3533      0.0000
     2.1578     95.3533      0.0000
     2.1578     95.3533      0.0000
     2.1578     95.3533      0.0000
     2.1578     95.3533      0.0000
     2.1578     95.3533      0.0000
     2.4431     97.0091      0.0000
     2.4431     97.0091      0.0000
     2.4431     97.0091      0.0000
     2.4431     97.0091      0.0000
     2.4431     97.0091      0.0000
     2.4431     97.0091      0.0000
     2.4431     97.0091      0.0000
     2.4431     97.0091      0.0000
     2.4431     97.0091      0.0000
     2.4431     97.0091      0.0000
     2.4431     97.0091      0.0000
     2.4431     97.0091      0.0000
     2.4431     97.0091      0.0000
     2.4431     97.0091      0.0000
     2.4431     97.0091      0.0000
     2.4431     97.0091      0.0000
     2.7661     94.5911      0.0000
     2.7661     94.5911      0.0000
     2.7661     94.5911      0.0000
     2.7661     94.5911      0.0000
     2.7661     94.5911      0.0000
     2.7661     94.5911      0.0000
     2.7661     94.5911      0.0000
     2.7661     94.5911      0.0000
     2.7661     94.5911      0.0000
     2.7661     94.5911      0.0000
     2.7661     94.5911      0.0000
     2.7661     94.5911      0.0000
     2.7661     80.8858      0.0000
     2.7661     80.8858      0.0000
     2.7661     80.8858      0.0000
     3.1319     93.5863      0.0000
     3.1319     93.5863      0.0000
     3.1319     93.5863      0.0000
     3.1319     93.5863      0.0000
     3.1319     93.5863      0.0000
     3.1319     93.5863      0.0000
     3.1319     93.5863      0.0000
     3.1319     93.5863      0.0000
     3.1319     93.5863      0.0000
     3.1319     93.5863      0.0000
     3.1319     93.5863      0.0000
     3.1319     93.5863      0.0000
     3.1319     79.8811      0.0000
     3.1319     79.8811      0.0000
     3.1319     79.8811      0.0000
     3.5460     92.6298      0.0000
     3.5460     92.6298      0.0000
     3.5460     92.6298      0.0004
     3.5460     92.6298      0.0000
     3.5460     92.6298      0.0000
     3.5460     92.6298      0.0003
     3.5460     92.6298      0.0000
     3.5460     92.6298      0.0000
     3.5460     92.6298      0.0003
     3.5460     92.6298      0.0000
     3.5460     92.6298      0.0000
     3.5460     92.6298      0.0002
     3.5460     78.9246      0.0000
     3.5460     78.9246      0.0000
     3.5460     78.9246      0.0000
     4.0148     93.0987      0.0000
     4.0148     93.0987      0.0000
     4.0148     93.0987      0.0000
     4.0148     93.0987      0.0000
     4.0148     93.0987      0.0000
     4.0148     93.0987      0.0000
     4.0148     93.0987      0.0000
     4.0148     93.0987      0.0000
     4.0148     79.3935      0.0000
     4.0148     79.3935      0.0000
     4.5456     90.8885      0.0000
     4.5456     90.8885      0.0000
     4.5456     90.8885      0.0000
     4.5456     90.8885      0.0000
     4.5456     90.8885      0.0000
     4.5456     90.8885      0.0000
     4.5456     90.8885      0.0000
     4.5456     90.8885      0.0000
     4.5456     78.5538      0.0000
     4.5456     78.5538      0.0000
     5.1466     91.4895      0.0000
     5.1466     91.4895      0.0004
     5.1466     91.4895      0.0000
     5.1466     91.4895      0.0003
     5.1466     91.4895      0.0000
     5.1466     91.4895      0.0002
     5.1466     91.4895      0.0000
     5.1466     91.4895      0.0002
     5.1466     77.7843      0.0000
     5.1466     77.7843      0.0000
     5.8271     90.7994      0.0006
     5.8271     90.7994      0.0004
     5.8271     90.7994      0.0004
     5.8271     90.7994      0.0003
     5.8271     77.0942      0.0000
     6.5976     90.1994      0.0000
     6.5976     90.1994      0.0000
     6.5976     90.1994      0.0000
     6.5976     90.1994      0.0000
     6.5976     75.1237      0.0000
     7.4699     88.3307      0.0000
     7.4699     88.3307      0.0000
     7.4699     88.3307      0.0000
     7.4699     88.3307      0.0000
     7.4699     74.6255      0.0000
     0.0000      1.2072      0.0000
     0.0000      1.2072      0.0043
     0.0000      1.2072      0.0112
     0.0000      1.2072      0.0032
     0.0000      1.2072      0.0001
     0.0000      1.7786      0.0000
     0.0000      1.7786      0.0038
     0.0000      1.7786      0.0099
     0.0000      1.7503      0.0029
     0.0000      1.7503      0.0001
     0.0000      1.7786      0.0000
     0.0000      1.7786      0.0026
     0.0000      1.7503      0.0067
     0.0000      1.7503      0.0019
     0.0000      1.7503      0.0001
     0.0000      4.4460      0.0000
     0.0000      4.4460      0.0027
     0.0000      4.4460      0.0070
     0.0000      4.5630      0.0020
     0.0000      4.2120      0.0001
     0.0000      4.4460      0.0000
     0.0000      4.4460      0.0018
     0.0000      4.4460      0.0048
     0.0000      4.4460      0.0014
     0.0000      4.2120      0.0001
     0.0000      4.4460      0.0000
     0.0000      4.4460      0.0016
     0.0000      4.4460      0.0042
     0.0000      4.4460      0.0012
     0.0000      4.2120      0.0000
     0.0000    103.9603      0.0000
     0.0000    103.9603      0.0000
     0.0000    103.9603      0.0001
     0.0000    103.9603      0.0000
     0.0000    103.9603      0.0000
     0.0000    103.9603      0.0000
     0.0000    103.9603      0.0000
     0.0000    103.9603      0.0001
     0.0000    103.9603      0.0000
     0.0000    103.9603      0.0000
     0.0000    103.9603      0.0000
     0.0000    103.9603      0.0000
     0.0000    103.9603      0.0001
     0.0000    103.9603      0.0000
     0.0000    103.9603      0.0000
     0.0000    103.9603      0.0000
     0.0000    103.9603      0.0000
     0.0000    103.9603      0.0000
     0.0000    103.9603      0.0000
     0.0000    103.9603      0.0000
     0.0004      1.2076      0.0000
     0.0004      1.2076      0.0000
     0.0004      1.2076      0.0002
     0.0004      1.2076      0.0001
     0.0004      1.2076      0.0000
     0.0004      1.7789      0.0000
     0.0004      1.7789      0.0000
     0.0004      1.7789      0.0002
     0.0004      1.7507      0.0001
     0.0004      1.7507      0.0000
     0.0004      1.7789      0.0000
     0.0004      1.7789      0.0000
     0.0004      1.7507      0.0001
     0.0004      1.7507      0.0000
     0.0004      1.7507      0.0000
     0.0004      4.4463      0.0000
     0.0004      4.4463      0.0000
     0.0004      4.4463      0.0001
     0.0004      4.5633      0.0001
     0.0004      4.2123      0.0000
     0.0004      4.4463      0.0000
     0.0004      4.4463      0.0000
     0.0004      4.4463      0.0001
     0.0004      4.4463      0.0000
     0.0004      4.2123      0.0000
     0.0004      4.4463      0.0000
     0.0004      4.4463      0.0000
     0.0004      4.4463      0.0001
     0.0004      4.4463      0.0000
     0.0004      4.2123      0.0000
     0.0004    103.9607      0.0000
     0.0004    103.9607      0.0000
     0.0004    103.9607      0.0000
     0.0004    103.9607      0.0000
     0.0004    103.9607      0.0000
     0.0004    103.9607      0.0000
     0.0004    103.9607      0.0000
     0.0004    103.9607      0.0000
     0.0004    103.9607      0.0000
     0.0004    103.9607      0.0000
     0.0004    103.9607      0.0000
     0.0004    103.9607      0.0000
     0.0004    103.9607      0.0000
     0.0004    103.9607      0.0000
     0.0004    103.9607      0.0000
     0.0004    103.9607      0.0000
     0.0004    103.9607      0.0000
     0.0004    103.9607      0.0000
     0.0004    103.9607      0.0000
     0.0004    103.9607      0.0000
     0.0005      1.2077      0.0000
     0.0005      1.2077      0.0000
     0.0005      1.2077      0.0000
     0.0005      1.2077      0.0000
     0.0005      1.7790      0.0000
     0.0005      1.7790      0.0000
     0.0005      1.7790      0.0000
     0.0005      1.7508      0.0000
     0.0005      1.7790      0.0000
     0.0005      1.7790      0.0000
     0.0005      1.7508      0.0000
     0.0005      1.7508      0.0000
     0.0005      4.4464      0.0000
     0.0005      4.4464      0.0000
     0.0005      4.4464      0.0000
     0.0005      4.5634      0.0000
     0.0005      4.4464      0.0000
     0.0005      4.4464      0.0000
     0.0005      4.4464      0.0000
     0.0005      4.4464      0.0000
     0.0005      4.4464      0.0000
     0.0005      4.4464      0.0000
     0.0005      4.4464      0.0000
     0.0005      4.4464      0.0000
     0.0005    103.9608      0.0000
     0.0005    103.9608      0.0000
     0.0005    103.9608      0.0000
     0.0005    103.9608      0.0000
     0.0005    103.9608      0.0000
     0.0005    103.9608      0.0000
     0.0005    103.9608      0.0000
     0.0005    103.9608      0.0000
     0.0005    103.9608      0.0000
     0.0005    103.9608      0.0000
     0.0005    103.9608      0.0000
     0.0005    103.9608      0.0000
     0.0005    103.9608      0.0000
     0.0005    103.9608      0.0000
     0.0005    103.9608      0.0000
     0.0005    103.9608      0.0000
     0.0006      1.2078      0.0000
     0.0006      1.2078      0.0000
     0.0006      1.2078      0.0000
     0.0006      1.2078      0.0001
     0.0006      1.2078      0.0000
     0.0006      1.7792      0.0000
     0.0006      1.7792      0.0000
     0.0006      1.7792      0.0000
     0.0006      1.7509      0.0001
     0.0006      1.7509      0.0000
     0.0006      1.7792      0.0000
     0.0006      1.7792      0.0000
     0.0006      1.7509      0.0000
     0.0006      1.7509      0.0000
     0.0006      1.7509      0.0000
     0.0006      4.4466      0.0000
     0.0006      4.4466      0.0000
     0.0006      4.4466      0.0000
     0.0006      4.5636      0.0000
     0.0006      4.2126      0.0000
     0.0006      4.4466      0.0000
     0.0006      4.4466      0.0000
     0.0006      4.4466      0.0000
     0.0006      4.4466      0.0000
     0.0006      4.2126      0.0000
     0.0006      4.4466      0.0000
     0.0006      4.4466      0.0000
     0.0006      4.4466      0.0000
     0.0006      4.4466      0.0000
     0.0006      4.2126      0.0000
     0.0006    103.9609      0.0000
     0.0006    103.9609      0.0000
     0.0006    103.9609      0.0000
     0.0006    103.9609      0.0000
     0.0006    103.9609      0.0000
     0.0006    103.9609      0.0000
     0.0006    103.9609      0.0000
     0.0006    103.9609      0.0000
     0.0006    103.9609      0.0000
     0.0006    103.9609      0.0000
     0.0006    103.9609      0.0000
     0.0006    103.9609      0.0000
     0.0006    103.9609      0.0000
     0.0006    103.9609      0.0000
     0.0006    103.9609      0.0000
     0.0006    103.9609      0.0000
     0.0006    103.9609      0.0000
     0.0006    103.9609      0.0000
     0.0006    103.9609      0.0000
     0.0006    103.9609      0.0000
     0.0008      1.2080      0.0000
     0.0008      1.2080      0.0000
     0.0008      1.2080      0.0000
     0.0008      1.7793      0.0000
     0.0008      1.7793      0.0000
     0.0008      1.7793      0.0000
     0.0008      1.7793      0.0000
     0.0008      1.7793      0.0000
     0.0008      1.7511      0.0000
     0.0008      4.4467      0.0000
     0.0008      4.4467      0.0000
     0.0008      4.4467      0.0000
     0.0008      4.4467      0.0000
     0.0008      4.4467      0.0000
     0.0008      4.4467      0.0000
     0.0008      4.4467      0.0000
     0.0008      4.4467      0.0000
     0.0008      4.4467      0.0000
     0.0008    103.9611      0.0000
     0.0008    103.9611      0.0000
     0.0008    103.9611      0.0000
     0.0008    103.9611      0.0000
     0.0008    103.9611      0.0000
     0.0008    103.9611      0.0000
     0.0008    103.9611      0.0000
     0.0008    103.9611      0.0000
     0.0008    103.9611      0.0000
     0.0008    103.9611      0.0000
     0.0008    103.9611      0.0000
     0.0008    103.9611      0.0000
     0.0010      1.2082      0.0000
     0.0010      1.2082      0.0000
     0.0010      1.2082      0.0002
     0.0010      1.2082      0.0000
     0.0010      1.2082      0.0000
     0.0010      1.7795      0.0000
     0.0010      1.7795      0.0000
     0.0010      1.7513      0.0002
     0.0010      1.7513      0.0000
     0.0010      1.7513      0.0000
     0.0010      1.7795      0.0000
     0.0010      1.7795      0.0000
     0.0010      1.7513      0.0001
     0.0010      1.7513      0.0000
     0.0010      1.7513      0.0000
     0.0010      4.4469      0.0000
     0.0010      4.4469      0.0000
     0.0010      4.4469      0.0001
     0.0010      4.5054      0.0000
     0.0010      4.2129      0.0000
     0.0010      4.4469      0.0000
     0.0010      4.4469      0.0000
     0.0010      4.4469      0.0001
     0.0010      4.4469      0.0000
     0.0010      4.2129      0.0000
     0.0010      4.4469      0.0000
     0.0010      4.4469      0.0000
     0.0010      4.4469      0.0001
     0.0010      4.4469      0.0000
     0.0010      4.2129      0.0000
     0.0010    103.9613      0.0000
     0.0010    103.9613      0.0000
     0.0010    103.9613      0.0000
     0.0010    103.9613      0.0000
     0.0010    103.9613      0.0000
     0.0010    103.9613      0.0000
     0.0010    103.9613      0.0000
     0.0010    103.9613      0.0000
     0.0010    103.9613      0.0000
     0.0010    103.9613      0.0000
     0.0010    103.9613      0.0000
     0.0010    103.9613      0.0000
     0.0010    103.9613      0.0000
     0.0010    103.9613      0.0000
     0.0010    103.9613      0.0000
     0.0010    103.9613      0.0000
     0.0010    103.9613      0.0000
     0.0010    103.9613      0.0000
     0.0010    103.9613      0.0000
     0.0010    103.9613      0.0000
     0.0016      1.2089      0.0000
     0.0016      1.2089      0.0000
     0.0016      1.7802      0.0000
     0.0016      1.7802      0.0000
     0.0016      1.7802      0.0000
     0.0016      1.7802      0.0000
     0.0016      4.4476      0.0000
     0.0016      4.4476      0.0000
     0.0016      4.4476      0.0000
     0.0016      4.4476      0.0000
     0.0016      4.4476      0.0000
     0.0016      4.4476      0.0000
     0.0016    103.9619      0.0000
     0.0016    103.9619      0.0000
     0.0016    103.9619      0.0000
     0.0016    103.9619      0.0000
     0.0016    103.9619      0.0000
     0.0016    103.9619      0.0000
     0.0016    103.9619      0.0000
     0.0016    103.9619      0.0000
     0.0026      1.2099      0.0000
     0.0026      1.2099      0.0000
     0.0026      1.7812      0.0000
     0.0026      1.7530      0.0000
     0.0026      1.7812      0.0000
     0.0026      1.7530      0.0000
     0.0026      4.4486      0.0000
     0.0026      4.3901      0.0000
     0.0026      4.4486      0.0000
     0.0026      4.3901      0.0000
     0.0026      4.4486      0.0000
     0.0026      4.3901      0.0000
     0.0026    103.9629      0.0000
     0.0026    103.9629      0.0000
     0.0026    103.9629      0.0000
     0.0026    103.9629      0.0000
     0.0026    103.9629      0.0000
     0.0026    103.9629      0.0000
     0.0026    103.9629      0.0000
     0.0026    103.9629      0.0000
     0.0034      1.2106      0.0000
     0.0034      1.2106      0.0000
     0.0034      1.7819      0.0000
     0.0034      1.7819      0.0000
     0.0034      1.7819      0.0000
     0.0034      1.7819      0.0000
     0.0034      4.4493      0.0000
     0.0034      4.3908      0.0000
     0.0034      4.4493      0.0000
     0.0034      4.3908      0.0000
     0.0034      4.4493      0.0000
     0.0034      4.3908      0.0000
     0.0034    103.9637      0.0000
     0.0034    103.9637      0.0000
     0.0034    103.9637      0.0000
     0.0034    103.9637      0.0000
     0.0034    103.9637      0.0000
     0.0034    103.9637      0.0000
     0.0034    103.9637      0.0000
     0.0034    103.9637      0.0000
     0.0038      1.2111      0.0000
     0.0038      1.2111      0.0000
     0.0038      1.7542      0.0000
     0.0038      1.7542      0.0000
     0.0038      1.7542      0.0000
     0.0038      1.7542      0.0000
     0.0038      4.3913      0.0000
     0.0038      4.5083      0.0000
     0.0038      4.3913      0.0000
     0.0038      4.5083      0.0000
     0.0038      4.3913      0.0000
     0.0038      4.3913      0.0000
     0.0038    103.9641      0.0000
     0.0038    103.9641      0.0000
     0.0038    103.9641      0.0000
     0.0038    103.9641      0.0000
     0.0038    103.9641      0.0000
     0.0038    103.9641      0.0000
     0.0038    103.9641      0.0000
     0.0038    103.9641      0.0000
     0.0043      1.2116      0.0000
     0.0043      1.2116      0.0000
     0.0043      1.2116      0.0001
     0.0043      1.2116      0.0000
     0.0043      1.2116      0.0000
     0.0043      1.7829      0.0000
     0.0043      1.7829      0.0000
     0.0043      1.7547      0.0001
     0.0043      1.7547      0.0000
     0.0043      1.7547      0.0000
     0.0043      1.7829      0.0000
     0.0043      1.7829      0.0000
     0.0043      1.7547      0.0000
     0.0043      1.7547      0.0000
     0.0043      1.7547      0.0000
     0.0043      4.3918      0.0000
     0.0043      4.3918      0.0000
     0.0043      4.3918      0.0000
     0.0043      4.5088      0.0000
     0.0043      4.2163      0.0000
     0.0043      4.3918      0.0000
     0.0043      4.3918      0.0000
     0.0043      4.3918      0.0000
     0.0043      4.5088      0.0000
     0.0043      4.2163      0.0000
     0.0043      4.3918      0.0000
     0.0043      4.3918      0.0000
     0.0043      4.3918      0.0000
     0.0043      4.3918      0.0000
     0.0043      4.2163      0.0000
     0.0043    103.9646      0.0000
     0.0043    103.9646      0.0000
     0.0043    103.9646      0.0000
     0.0043    103.9646      0.0000
     0.0043    103.9646      0.0000
     0.0043    103.9646      0.0000
     0.0043    103.9646      0.0000
     0.0043    103.9646      0.0000
     0.0043    103.9646      0.0000
     0.0043    103.9646      0.0000
     0.0043    103.9646      0.0000
     0.0043    103.9646      0.0000
     0.0043    103.9646      0.0000
     0.0043    103.9646      0.0000
     0.0043    103.9646      0.0000
     0.0043    103.9646      0.0000
     0.0043    103.9646      0.0000
     0.0043    103.9646      0.0000
     0.0043    103.9646      0.0000
     0.0043    103.9646      0.0000
     0.0056      1.2128      0.0000
     0.0056      1.2128      0.0000
     0.0056      1.2128      0.0000
     0.0056      1.2128      0.0000
     0.0056      1.7841      0.0000
     0.0056      1.7559      0.0000
     0.0056      1.7559      0.0000
     0.0056      1.7559      0.0000
     0.0056      1.7841      0.0000
     0.0056      1.7559      0.0000
     0.0056      1.7559      0.0000
     0.0056      1.7559      0.0000
     0.0056      4.3930      0.0000
     0.0056      4.3930      0.0000
     0.0056      4.5100      0.0000
     0.0056      4.2175      0.0000
     0.0056      4.3930      0.0000
     0.0056      4.3930      0.0000
     0.0056      4.5100      0.0000
     0.0056      4.2175      0.0000
     0.0056      4.3930      0.0000
     0.0056      4.3930      0.0000
     0.0056      4.5100      0.0000
     0.0056      4.2175      0.0000
     0.0056    103.9659      0.0000
     0.0056    103.9659      0.0000
     0.0056    103.9659      0.0000
     0.0056    103.9659      0.0000
     0.0056    103.9659      0.0000
     0.0056    103.9659      0.0000
     0.0056    103.9659      0.0000
     0.0056    103.9659      0.0000
     0.0056    103.9659      0.0000
     0.0056    103.9659      0.0000
     0.0056    103.9659      0.0000
     0.0056    103.9659      0.0000
     0.0056    103.9659      0.0000
     0.0056    103.9659      0.0000
     0.0056    103.9659      0.0000
     0.0056    103.9659      0.0000
     0.0063      1.2135      0.0000
     0.0063      1.2135      0.0001
     0.0063      1.7566      0.0000
     0.0063      1.7566      0.0001
     0.0063      1.7566      0.0000
     0.0063      1.7566      0.0000
     0.0063      4.3938      0.0000
     0.0063      4.5108      0.0000
     0.0063      4.3938      0.0000
     0.0063      4.5108      0.0000
     0.0063      4.3938      0.0000
     0.0063      4.5108      0.0000
     0.0063    103.9666      0.0000
     0.0063    103.9666      0.0000
     0.0063    103.9666      0.0000
     0.0063    103.9666      0.0000
     0.0063    103.9666      0.0000
     0.0063    103.9666      0.0000
     0.0063    103.9666      0.0000
     0.0063    103.9666      0.0000
     0.0071      1.2144      0.0000
     0.0071      1.2144      0.0000
     0.0071      1.2144      0.0001
     0.0071      1.7857      0.0000
     0.0071      1.7857      0.0000
     0.0071      1.7575      0.0001
     0.0071      1.7857      0.0000
     0.0071      1.7857      0.0000
     0.0071      1.7575      0.0001
     0.0071      4.3946      0.0000
     0.0071      4.3946      0.0000
     0.0071      4.3946      0.0001
     0.0071      4.3946      0.0000
     0.0071      4.3946      0.0000
     0.0071      4.3946      0.0001
     0.0071      4.3946      0.0000
     0.0071      4.3946      0.0000
     0.0071      4.3946      0.0001
     0.0071    103.9674      0.0000
     0.0071    103.9674      0.0000
     0.0071    103.9674      0.0000
     0.0071    103.9674      0.0000
     0.0071    103.9674      0.0000
     0.0071    103.9674      0.0000
     0.0071    103.9674      0.0000
     0.0071    103.9674      0.0000
     0.0071    103.9674      0.0000
     0.0071    103.9674      0.0000
     0.0071    103.9674      0.0000
     0.0071    103.9674      0.0000
     0.0081      1.2153      0.0000
     0.0081      1.2153      0.0000
     0.0081      1.7866      0.0000
     0.0081      1.7584      0.0000
     0.0081      1.7584      0.0000
     0.0081      1.7584      0.0000
     0.0081      4.3955      0.0000
     0.0081      4.3955      0.0000
     0.0081      4.3955      0.0000
     0.0081      4.3955      0.0000
     0.0081      4.3955      0.0000
     0.0081      4.3955      0.0000
     0.0081    103.9684      0.0000
     0.0081    103.9684      0.0000
     0.0081    103.9684      0.0000
     0.0081    103.9684      0.0000
     0.0081    103.9684      0.0000
     0.0081    103.9684      0.0000
     0.0081    103.9684      0.0000
     0.0081    103.9684      0.0000
     0.0091      1.1966      0.0000
     0.0091      1.1966      0.0000
     0.0091      1.7595      0.0000
     0.0091      1.7595      0.0000
     0.0091      1.7595      0.0000
     0.0091      1.7595      0.0000
     0.0091      4.3966      0.0000
     0.0091      4.3966      0.0000
     0.0091      4.3966      0.0000
     0.0091      4.3966      0.0000
     0.0091      4.3966      0.0000
     0.0091      4.3966      0.0000
     0.0091    103.9694      0.0000
     0.0091    103.9694      0.0000
     0.0091    103.9694      0.0000
     0.0091    103.9694      0.0000
     0.0091    103.9694      0.0000
     0.0091    103.9694      0.0000
     0.0091    103.9694      0.0000
     0.0091    103.9694      0.0000
     0.0280      0.5623      0.0000
     0.0280      0.5623      0.0000
     0.0280      1.1758      0.0000
     0.0280      1.1758      0.0000
     0.0280      1.7501      0.0000
     0.0280      1.7783      0.0000
     0.0280      1.7501      0.0000
     0.0280      1.7501      0.0000
     0.0280      4.4739      0.0000
     0.0280      4.4739      0.0000
     0.0280      4.3569      0.0000
     0.0280      4.4739      0.0000
     0.0280      4.3569      0.0000
     0.0280      4.4739      0.0000
     0.0280    103.9882      0.0000
     0.0280    103.9882      0.0000
     0.0280    103.9882      0.0000
     0.0280    103.9882      0.0000
     0.0280    103.9882      0.0000
     0.0280    103.9882      0.0000
     0.0280    103.9882      0.0000
     0.0280    103.9882      0.0000
     0.0317      0.5660      0.0000
     0.0317      0.5660      0.0000
     0.0317      0.5660      0.0001
     0.0317      0.5660      0.0001
     0.0317      0.5660      0.0000
     0.0317      1.1795      0.0000
     0.0317      1.1795      0.0000
     0.0317      1.1795      0.0000
     0.0317      1.1795      0.0001
     0.0317      1.1795      0.0000
     0.0317      1.7537      0.0000
     0.0317      1.7537      0.0000
     0.0317      1.7537      0.0000
     0.0317      1.7537      0.0001
     0.0317      1.7537      0.0000
     0.0317      1.7537      0.0000
     0.0317      1.7537      0.0000
     0.0317      1.7537      0.0000
     0.0317      1.7537      0.0001
     0.0317      1.7537      0.0000
     0.0317      4.3606      0.0000
     0.0317      4.3606      0.0000
     0.0317      4.4776      0.0000
     0.0317      4.4776      0.0001
     0.0317      4.3606      0.0000
     0.0317      4.3606      0.0000
     0.0317      4.3606      0.0000
     0.0317      4.4776      0.0000
     0.0317      4.4776      0.0000
     0.0317      4.3021      0.0000
     0.0317      4.3606      0.0000
     0.0317      4.3606      0.0000
     0.0317      4.3606      0.0000
     0.0317      4.4776      0.0000
     0.0317      4.3021      0.0000
     0.0317    103.9919      0.0000
     0.0317    103.9919      0.0000
     0.0317    103.9919      0.0000
     0.0317    103.9919      0.0000
     0.0317    103.9919      0.0000
     0.0317    103.9919      0.0000
     0.0317    103.9919      0.0000
     0.0317    103.9919      0.0000
     0.0317    103.9919      0.0000
     0.0317    103.9919      0.0000
     0.0317    103.9919      0.0000
     0.0317    103.9919      0.0000
     0.0317    103.9919      0.0000
     0.0317    103.9919      0.0000
     0.0317    103.9919      0.0000
     0.0317    103.9919      0.0000
     0.0317    103.9919      0.0000
     0.0317    103.9919      0.0000
     0.0317    103.9919      0.0000
     0.0317    103.9919      0.0000
     0.0358      0.5603      0.0000
     0.0358      0.5603      0.0001
     0.0358      0.5603      0.0001
     0.0358      1.1837      0.0000
     0.0358      1.1837      0.0000
     0.0358      1.1837      0.0001
     0.0358      1.7297      0.0000
     0.0358      1.7297      0.0000
     0.0358      1.7862      0.0001
     0.0358      1.7297      0.0000
     0.0358      1.7297      0.0000
     0.0358      1.7297      0.0000
     0.0358      4.3648      0.0000
     0.0358      4.3648      0.0000
     0.0358      4.4233      0.0000
     0.0358      4.3648      0.0000
     0.0358      4.3648      0.0000
     0.0358      4.4233      0.0000
     0.0358      4.3648      0.0000
     0.0358      4.3648      0.0000
     0.0358      4.4233      0.0000
     0.0358    103.9961      0.0000
     0.0358    103.9961      0.0000
     0.0358    103.9961      0.0000
     0.0358    103.9961      0.0000
     0.0358    103.9961      0.0000
     0.0358    103.9961      0.0000
     0.0358    103.9961      0.0000
     0.0358    103.9961      0.0000
     0.0358    103.9961      0.0000
     0.0358    103.9961      0.0000
     0.0358    103.9961      0.0000
     0.0358    103.9961      0.0000
     0.0406      0.5551      0.0000
     0.0406      0.5551      0.0000
     0.0406      0.5551      0.0000
     0.0406      0.5551      0.0000
     0.0406      1.1687      0.0000
     0.0406      1.1687      0.0000
     0.0406      1.1687      0.0000
     0.0406      1.1687      0.0000
     0.0406      1.1687      0.0000
     0.0406      1.1687      0.0000
     0.0406      1.1687      0.0000
     0.0406      1.7344      0.0000
     0.0406      1.7627      0.0000
     0.0406      1.7627      0.0000
     0.0406      1.7627      0.0000
     0.0406      1.7344      0.0000
     0.0406      1.7344      0.0000
     0.0406      1.7627      0.0000
     0.0406      1.7344      0.0000
     0.0406      4.3695      0.0000
     0.0406      4.3695      0.0000
     0.0406      4.4280      0.0000
     0.0406      4.3110      0.0000
     0.0406      4.3695      0.0000
     0.0406      4.3695      0.0000
     0.0406      4.4280      0.0000
     0.0406      4.3110      0.0000
     0.0406      4.3695      0.0000
     0.0406      4.3695      0.0000
     0.0406      4.4280      0.0000
     0.0406      4.3110      0.0000
     0.0406    104.0009      0.0000
     0.0406    104.0009      0.0000
     0.0406    104.0009      0.0000
     0.0406    104.0009      0.0000
     0.0406    104.0009      0.0000
     0.0406    104.0009      0.0000
     0.0406    104.0009      0.0000
     0.0406    104.0009      0.0000
     0.0406    104.0009      0.0000
     0.0406    104.0009      0.0000
     0.0406    104.0009      0.0000
     0.0406    104.0009      0.0000
     0.0406    104.0009      0.0000
     0.0406    104.0009      0.0000
     0.0406    104.0009      0.0000
     0.0406    104.0009      0.0000
     0.0459      0.5506      0.0000
     0.0459      0.5506      0.0003
     0.0459      1.1542      0.0000
     0.0459      1.1542      0.0002
     0.0459      1.1542      0.0000
     0.0459      1.1542      0.0001
     0.0459      1.7680      0.0000
     0.0459      1.7680      0.0002
     0.0459      1.7680      0.0000
     0.0459      1.7398      0.0001
     0.0459      4.4334      0.0000
     0.0459      4.4334      0.0001
     0.0459      4.4334      0.0000
     0.0459      4.4334      0.0001
     0.0459      4.4334      0.0000
     0.0459      4.4334      0.0001
     0.0459    104.0062      0.0000
     0.0459    104.0062      0.0000
     0.0459    104.0062      0.0000
     0.0459    104.0062      0.0000
     0.0459    104.0062      0.0000
     0.0459    104.0062      0.0000
     0.0459    104.0062      0.0000
     0.0459    104.0062      0.0000
     0.0520      0.5468      0.0000
     0.0520      0.5468      0.0006
     0.0520      0.5468      0.0024
     0.0520      0.5468      0.0005
     0.0520      0.5468      0.0000
     0.0520      1.1603      0.0000
     0.0520      1.1603      0.0004
     0.0520      1.1603      0.0016
     0.0520      1.1603      0.0004
     0.0520      1.1603      0.0000
     0.0520      1.1603      0.0000
     0.0520      1.1603      0.0003
     0.0520      1.1603      0.0011
     0.0520      1.1603      0.0003
     0.0520      1.1603      0.0000
     0.0520      1.8023      0.0000
     0.0520      1.7459      0.0003
     0.0520      1.7459      0.0014
     0.0520      1.7459      0.0003
     0.0520      1.7459      0.0000
     0.0520      1.7459      0.0000
     0.0520      1.7459      0.0002
     0.0520      1.7459      0.0009
     0.0520      1.7459      0.0002
     0.0520      1.6894      0.0000
     0.0520      4.3810      0.0000
     0.0520      4.3225      0.0002
     0.0520      4.3810      0.0010
     0.0520      4.3810      0.0002
     0.0520      4.2640      0.0000
     0.0520      4.3225      0.0000
     0.0520      4.3225      0.0002
     0.0520      4.3810      0.0007
     0.0520      4.3810      0.0002
     0.0520      4.2640      0.0000
     0.0520      4.3225      0.0000
     0.0520      4.3225      0.0002
     0.0520      4.3810      0.0006
     0.0520      4.3810      0.0002
     0.0520      4.2640      0.0000
     0.0520    104.0123      0.0000
     0.0520    104.0123      0.0000
     0.0520    104.0123      0.0000
     0.0520    104.0123      0.0000
     0.0520    104.0123      0.0000
     0.0520    104.0123      0.0000
     0.0520    104.0123      0.0000
     0.0520    104.0123      0.0000
     0.0520    104.0123      0.0000
     0.0520    104.0123      0.0000
     0.0520    104.0123      0.0000
     0.0520    104.0123      0.0000
     0.0520    104.0123      0.0000
     0.0520    104.0123      0.0000
     0.0520    104.0123      0.0000
     0.0520    104.0123      0.0000
     0.0520    104.0123      0.0000
     0.0520    104.0123      0.0000
     0.0520    104.0123      0.0000
     0.0520    104.0123      0.0000
     0.0589      0.5438      0.0000
     0.0589      0.5438      0.0005
     0.0589      0.5438      0.0027
     0.0589      0.5438      0.0016
     0.0589      0.5438      0.0001
     0.0589      1.1474      0.0000
     0.0589      1.1474      0.0004
     0.0589      1.1474      0.0019
     0.0589      1.1474      0.0011
     0.0589      1.1474      0.0001
     0.0589      1.1474      0.0000
     0.0589      1.1474      0.0003
     0.0589      1.1474      0.0013
     0.0589      1.1474      0.0007
     0.0589      1.1474      0.0000
     0.0589      1.7810      0.0000
     0.0589      1.7528      0.0003
     0.0589      1.7528      0.0017
     0.0589      1.7528      0.0010
     0.0589      1.7245      0.0001
     0.0589      1.7528      0.0000
     0.0589      1.7528      0.0002
     0.0589      1.7528      0.0012
     0.0589      1.7528      0.0007
     0.0589      1.7245      0.0000
     0.0589      4.3879      0.0000
     0.0589      4.3879      0.0002
     0.0589      4.3879      0.0012
     0.0589      4.3879      0.0007
     0.0589      4.3294      0.0000
     0.0589      4.3879      0.0000
     0.0589      4.2709      0.0002
     0.0589      4.3879      0.0008
     0.0589      4.3879      0.0005
     0.0589      4.2709      0.0000
     0.0589      4.3879      0.0000
     0.0589      4.2709      0.0002
     0.0589      4.3879      0.0008
     0.0589      4.3879      0.0004
     0.0589      4.2709      0.0000
     0.0589    104.0192      0.0000
     0.0589    104.0192      0.0000
     0.0589    104.0192      0.0000
     0.0589    104.0192      0.0000
     0.0589    104.0192      0.0000
     0.0589    104.0192      0.0000
     0.0589    104.0192      0.0000
     0.0589    104.0192      0.0000
     0.0589    104.0192      0.0000
     0.0589    104.0192      0.0000
     0.0589    104.0192      0.0000
     0.0589    104.0192      0.0000
     0.0589    104.0192      0.0000
     0.0589    104.0192      0.0000
     0.0589    104.0192      0.0000
     0.0589    104.0192      0.0000
     0.0589    104.0192      0.0000
     0.0589    104.0192      0.0000
     0.0589    104.0192      0.0000
     0.0589    104.0192      0.0000
     0.0667      0.5417      0.0000
     0.0667      0.5417      0.0001
     0.0667      0.5417      0.0000
     0.0667      1.1552      0.0000
     0.0667      1.1354      0.0001
     0.0667      1.1354      0.0000
     0.0667      1.1354      0.0000
     0.0667      1.1354      0.0000
     0.0667      1.1354      0.0000
     0.0667      1.8170      0.0000
     0.0667      1.7888      0.0001
     0.0667      1.7888      0.0000
     0.0667      1.7323      0.0000
     0.0667      1.7323      0.0000
     0.0667      1.7323      0.0000
     0.0667      1.7323      0.0000
     0.0667      4.3956      0.0000
     0.0667      4.3956      0.0000
     0.0667      4.3956      0.0000
     0.0667      4.3956      0.0000
     0.0667      4.3956      0.0000
     0.0667      4.3956      0.0000
     0.0667      4.3956      0.0000
     0.0667      4.2786      0.0000
     0.0667      4.3956      0.0000
     0.0667    104.0270      0.0000
     0.0667    104.0270      0.0000
     0.0667    104.0270      0.0000
     0.0667    104.0270      0.0000
     0.0667    104.0270      0.0000
     0.0667    104.0270      0.0000
     0.0667    104.0270      0.0000
     0.0667    104.0270      0.0000
     0.0667    104.0270      0.0000
     0.0667    104.0270      0.0000
     0.0667    104.0270      0.0000
     0.0667    104.0270      0.0000
     0.0855      0.5407      0.0001
     0.0855      0.5407      0.0011
     0.0855      0.5407      0.0008
     0.0855      0.5407      0.0001
     0.0855      1.1344      0.0001
     0.0855      1.1344      0.0007
     0.0855      1.1344      0.0006
     0.0855      1.1344      0.0001
     0.0855      1.1344      0.0001
     0.0855      1.1344      0.0005
     0.0855      1.1344      0.0004
     0.0855      1.1344      0.0000
     0.0855      1.7511      0.0001
     0.0855      1.7511      0.0006
     0.0855      1.7511      0.0005
     0.0855      1.6946      0.0001
     0.0855      1.7511      0.0001
     0.0855      1.7511      0.0004
     0.0855      1.7511      0.0003
     0.0855      1.6946      0.0000
     0.0855      1.7511      0.0000
     0.0855      1.7511      0.0004
     0.0855      1.7511      0.0003
     0.0855      1.6946      0.0000
     0.0855      4.3559      0.0001
     0.0855      4.3559      0.0004
     0.0855      4.2974      0.0003
     0.0855      4.2974      0.0000
     0.0855      4.3559      0.0000
     0.0855      4.3559      0.0003
     0.0855      4.2974      0.0002
     0.0855      4.2974      0.0000
     0.0855      4.3559      0.0000
     0.0855      4.3559      0.0003
     0.0855      4.2974      0.0002
     0.0855      4.2974      0.0000
     0.0855    104.0458      0.0000
     0.0855    104.0458      0.0000
     0.0855    104.0458      0.0000
     0.0855    104.0458      0.0000
     0.0855    104.0458      0.0000
     0.0855    104.0458      0.0000
     0.0855    104.0458      0.0000
     0.0855    104.0458      0.0000
     0.0855    104.0458      0.0000
     0.0855    104.0458      0.0000
     0.0855    104.0458      0.0000
     0.0855    104.0458      0.0000
     0.0855    104.0458      0.0000
     0.0855    104.0458      0.0000
     0.0855    104.0458      0.0000
     0.0855    104.0458      0.0000
     0.0968      0.5322      0.0000
     0.0968      0.5322      0.0000
     0.0968      0.5322      0.0002
     0.0968      0.5322      0.0001
     0.0968      0.5322      0.0000
     0.0968      1.1457      0.0000
     0.0968      1.1259      0.0000
     0.0968      1.1259      0.0001
     0.0968      1.1259      0.0001
     0.0968      1.1259      0.0000
     0.0968      1.1457      0.0000
     0.0968      1.1259      0.0000
     0.0968      1.1259      0.0001
     0.0968      1.1259      0.0001
     0.0968      1.1259      0.0000
     0.0968      1.8471      0.0000
     0.0968      1.8471      0.0000
     0.0968      1.7342      0.0001
     0.0968      1.7342      0.0001
     0.0968      1.7342      0.0000
     0.0968      1.7906      0.0000
     0.0968      1.7342      0.0000
     0.0968      1.7342      0.0001
     0.0968      1.7342      0.0001
     0.0968      1.7059      0.0000
     0.0968      1.7906      0.0000
     0.0968      1.7342      0.0000
     0.0968      1.7342      0.0001
     0.0968      1.7342      0.0001
     0.0968      1.7059      0.0000
     0.0968      4.3087      0.0000
     0.0968      4.3087      0.0000
     0.0968      4.3087      0.0001
     0.0968      4.3087      0.0001
     0.0968      4.2502      0.0000
     0.0968      4.3087      0.0000
     0.0968      4.3087      0.0000
     0.0968      4.3087      0.0001
     0.0968      4.3087      0.0000
     0.0968      4.2502      0.0000
     0.0968      4.3087      0.0000
     0.0968      4.3087      0.0000
     0.0968      4.3087      0.0001
     0.0968      4.3087      0.0000
     0.0968      4.2502      0.0000
     0.0968    104.0571      0.0000
     0.0968    104.0571      0.0000
     0.0968    104.0571      0.0000
     0.0968    104.0571      0.0000
     0.0968    104.0571      0.0000
     0.0968    104.0571      0.0000
     0.0968    104.0571      0.0000
     0.0968    104.0571      0.0000
     0.0968    104.0571      0.0000
     0.0968    104.0571      0.0000
     0.0968    104.0571      0.0000
     0.0968    104.0571      0.0000
     0.0968    104.0571      0.0000
     0.0968    104.0571      0.0000
     0.0968    104.0571      0.0000
     0.0968    104.0571      0.0000
     0.0968    104.0571      0.0000
     0.0968    104.0571      0.0000
     0.0968    104.0571      0.0000
     0.0968    104.0571      0.0000
     0.1096      0.5351      0.0000
     0.1096      0.5351      0.0001
     0.1096      0.5351      0.0014
     0.1096      0.5351      0.0014
     0.1096      0.5351      0.0001
     0.1096      1.1387      0.0000
     0.1096      1.1387      0.0001
     0.1096      1.1189      0.0009
     0.1096      1.1189      0.0009
     0.1096      1.1189      0.0001
     0.1096      1.1387      0.0000
     0.1096      1.1387      0.0001
     0.1096      1.1189      0.0006
     0.1096      1.1189      0.0006
     0.1096      1.1189      0.0000
     0.1096      1.8317      0.0000
     0.1096      1.8317      0.0001
     0.1096      1.7752      0.0009
     0.1096      1.7187      0.0008
     0.1096      1.7187      0.0001
     0.1096      1.8317      0.0000
     0.1096      1.8317      0.0001
     0.1096      1.7187      0.0006
     0.1096      1.7187      0.0006
     0.1096      1.7187      0.0000
     0.1096      1.8317      0.0000
     0.1096      1.8317      0.0000
     0.1096      1.7187      0.0005
     0.1096      1.7187      0.0005
     0.1096      1.7187      0.0000
     0.1096      4.2630      0.0000
     0.1096      4.2630      0.0001
     0.1096      4.2630      0.0006
     0.1096      4.2630      0.0006
     0.1096      4.2045      0.0000
     0.1096      4.2630      0.0000
     0.1096      4.2630      0.0000
     0.1096      4.2630      0.0004
     0.1096      4.2630      0.0004
     0.1096      4.2045      0.0000
     0.1096      4.2630      0.0000
     0.1096      4.2630      0.0000
     0.1096      4.2630      0.0004
     0.1096      4.2630      0.0004
     0.1096      4.2045      0.0000
     0.1096    104.0699      0.0000
     0.1096    104.0699      0.0000
     0.1096    104.0699      0.0000
     0.1096    104.0699      0.0000
     0.1096    104.0699      0.0000
     0.1096    104.0699      0.0000
     0.1096    104.0699      0.0000
     0.1096    104.0699      0.0000
     0.1096    104.0699      0.0000
     0.1096    104.0699      0.0000
     0.1096    104.0699      0.0000
     0.1096    104.0699      0.0000
     0.1096    104.0699      0.0000
     0.1096    104.0699      0.0000
     0.1096    104.0699      0.0000
     0.1096    104.0699      0.0000
     0.1096    104.0699      0.0000
     0.1096    104.0699      0.0000
     0.1096    104.0699      0.0000
     0.1096    104.0699      0.0000
     0.1241      0.5298      0.0000
     0.1241      0.5298      0.0005
     0.1241      0.5298      0.0018
     0.1241      0.5298      0.0009
     0.1241      0.5298      0.0001
     0.1241      1.1136      0.0000
     0.1241      1.1136      0.0003
     0.1241      1.1136      0.0012
     0.1241      1.1136      0.0006
     0.1241      1.0938      0.0001
     0.1241      1.1136      0.0000
     0.1241      1.1136      0.0002
     0.1241      1.1136      0.0008
     0.1241      1.1136      0.0004
     0.1241      1.0938      0.0000
     0.1241      1.8179      0.0000
     0.1241      1.8179      0.0003
     0.1241      1.7897      0.0011
     0.1241      1.7615      0.0006
     0.1241      1.7050      0.0001
     0.1241      1.8179      0.0000
     0.1241      1.8179      0.0002
     0.1241      1.7897      0.0007
     0.1241      1.7050      0.0004
     0.1241      1.7050      0.0000
     0.1241      1.8179      0.0000
     0.1241      1.8179      0.0002
     0.1241      1.7897      0.0007
     0.1241      1.7050      0.0003
     0.1241      1.7050      0.0000
     0.1241      4.2190      0.0000
     0.1241      4.2190      0.0002
     0.1241      4.2190      0.0008
     0.1241      4.2190      0.0004
     0.1241      4.3360      0.0000
     0.1241      4.2190      0.0000
     0.1241      4.2190      0.0001
     0.1241      4.2190      0.0005
     0.1241      4.2190      0.0003
     0.1241      4.3360      0.0000
     0.1241      4.2190      0.0000
     0.1241      4.2190      0.0001
     0.1241      4.2190      0.0005
     0.1241      4.2190      0.0002
     0.1241      4.2190      0.0000
     0.1241    104.0843      0.0000
     0.1241    104.0843      0.0000
     0.1241    104.0843      0.0000
     0.1241    104.0843      0.0000
     0.1241    104.0843      0.0000
     0.1241    104.0843      0.0000
     0.1241    104.0843      0.0000
     0.1241    104.0843      0.0000
     0.1241    104.0843      0.0000
     0.1241    104.0843      0.0000
     0.1241    104.0843      0.0000
     0.1241    104.0843      0.0000
     0.1241    104.0843      0.0000
     0.1241    104.0843      0.0000
     0.1241    104.0843      0.0000
     0.1241    104.0843      0.0000
     0.1241    104.0843      0.0000
     0.1241    104.0843      0.0000
     0.1241    104.0843      0.0000
     0.1241    104.0843      0.0000
     0.1405      1.1102      0.0000
     0.1405      1.1498      0.0001
     0.1405      1.1498      0.0006
     0.1405      1.1300      0.0006
     0.1405      1.1300      0.0001
     0.1405      1.1102      0.0000
     0.1405      1.1102      0.0000
     0.1405      1.1102      0.0004
     0.1405      1.1102      0.0004
     0.1405      1.1102      0.0000
     0.1405      1.8061      0.0000
     0.1405      1.7779      0.0001
     0.1405      1.7779      0.0005
     0.1405      1.7496      0.0005
     0.1405      1.7496      0.0001
     0.1405      1.7779      0.0000
     0.1405      1.7779      0.0000
     0.1405      1.7779      0.0004
     0.1405      1.7496      0.0003
     0.1405      1.6932      0.0000
     0.1405      1.7779      0.0000
     0.1405      1.7779      0.0000
     0.1405      1.7779      0.0003
     0.1405      1.7496      0.0003
     0.1405      1.6932      0.0000
     0.1405      4.1769      0.0000
     0.1405      4.1769      0.0000
     0.1405      4.1769      0.0004
     0.1405      4.1769      0.0004
     0.1405      4.2354      0.0000
     0.1405      4.1769      0.0000
     0.1405      4.1769      0.0000
     0.1405      4.1769      0.0003
     0.1405      4.1769      0.0002
     0.1405      4.2354      0.0000
     0.1405      4.1769      0.0000
     0.1405      4.1769      0.0000
     0.1405      4.1769      0.0002
     0.1405      4.1769      0.0002
     0.1405      4.2354      0.0000
     0.1405    104.1007      0.0000
     0.1405    104.1007      0.0000
     0.1405    104.1007      0.0000
     0.1405    104.1007      0.0000
     0.1405    104.1007      0.0000
     0.1405    104.1007      0.0000
     0.1405    104.1007      0.0000
     0.1405    104.1007      0.0000
     0.1405    104.1007      0.0000
     0.1405    104.1007      0.0000
     0.1405    104.1007      0.0000
     0.1405    104.1007      0.0000
     0.1405    104.1007      0.0000
     0.1405    104.1007      0.0000
     0.1405    104.1007      0.0000
     0.1405    104.1007      0.0000
     0.1405    104.1007      0.0000
     0.1405    104.1007      0.0000
     0.1405    104.1007      0.0000
     0.1405    104.1007      0.0000
     0.1590      1.1882      0.0000
     0.1590      1.1288      0.0001
     0.1590      1.1288      0.0008
     0.1590      1.1288      0.0008
     0.1590      1.1288      0.0001
     0.1590      1.1288      0.0000
     0.1590      1.1288      0.0001
     0.1590      1.1288      0.0006
     0.1590      1.1288      0.0005
     0.1590      1.1288      0.0001
     0.1590      1.7964      0.0000
     0.1590      1.7964      0.0001
     0.1590      1.8247      0.0007
     0.1590      1.7682      0.0007
     0.1590      1.7400      0.0001
     0.1590      1.7964      0.0000
     0.1590      1.7682      0.0001
     0.1590      1.7682      0.0005
     0.1590      1.7400      0.0005
     0.1590      1.7400      0.0001
     0.1590      1.7964      0.0000
     0.1590      1.7682      0.0001
     0.1590      1.7682      0.0005
     0.1590      1.7400      0.0004
     0.1590      1.7400      0.0001
     0.1590      4.4295      0.0000
     0.1590      4.2540      0.0001
     0.1590      4.1370      0.0005
     0.1590      4.1370      0.0005
     0.1590      4.2540      0.0001
     0.1590      4.4295      0.0000
     0.1590      4.1370      0.0000
     0.1590      4.1370      0.0003
     0.1590      4.1370      0.0003
     0.1590      4.2540      0.0001
     0.1590      4.1370      0.0000
     0.1590      4.1370      0.0000
     0.1590      4.1370      0.0003
     0.1590      4.1370      0.0003
     0.1590      4.2540      0.0000
     0.1590    104.1193      0.0000
     0.1590    104.1193      0.0000
     0.1590    104.1193      0.0000
     0.1590    104.1193      0.0000
     0.1590    104.1193      0.0000
     0.1590    104.1193      0.0000
     0.1590    104.1193      0.0000
     0.1590    104.1193      0.0000
     0.1590    104.1193      0.0000
     0.1590    104.1193      0.0000
     0.1590    104.1193      0.0000
     0.1590    104.1193      0.0000
     0.1590    104.1193      0.0000
     0.1590    104.1193      0.0000
     0.1590    104.1193      0.0000
     0.1590    104.1193      0.0000
     0.1590    104.1193      0.0000
     0.1590    104.1193      0.0000
     0.1590    104.1193      0.0000
     0.1590    104.1193      0.0000
     0.1801      1.1894      0.0000
     0.1801      1.1498      0.0001
     0.1801      1.1498      0.0008
     0.1801      1.1498      0.0010
     0.1801      1.1102      0.0002
     0.1801      1.1696      0.0000
     0.1801      1.1498      0.0000
     0.1801      1.1498      0.0006
     0.1801      1.1102      0.0007
     0.1801      1.1102      0.0001
     0.1801      1.7892      0.0000
     0.1801      1.7892      0.0001
     0.1801      1.7892      0.0008
     0.1801      1.7610      0.0009
     0.1801      1.7328      0.0002
     0.1801      1.7892      0.0000
     0.1801      1.7610      0.0000
     0.1801      1.7892      0.0005
     0.1801      1.7328      0.0006
     0.1801      1.7328      0.0001
     0.1801      1.7892      0.0000
     0.1801      1.7610      0.0000
     0.1801      1.7892      0.0005
     0.1801      1.7328      0.0006
     0.1801      1.7328      0.0001
     0.1801      4.3335      0.0000
     0.1801      4.2750      0.0000
     0.1801      4.2165      0.0005
     0.1801      4.0995      0.0007
     0.1801      4.1580      0.0001
     0.1801      4.3335      0.0000
     0.1801      4.2165      0.0000
     0.1801      4.0995      0.0004
     0.1801      4.0995      0.0005
     0.1801      4.1580      0.0001
     0.1801      4.3335      0.0000
     0.1801      4.2165      0.0000
     0.1801      4.0995      0.0003
     0.1801      4.0995      0.0004
     0.1801      4.1580      0.0001
     0.1801    102.7724      0.0000
     0.1801    102.7724      0.0000
     0.1801    102.7724      0.0000
     0.1801    102.7724      0.0000
     0.1801    102.7724      0.0000
     0.1801    102.7724      0.0000
     0.1801    102.7724      0.0000
     0.1801    102.7724      0.0000
     0.1801    102.7724      0.0000
     0.1801    102.7724      0.0000
     0.1801    102.7724      0.0000
     0.1801    102.7724      0.0000
     0.1801    102.7724      0.0000
     0.1801    102.7724      0.0000
     0.1801    102.7724      0.0000
     0.1801    102.7724      0.0000
     0.1801    102.7724      0.0000
     0.1801    102.7724      0.0000
     0.1801    102.7724      0.0000
     0.1801    102.7724      0.0000
     0.2039      1.1934      0.0000
     0.2039      1.1934      0.0000
     0.2039      1.1340      0.0006
     0.2039      1.1340      0.0006
     0.2039      1.1340      0.0001
     0.2039      1.1736      0.0000
     0.2039      1.1934      0.0000
     0.2039      1.1340      0.0004
     0.2039      1.1340      0.0004
     0.2039      1.1340      0.0001
     0.2039      1.7848      0.0000
     0.2039      1.7848      0.0000
     0.2039      1.7848      0.0005
     0.2039      1.7283      0.0005
     0.2039      1.7283      0.0001
     0.2039      1.7848      0.0000
     0.2039      1.7566      0.0000
     0.2039      1.7566      0.0004
     0.2039      1.7283      0.0004
     0.2039      1.7283      0.0001
     0.2039      1.7848      0.0000
     0.2039      1.7566      0.0000
     0.2039      1.7566      0.0003
     0.2039      1.7283      0.0003
     0.2039      1.7283      0.0001
     0.2039      4.2988      0.0000
     0.2039      4.2988      0.0000
     0.2039      4.1818      0.0004
     0.2039      4.1818      0.0004
     0.2039      4.1818      0.0001
     0.2039      4.2988      0.0000
     0.2039      4.2988      0.0000
     0.2039      4.1818      0.0003
     0.2039      4.1818      0.0003
     0.2039      4.1818      0.0000
     0.2039    102.7963      0.0000
     0.2039    102.7963      0.0000
     0.2039    102.7963      0.0000
     0.2039    102.7963      0.0000
     0.2039    102.7963      0.0000
     0.2039    102.7963      0.0000
     0.2039    102.7963      0.0000
     0.2039    102.7963      0.0000
     0.2039    102.7963      0.0000
     0.2039    102.7963      0.0000
     0.2039    102.7963      0.0000
     0.2039    102.7963      0.0000
     0.2039    102.7963      0.0000
     0.2039    102.7963      0.0000
     0.2039    102.7963      0.0000
     0.2039    102.7963      0.0000
     0.2039    102.7963      0.0000
     0.2039    102.7963      0.0000
     0.2039    102.7963      0.0000
     0.2039    102.7963      0.0000
     0.2613      1.2113      0.0000
     0.2613      1.1915      0.0004
     0.2613      1.2113      0.0020
     0.2613      1.1717      0.0020
     0.2613      1.1717      0.0003
     0.2613      1.1915      0.0000
     0.2613      1.1915      0.0003
     0.2613      1.2113      0.0013
     0.2613      1.1717      0.0013
     0.2613      1.1519      0.0002
     0.2613      1.1915      0.0000
     0.2613      1.1915      0.0002
     0.2613      1.1717      0.0012
     0.2613      1.1717      0.0012
     0.2613      1.1519      0.0002
     0.2613      1.7294      0.0000
     0.2613      1.7294      0.0003
     0.2613      1.7294      0.0017
     0.2613      1.7011      0.0017
     0.2613      1.7294      0.0003
     0.2613      1.7294      0.0000
     0.2613      1.7294      0.0002
     0.2613      1.7294      0.0012
     0.2613      1.7011      0.0012
     0.2613      1.7011      0.0002
     0.2613      1.7294      0.0000
     0.2613      1.7294      0.0002
     0.2613      1.7294      0.0010
     0.2613      1.7011      0.0010
     0.2613      1.7011      0.0002
     0.2613      4.1808      0.0000
     0.2613      4.1808      0.0002
     0.2613      4.1808      0.0013
     0.2613      4.1808      0.0013
     0.2613      4.1223      0.0002
     0.2613      4.1808      0.0000
     0.2613      4.1808      0.0002
     0.2613      4.1808      0.0008
     0.2613      4.1808      0.0008
     0.2613      4.0053      0.0001
     0.2613    102.8537      0.0000
     0.2613    102.8537      0.0000
     0.2613    102.8537      0.0000
     0.2613    102.8537      0.0000
     0.2613    102.8537      0.0000
     0.2613    102.8537      0.0000
     0.2613    102.8537      0.0000
     0.2613    102.8537      0.0000
     0.2613    102.8537      0.0000
     0.2613    102.8537      0.0000
     0.2613    102.8537      0.0000
     0.2613    102.8537      0.0000
     0.2613    102.8537      0.0000
     0.2613    102.8537      0.0000
     0.2613    102.8537      0.0000
     0.2613    102.8537      0.0000
     0.2613    102.8537      0.0000
     0.2613    102.8537      0.0000
     0.2613    102.8537      0.0000
     0.2613    102.8537      0.0000
     0.2959      1.6792      0.0000
     0.2959      1.6792      0.0000
     0.2959      1.6792      0.0000
     0.2959      4.0984      0.0000
     0.2959      4.0984      0.0000
     0.2959      4.0984      0.0000
     0.2959    102.8883      0.0000
     0.2959    102.8883      0.0000
     0.2959    102.8883      0.0000
     0.2959    102.8883      0.0000
     0.3350      1.8595      0.0000
     0.3350      1.8030      0.0000
     0.3350      1.7466      0.0004
     0.3350      1.7466      0.0009
     0.3350      1.7466      0.0003
     0.3350      1.8030      0.0000
     0.3350      1.8030      0.0000
     0.3350      1.6619      0.0003
     0.3350      1.7466      0.0006
     0.3350      1.7466      0.0002
     0.3350      1.8030      0.0000
     0.3350      1.7466      0.0000
     0.3350      1.6619      0.0003
     0.3350      1.7466      0.0006
     0.3350      1.7466      0.0002
     0.3350      4.3130      0.0000
     0.3350      4.1960      0.0000
     0.3350      4.0205      0.0003
     0.3350      4.0205      0.0007
     0.3350      4.0205      0.0002
     0.3350      4.1960      0.0000
     0.3350      4.1960      0.0000
     0.3350      4.0205      0.0002
     0.3350      4.0205      0.0005
     0.3350      4.0205      0.0001
     0.3350      4.1960      0.0000
     0.3350      4.1960      0.0000
     0.3350      4.0205      0.0002
     0.3350      4.0205      0.0004
     0.3350      4.0205      0.0001
     0.3350    102.9274      0.0000
     0.3350    102.9274      0.0000
     0.3350    102.9274      0.0000
     0.3350    102.9274      0.0000
     0.3350    102.9274      0.0000
     0.3350    102.9274      0.0000
     0.3350    102.9274      0.0000
     0.3350    102.9274      0.0000
     0.3350    102.9274      0.0000
     0.3350    102.9274      0.0000
     0.3350    102.9274      0.0000
     0.3350    102.9274      0.0000
     0.3350    102.9274      0.0000
     0.3350    102.9274      0.0000
     0.3350    102.9274      0.0000
     0.3350    102.9274      0.0000
     0.3350    102.9274      0.0000
     0.3350    102.9274      0.0000
     0.3350    102.9274      0.0000
     0.3350    102.9274      0.0000
     0.3793      1.8191      0.0000
     0.3793      1.7909      0.0000
     0.3793      1.8191      0.0002
     0.3793      1.8191      0.0005
     0.3793      1.7344      0.0003
     0.3793      1.8191      0.0000
     0.3793      1.7909      0.0000
     0.3793      1.8191      0.0001
     0.3793      1.8191      0.0003
     0.3793      1.7344      0.0002
     0.3793      1.8191      0.0000
     0.3793      1.7909      0.0000
     0.3793      1.8191      0.0001
     0.3793      1.8191      0.0003
     0.3793      1.7344      0.0002
     0.3793      4.2403      0.0000
     0.3793      4.2403      0.0000
     0.3793      4.2403      0.0001
     0.3793      3.9478      0.0003
     0.3793      3.9478      0.0002
     0.3793      4.2403      0.0000
     0.3793      4.2403      0.0000
     0.3793      4.2403      0.0001
     0.3793      3.9478      0.0002
     0.3793      3.9478      0.0001
     0.3793      4.2403      0.0000
     0.3793      4.2403      0.0000
     0.3793      4.2403      0.0001
     0.3793      3.9478      0.0002
     0.3793      3.9478      0.0001
     0.3793    102.9717      0.0000
     0.3793    102.9717      0.0000
     0.3793    102.9717      0.0000
     0.3793    102.9717      0.0000
     0.3793    102.9717      0.0000
     0.3793    102.9717      0.0000
     0.3793    102.9717      0.0000
     0.3793    102.9717      0.0000
     0.3793    102.9717      0.0000
     0.3793    102.9717      0.0000
     0.3793    102.9717      0.0000
     0.3793    102.9717      0.0000
     0.3793    102.9717      0.0000
     0.3793    102.9717      0.0000
     0.3793    102.9717      0.0000
     0.3793    102.9717      0.0000
     0.3793    102.9717      0.0000
     0.3793    102.9717      0.0000
     0.3793    102.9717      0.0000
     0.3793    102.9717      0.0000
     0.4295      1.8128      0.0000
     0.4295      1.7845      0.0001
     0.4295      1.7845      0.0015
     0.4295      1.8128      0.0019
     0.4295      1.8128      0.0004
     0.4295      1.8128      0.0000
     0.4295      1.7845      0.0001
     0.4295      1.7845      0.0010
     0.4295      1.8128      0.0012
     0.4295      1.8128      0.0002
     0.4295      1.7845      0.0001
     0.4295      1.7845      0.0008
     0.4295      1.8128      0.0011
     0.4295      1.8128      0.0002
     0.4295      4.1149      0.0000
     0.4295      4.1149      0.0001
     0.4295      4.1149      0.0011
     0.4295      4.1149      0.0013
     0.4295      4.0564      0.0003
     0.4295      4.1149      0.0000
     0.4295      4.1149      0.0001
     0.4295      4.1149      0.0007
     0.4295      4.1149      0.0009
     0.4295      3.9979      0.0002
     0.4295      4.1149      0.0000
     0.4295      4.1149      0.0000
     0.4295      4.1149      0.0006
     0.4295      4.1149      0.0007
     0.4295      3.9979      0.0001
     0.4295    101.6539      0.0000
     0.4295    101.6539      0.0000
     0.4295    101.6539      0.0000
     0.4295    101.6539      0.0000
     0.4295    101.6539      0.0000
     0.4295    101.6539      0.0000
     0.4295    101.6539      0.0000
     0.4295    101.6539      0.0000
     0.4295    101.6539      0.0000
     0.4295    101.6539      0.0000
     0.4295    101.6539      0.0000
     0.4295    101.6539      0.0000
     0.4295    101.6539      0.0000
     0.4295    101.6539      0.0000
     0.4295    101.6539      0.0000
     0.4295    101.6539      0.0000
     0.4295    101.6539      0.0000
     0.4295    101.6539      0.0000
     0.4295    101.6539      0.0000
     0.4295    101.6539      0.0000
     0.4862      4.2302      0.0000
     0.4862      4.1717      0.0000
     0.4862      4.1717      0.0005
     0.4862      4.1717      0.0015
     0.4862      4.1132      0.0005
     0.4862      4.1717      0.0000
     0.4862      4.1717      0.0000
     0.4862      4.1717      0.0003
     0.4862      4.1717      0.0009
     0.4862      4.0547      0.0003
     0.4862      4.1717      0.0000
     0.4862      4.1717      0.0000
     0.4862      4.1717      0.0003
     0.4862      4.1717      0.0008
     0.4862      4.0547      0.0003
     0.4862    101.7107      0.0000
     0.4862    101.7107      0.0000
     0.4862    101.7107      0.0000
     0.4862    101.7107      0.0000
     0.4862    101.7107      0.0000
     0.4862    101.7107      0.0000
     0.4862    101.7107      0.0000
     0.4862    101.7107      0.0000
     0.4862    101.7107      0.0000
     0.4862    101.7107      0.0000
     0.4862    101.7107      0.0000
     0.4862    101.7107      0.0000
     0.4862    101.7107      0.0000
     0.4862    101.7107      0.0000
     0.4862    101.7107      0.0000
     0.4862    101.7107      0.0000
     0.4862    101.7107      0.0000
     0.4862    101.7107      0.0000
     0.4862    101.7107      0.0000
     0.4862    101.7107      0.0000
     0.5505      4.1775      0.0000
     0.5505      4.1775      0.0000
     0.5505      4.1775      0.0001
     0.5505      4.1775      0.0003
     0.5505      4.1775      0.0003
     0.5505      4.1775      0.0000
     0.5505      4.1775      0.0000
     0.5505      4.1775      0.0000
     0.5505      4.1775      0.0002
     0.5505      4.1775      0.0002
     0.5505      4.1775      0.0000
     0.5505      4.1775      0.0000
     0.5505      4.1775      0.0000
     0.5505      4.1775      0.0002
     0.5505      4.1775      0.0002
     0.5505    101.7750      0.0000
     0.5505    101.7750      0.0000
     0.5505    101.7750      0.0000
     0.5505    101.7750      0.0000
     0.5505    101.7750      0.0000
     0.5505    101.7750      0.0000
     0.5505    101.7750      0.0000
     0.5505    101.7750      0.0000
     0.5505    101.7750      0.0000
     0.5505    101.7750      0.0000
     0.5505    101.7750      0.0000
     0.5505    101.7750      0.0000
     0.5505    101.7750      0.0000
     0.5505    101.7750      0.0000
     0.5505    101.7750      0.0000
     0.5505    101.7750      0.0000
     0.5505    101.7750      0.0000
     0.5505    101.7750      0.0000
     0.5505    101.7750      0.0000
     0.5505    101.7750      0.0000
     0.6233      4.1333      0.0000
     0.6233      4.1333      0.0000
     0.6233      4.1333      0.0002
     0.6233      4.1333      0.0010
     0.6233      4.1333      0.0005
     0.6233      4.1333      0.0000
     0.6233      4.1333      0.0000
     0.6233      4.1333      0.0001
     0.6233      4.1333      0.0006
     0.6233      4.1333      0.0003
     0.6233      4.1333      0.0000
     0.6233      4.1333      0.0000
     0.6233      4.1333      0.0001
     0.6233      4.1333      0.0005
     0.6233      4.1333      0.0003
     0.6233    101.8478      0.0000
     0.6233    101.8478      0.0000
     0.6233    101.8478      0.0000
     0.6233    101.8478      0.0000
     0.6233    101.8478      0.0000
     0.6233    101.8478      0.0000
     0.6233    101.8478      0.0000
     0.6233    101.8478      0.0000
     0.6233    101.8478      0.0000
     0.6233    101.8478      0.0000
     0.6233    101.8478      0.0000
     0.6233    101.8478      0.0000
     0.6233    101.8478      0.0000
     0.6233    101.8478      0.0000
     0.6233    101.8478      0.0000
     0.6233    101.8478      0.0000
     0.6233    101.8478      0.0000
     0.6233    101.8478      0.0000
     0.6233    101.8478      0.0000
     0.6233    101.8478      0.0000
     0.7057      4.0402      0.0000
     0.7057      4.0402      0.0000
     0.7057      4.0402      0.0000
     0.7057      4.0402      0.0001
     0.7057      4.0402      0.0001
     0.7057      4.0402      0.0000
     0.7057      4.0402      0.0000
     0.7057      4.0402      0.0000
     0.7057      4.0402      0.0001
     0.7057      4.0402      0.0001
     0.7057      4.0402      0.0000
     0.7057      4.0402      0.0000
     0.7057      4.0402      0.0000
     0.7057      4.0402      0.0001
     0.7057      4.0402      0.0001
     0.7057      4.0402      0.0000
     0.7057      4.0402      0.0000
     0.7057      4.0402      0.0000
     0.7057      4.0402      0.0000
     0.7057      4.0402      0.0001
     0.7057    100.5623      0.0000
     0.7057    100.5623      0.0000
     0.7057    100.5623      0.0000
     0.7057    100.5623      0.0000
     0.7057    100.5623      0.0000
     0.7057    100.5623      0.0000
     0.7057    100.5623      0.0000
     0.7057    100.5623      0.0000
     0.7057    100.5623      0.0000
     0.7057    100.5623      0.0000
     0.7057    100.5623      0.0000
     0.7057    100.5623      0.0000
     0.7057    100.5623      0.0000
     0.7057    100.5623      0.0000
     0.7057    100.5623      0.0000
     0.7057    100.5623      0.0000
     0.7057    100.5623      0.0000
     0.7057    100.5623      0.0000
     0.7057    100.5623      0.0000
     0.7057    100.5623      0.0000
     0.7990      4.0750      0.0000
     0.7990      4.0750      0.0000
     0.7990      4.0750      0.0000
     0.7990      4.0750      0.0004
     0.7990      3.8995      0.0005
     0.7990      4.0750      0.0000
     0.7990      4.0750      0.0000
     0.7990      4.0750      0.0000
     0.7990      4.0750      0.0002
     0.7990      3.8995      0.0003
     0.7990      4.0750      0.0000
     0.7990      4.0750      0.0000
     0.7990      4.0750      0.0000
     0.7990      4.0750      0.0002
     0.7990      3.8995      0.0002
     0.7990      4.0750      0.0000
     0.7990      4.0750      0.0000
     0.7990      4.0750      0.0000
     0.7990      4.0750      0.0001
     0.7990      3.8995      0.0002
     0.7990    100.6556      0.0000
     0.7990    100.6556      0.0000
     0.7990    100.6556      0.0000
     0.7990    100.6556      0.0000
     0.7990    100.6556      0.0000
     0.7990    100.6556      0.0000
     0.7990    100.6556      0.0000
     0.7990    100.6556      0.0000
     0.7990    100.6556      0.0000
     0.7990    100.6556      0.0000
     0.7990    100.6556      0.0000
     0.7990    100.6556      0.0000
     0.7990    100.6556      0.0000
     0.7990    100.6556      0.0000
     0.7990    100.6556      0.0000
     0.7990    100.6556      0.0000
     0.7990    100.6556      0.0000
     0.7990    100.6556      0.0000
     0.7990    100.6556      0.0000
     0.7990    100.6556      0.0000
     0.9047      3.9467      0.0000
     0.9047      3.9467      0.0000
     0.9047      3.9467      0.0000
     0.9047      3.9467      0.0001
     0.9047      3.9467      0.0001
     0.9047      3.9467      0.0000
     0.9047      3.9467      0.0000
     0.9047      3.9467      0.0000
     0.9047      3.9467      0.0000
     0.9047      3.9467      0.0001
     0.9047      3.9467      0.0000
     0.9047      3.9467      0.0000
     0.9047      3.9467      0.0000
     0.9047      3.9467      0.0000
     0.9047      3.9467      0.0001
     0.9047      3.9467      0.0000
     0.9047      3.9467      0.0000
     0.9047      3.9467      0.0000
     0.9047      3.9467      0.0000
     0.9047      3.9467      0.0001
     0.9047    102.1292      0.0000
     0.9047    102.1292      0.0000
     0.9047    102.1292      0.0000
     0.9047    102.1292      0.0000
     0.9047    102.1292      0.0000
     0.9047    102.1292      0.0000
     0.9047    102.1292      0.0000
     0.9047    102.1292      0.0000
     0.9047    102.1292      0.0000
     0.9047    102.1292      0.0000
     0.9047    102.1292      0.0000
     0.9047    102.1292      0.0000
     0.9047    102.1292      0.0000
     0.9047    102.1292      0.0000
     0.9047    102.1292      0.0000
     0.9047    102.1292      0.0000
     0.9047    102.1292      0.0000
     0.9047    102.1292      0.0000
     0.9047    102.1292      0.0000
     0.9047    102.1292      0.0000
     1.0243    102.2488      0.0000
     1.0243    102.2488      0.0000
     1.0243    102.2488      0.0000
     1.0243    102.2488      0.0000
     1.0243    102.2488      0.0000
     1.0243    102.2488      0.0000
     1.0243    102.2488      0.0000
     1.0243    102.2488      0.0000
     1.0243    102.2488      0.0000
     1.0243    102.2488      0.0000
     1.0243    102.2488      0.0000
     1.0243    102.2488      0.0000
     1.0243    102.2488      0.0000
     1.0243    102.2488      0.0000
     1.0243    102.2488      0.0000
     1.0243    102.2488      0.0000
     1.0243    102.2488      0.0000
     1.0243    102.2488      0.0000
     1.0243    102.2488      0.0000
     1.0243    102.2488      0.0000
     1.1597    101.0163      0.0000
     1.1597    101.0163      0.0000
     1.1597    101.0163      0.0000
     1.1597    101.0163      0.0000
     1.1597    101.0163      0.0000
     1.1597    101.0163      0.0000
     1.1597    101.0163      0.0000
     1.1597    101.0163      0.0000
     1.1597    101.0163      0.0000
     1.1597    101.0163      0.0000
     1.1597    101.0163      0.0000
     1.1597    101.0163      0.0000
     1.1597    101.0163      0.0000
     1.1597    101.0163      0.0000
     1.1597    101.0163      0.0000
     1.1597    101.0163      0.0000
     1.1597    101.0163      0.0000
     1.1597    101.0163      0.0000
     1.1597    101.0163      0.0000
     1.1597    101.0163      0.0000
     1.3131    101.1697      0.0000
     1.3131    101.1697      0.0000
     1.3131    101.1697      0.0000
     1.3131    101.1697      0.0000
     1.3131    101.1697      0.0000
     1.3131    101.1697      0.0000
     1.3131    101.1697      0.0000
     1.3131    101.1697      0.0000
     1.3131    101.1697      0.0000
     1.3131    101.1697      0.0000
     1.3131    101.1697      0.0000
     1.3131    101.1697      0.0000
     1.3131    101.1697      0.0000
     1.3131    101.1697      0.0000
     1.3131    101.1697      0.0000
     1.3131    101.1697      0.0000
     1.3131    101.1697      0.0000
     1.3131    101.1697      0.0000
     1.3131    101.1697      0.0000
     1.3131    101.1697      0.0000
     1.4867     99.9754      0.0000
     1.4867     99.9754      0.0000
     1.4867     99.9754      0.0000
     1.4867     99.9754      0.0000
     1.4867     99.9754      0.0000
     1.4867     99.9754      0.0000
     1.4867     99.9754      0.0000
     1.4867     99.9754      0.0000
     1.4867     99.9754      0.0000
     1.4867     99.9754      0.0000
     1.4867     99.9754      0.0000
     1.4867     99.9754      0.0000
     1.4867     99.9754      0.0000
     1.4867     99.9754      0.0000
     1.4867     99.9754      0.0000
     1.4867     99.9754      0.0000
     1.4867     99.9754      0.0000
     1.4867     99.9754      0.0000
     1.4867     99.9754      0.0000
     1.4867     99.9754      0.0000
     1.6833    100.1720      0.0000
     1.6833    100.1720      0.0000
     1.6833    100.1720      0.0000
     1.6833    100.1720      0.0000
     1.6833    100.1720      0.0000
     1.6833    100.1720      0.0000
     1.6833    100.1720      0.0000
     1.6833    100.1720      0.0000
     1.6833    100.1720      0.0000
     1.6833    100.1720      0.0000
     1.6833    100.1720      0.0000
     1.6833    100.1720      0.0000
     1.6833    100.1720      0.0000
     1.6833    100.1720      0.0000
     1.6833    100.1720      0.0000
     1.6833    100.1720      0.0000
     1.6833    100.1720      0.0000
     1.6833    100.1720      0.0000
     1.6833    100.1720      0.0000
     1.6833    100.1720      0.0000
     1.9058    101.7624      0.0000
     1.9058    101.7624      0.0000
     1.9058    101.7624      0.0000
     1.9058    101.7624      0.0000
     1.9058    101.7624      0.0000
     1.9058    101.7624      0.0000
     1.9058    101.7624      0.0000
     1.9058    101.7624      0.0000
     1.9058    101.7624      0.0000
     1.9058    101.7624      0.0000
     1.9058    101.7624      0.0000
     1.9058    101.7624      0.0000
     1.9058    101.7624      0.0000
     1.9058    101.7624      0.0000
     1.9058    101.7624      0.0000
     1.9058    101.7624      0.0000
     1.9058    101.7624      0.0000
     1.9058    101.7624      0.0000
     1.9058    101.7624      0.0000
     1.9058    101.7624      0.0000
     2.1578    100.6465      0.0000
     2.1578    100.6465      0.0000
     2.1578    100.6465      0.0000
     2.1578    100.6465      0.0000
     2.1578    100.6465      0.0000
     2.1578    100.6465      0.0000
     2.1578    100.6465      0.0000
     2.1578    100.6465      0.0000
     2.1578    100.6465      0.0000
     2.1578    100.6465      0.0000
     2.1578    100.6465      0.0000
     2.1578    100.6465      0.0000
     2.1578    100.6465      0.0000
     2.1578    100.6465      0.0000
     2.1578    100.6465      0.0000
     2.1578    100.6465      0.0000
     2.4431     99.5639      0.0000
     2.4431     99.5639      0.0000
     2.4431     99.5639      0.0000
     2.4431     99.5639      0.0000
     2.4431     99.5639      0.0000
     2.4431     99.5639      0.0000
     2.4431     99.5639      0.0000
     2.4431     99.5639      0.0000
     2.4431     99.5639      0.0000
     2.4431     99.5639      0.0000
     2.4431     99.5639      0.0000
     2.4431     99.5639      0.0000
     2.4431     99.5639      0.0000
     2.4431     99.5639      0.0000
     2.4431     99.5639      0.0000
     2.4431     99.5639      0.0000
     2.4431     85.8849      0.0000
     2.4431     85.8849      0.0000
     2.4431     85.8849      0.0000
     2.4431     85.8849      0.0000
     2.7661     97.1511      0.0000
     2.7661     97.1511      0.0000
     2.7661     97.1511      0.0000
     2.7661     97.1511      0.0000
     2.7661     97.1511      0.0000
     2.7661     97.1511      0.0000
     2.7661     97.1511      0.0000
     2.7661     97.1511      0.0000
     2.7661     97.1511      0.0000
     2.7661     97.1511      0.0000
     2.7661     97.1511      0.0000
     2.7661     97.1511      0.0000
     2.7661     97.1511      0.0000
     2.7661     97.1511      0.0000
     2.7661     97.1511      0.0000
     2.7661     97.1511      0.0000
     2.7661     84.8400      0.0000
     2.7661     84.8400      0.0000
     2.7661     84.8400      0.0000
     2.7661     84.8400      0.0000
     3.1319     96.1490      0.0000
     3.1319     96.1490      0.0000
     3.1319     96.1490      0.0000
     3.1319     96.1490      0.0000
     3.1319     96.1490      0.0000
     3.1319     96.1490      0.0000
     3.1319     96.1490      0.0000
     3.1319     96.1490      0.0000
     3.1319     96.1490      0.0000
     3.1319     96.1490      0.0000
     3.1319     96.1490      0.0000
     3.1319     96.1490      0.0000
     3.1319     83.8379      0.0000
     3.1319     83.8379      0.0000
     3.1319     83.8379      0.0000
     3.5460     96.5631      0.0000
     3.5460     96.5631      0.0000
     3.5460     96.5631      0.0002
     3.5460     96.5631      0.0000
     3.5460     96.5631      0.0000
     3.5460     96.5631      0.0001
     3.5460     96.5631      0.0000
     3.5460     96.5631      0.0000
     3.5460     96.5631      0.0001
     3.5460     96.5631      0.0000
     3.5460     96.5631      0.0000
     3.5460     96.5631      0.0001
     3.5460     82.8841      0.0000
     3.5460     82.8841      0.0000
     3.5460     82.8841      0.0000
     4.0148     95.6640      0.0000
     4.0148     95.6640      0.0000
     4.0148     95.6640      0.0003
     4.0148     95.6640      0.0000
     4.0148     95.6640      0.0000
     4.0148     95.6640      0.0002
     4.0148     95.6640      0.0000
     4.0148     95.6640      0.0000
     4.0148     95.6640      0.0002
     4.0148     95.6640      0.0000
     4.0148     95.6640      0.0000
     4.0148     95.6640      0.0001
     4.0148     80.6171      0.0000
     4.0148     80.6171      0.0000
     4.0148     80.6171      0.0000
     4.5456     94.8269      0.0000
     4.5456     94.8269      0.0000
     4.5456     94.8269      0.0000
     4.5456     94.8269      0.0000
     4.5456     94.8269      0.0000
     4.5456     94.8269      0.0000
     4.5456     94.8269      0.0000
     4.5456     94.8269      0.0000
     4.5456     79.7800      0.0000
     4.5456     79.7800      0.0000
     5.1466     95.4280      0.0000
     5.1466     95.4280      0.0004
     5.1466     95.4280      0.0000
     5.1466     95.4280      0.0003
     5.1466     95.4280      0.0000
     5.1466     95.4280      0.0002
     5.1466     95.4280      0.0000
     5.1466     95.4280      0.0002
     5.1466     79.0132      0.0000
     5.1466     79.0132      0.0000
     5.8271     92.0047      0.0000
     5.8271     92.0047      0.0000
     5.8271     92.0047      0.0000
     5.8271     92.0047      0.0000
     5.8271     92.0047      0.0000
     5.8271     92.0047      0.0000
     5.8271     92.0047      0.0000
     5.8271     92.0047      0.0000
     5.8271     76.9579      0.0000
     5.8271     76.9579      0.0000
     6.5976     94.1431      0.0009
     6.5976     94.1431      0.0006
     6.5976     94.1431      0.0005
     6.5976     94.1431      0.0004
     6.5976     74.9925      0.0000
     7.4699     92.2796      0.0000
     7.4699     92.2796      0.0000
     7.4699     92.2796      0.0000
     7.4699     92.2796      0.0000
     7.4699     74.4969      0.0000
     8.4576     91.8994      0.0000
     8.4576     91.8994      0.0000
     8.4576     91.8994      0.0000
     8.4576     91.8994      0.0000
     8.4576     72.7488      0.0000
     0.0000      1.4231      0.0000
     0.0000      1.3646      0.0025
     0.0000      1.3256      0.0060
     0.0000      1.2866      0.0022
     0.0000      1.2476      0.0001
     0.0000      2.1134      0.0000
     0.0000      2.0856      0.0022
     0.0000      2.0022      0.0052
     0.0000      1.9744      0.0019
     0.0000      1.9187      0.0001
     0.0000      2.1134      0.0000
     0.0000      2.0856      0.0015
     0.0000      2.0022      0.0035
     0.0000      1.9744      0.0013
     0.0000      1.9187      0.0001
     0.0000      4.7250      0.0000
     0.0000      4.6098      0.0015
     0.0000      4.4946      0.0036
     0.0000      4.4946      0.0013
     0.0000      4.3217      0.0001
     0.0000      4.7250      0.0000
     0.0000      4.6098      0.0010
     0.0000      4.4946      0.0024
     0.0000      4.4946      0.0009
     0.0000      4.3217      0.0001
     0.0000      4.3217      0.0000
     0.0000    115.8758      0.0000
     0.0000    115.8758      0.0000
     0.0000    115.8758      0.0001
     0.0000    115.8758      0.0000
     0.0000    115.8758      0.0000
     0.0000    115.8758      0.0000
     0.0000    115.8758      0.0000
     0.0000    115.8758      0.0000
     0.0000    115.8758      0.0000
     0.0000    115.8758      0.0000
     0.0000    115.8758      0.0000
     0.0000    115.8758      0.0000
     0.0000    115.8758      0.0000
     0.0000    115.8758      0.0000
     0.0000    115.8758      0.0000
     0.0000    115.8758      0.0000
     0.0000    115.8758      0.0000
     0.0000    115.8758      0.0000
     0.0000    115.8758      0.0000
     0.0000    115.8758      0.0000
     0.0003      1.4234      0.0000
     0.0003      1.3649      0.0000
     0.0003      2.1137      0.0000
     0.0003      2.0859      0.0000
     0.0003      2.1137      0.0000
     0.0003      2.0859      0.0000
     0.0003      4.7254      0.0000
     0.0003      4.6101      0.0000
     0.0003      4.7254      0.0000
     0.0003      4.6101      0.0000
     0.0003    115.8761      0.0000
     0.0003    115.8761      0.0000
     0.0003    115.8761      0.0000
     0.0003    115.8761      0.0000
     0.0003    115.8761      0.0000
     0.0003    115.8761      0.0000
     0.0003    115.8761      0.0000
     0.0003    115.8761      0.0000
     0.0004      1.4234      0.0000
     0.0004      1.3650      0.0000
     0.0004      1.3260      0.0000
     0.0004      1.2870      0.0000
     0.0004      1.2480      0.0000
     0.0004      2.1138      0.0000
     0.0004      2.0860      0.0000
     0.0004      2.0025      0.0000
     0.0004      1.9469      0.0000
     0.0004      1.9191      0.0000
     0.0004      2.1138      0.0000
     0.0004      2.0860      0.0000
     0.0004      2.0025      0.0000
     0.0004      1.9469      0.0000
     0.0004      1.9191      0.0000
     0.0004      4.7254      0.0000
     0.0004      4.6102      0.0000
     0.0004      4.4949      0.0000
     0.0004      4.4949      0.0000
     0.0004      4.3221      0.0000
     0.0004      4.7254      0.0000
     0.0004      4.6102      0.0000
     0.0004      4.4949      0.0000
     0.0004      4.4949      0.0000
     0.0004      4.3221      0.0000
     0.0004      4.3221      0.0000
     0.0004    115.8762      0.0000
     0.0004    115.8762      0.0000
     0.0004    115.8762      0.0000
     0.0004    115.8762      0.0000
     0.0004    115.8762      0.0000
     0.0004    115.8762      0.0000
     0.0004    115.8762      0.0000
     0.0004    115.8762      0.0000
     0.0004    115.8762      0.0000
     0.0004    115.8762      0.0000
     0.0004    115.8762      0.0000
     0.0004    115.8762      0.0000
     0.0004    115.8762      0.0000
     0.0004    115.8762      0.0000
     0.0004    115.8762      0.0000
     0.0004    115.8762      0.0000
     0.0004    115.8762      0.0000
     0.0004    115.8762      0.0000
     0.0004    115.8762      0.0000
     0.0004    115.8762      0.0000
     0.0005      1.3651      0.0000
     0.0005      1.3261      0.0001
     0.0005      1.2871      0.0001
     0.0005      2.0861      0.0000
     0.0005      2.0026      0.0001
     0.0005      1.9470      0.0001
     0.0005      2.0861      0.0000
     0.0005      2.0026      0.0001
     0.0005      1.9470      0.0000
     0.0005      4.6103      0.0000
     0.0005      4.4950      0.0001
     0.0005      4.4950      0.0000
     0.0005      4.6103      0.0000
     0.0005      4.4950      0.0000
     0.0005      4.4950      0.0000
     0.0005    115.8763      0.0000
     0.0005    115.8763      0.0000
     0.0005    115.8763      0.0000
     0.0005    115.8763      0.0000
     0.0005    115.8763      0.0000
     0.0005    115.8763      0.0000
     0.0005    115.8763      0.0000
     0.0005    115.8763      0.0000
     0.0005    115.8763      0.0000
     0.0005    115.8763      0.0000
     0.0005    115.8763      0.0000
     0.0005    115.8763      0.0000
     0.0006      1.2872      0.0000
     0.0006      1.2482      0.0000
     0.0006      1.9471      0.0000
     0.0006      1.9193      0.0000
     0.0006      1.9471      0.0000
     0.0006      1.9193      0.0000
     0.0006      4.4952      0.0000
     0.0006      4.3223      0.0000
     0.0006      4.4952      0.0000
     0.0006      4.3223      0.0000
     0.0006      4.3223      0.0000
     0.0006    115.8764      0.0000
     0.0006    115.8764      0.0000
     0.0006    115.8764      0.0000
     0.0006    115.8764      0.0000
     0.0006    115.8764      0.0000
     0.0006    115.8764      0.0000
     0.0006    115.8764      0.0000
     0.0006    115.8764      0.0000
     0.0008      1.3654      0.0000
     0.0008      1.3264      0.0000
     0.0008      2.0864      0.0000
     0.0008      2.0029      0.0000
     0.0008      2.0864      0.0000
     0.0008      2.0029      0.0000
     0.0008      4.6106      0.0000
     0.0008      4.4953      0.0000
     0.0008      4.6106      0.0000
     0.0008      4.4953      0.0000
     0.0008    115.8766      0.0000
     0.0008    115.8766      0.0000
     0.0008    115.8766      0.0000
     0.0008    115.8766      0.0000
     0.0008    115.8766      0.0000
     0.0008    115.8766      0.0000
     0.0008    115.8766      0.0000
     0.0008    115.8766      0.0000
     0.0010      1.3656      0.0000
     0.0010      1.3266      0.0001
     0.0010      1.2876      0.0000
     0.0010      1.2486      0.0000
     0.0010      2.0866      0.0000
     0.0010      2.0031      0.0001
     0.0010      1.9475      0.0000
     0.0010      1.9197      0.0000
     0.0010      2.0866      0.0000
     0.0010      2.0031      0.0000
     0.0010      1.9475      0.0000
     0.0010      1.9197      0.0000
     0.0010      4.6108      0.0000
     0.0010      4.4955      0.0000
     0.0010      4.4955      0.0000
     0.0010      4.3227      0.0000
     0.0010      4.6108      0.0000
     0.0010      4.4955      0.0000
     0.0010      4.4955      0.0000
     0.0010      4.3227      0.0000
     0.0010      4.3227      0.0000
     0.0010    115.8768      0.0000
     0.0010    115.8768      0.0000
     0.0010    115.8768      0.0000
     0.0010    115.8768      0.0000
     0.0010    115.8768      0.0000
     0.0010    115.8768      0.0000
     0.0010    115.8768      0.0000
     0.0010    115.8768      0.0000
     0.0010    115.8768      0.0000
     0.0010    115.8768      0.0000
     0.0010    115.8768      0.0000
     0.0010    115.8768      0.0000
     0.0010    115.8768      0.0000
     0.0010    115.8768      0.0000
     0.0010    115.8768      0.0000
     0.0010    115.8768      0.0000
     0.0011      1.3657      0.0000
     0.0011      1.3267      0.0000
     0.0011      2.0867      0.0000
     0.0011      2.0033      0.0000
     0.0011      2.0867      0.0000
     0.0011      2.0033      0.0000
     0.0011      4.6109      0.0000
     0.0011      4.4957      0.0000
     0.0011      4.6109      0.0000
     0.0011      4.4957      0.0000
     0.0011    115.8769      0.0000
     0.0011    115.8769      0.0000
     0.0011    115.8769      0.0000
     0.0011    115.8769      0.0000
     0.0011    115.8769      0.0000
     0.0011    115.8769      0.0000
     0.0011    115.8769      0.0000
     0.0011    115.8769      0.0000
     0.0016      1.3662      0.0000
     0.0016      1.3272      0.0000
     0.0016      1.2882      0.0000
     0.0016      2.0872      0.0000
     0.0016      2.0038      0.0000
     0.0016      1.9482      0.0000
     0.0016      2.0872      0.0000
     0.0016      2.0038      0.0000
     0.0016      1.9482      0.0000
     0.0016      4.6114      0.0000
     0.0016      4.4962      0.0000
     0.0016      4.4962      0.0000
     0.0016      4.6114      0.0000
     0.0016      4.4962      0.0000
     0.0016      4.4962      0.0000
     0.0016    115.8774      0.0000
     0.0016    115.8774      0.0000
     0.0016    115.8774      0.0000
     0.0016    115.8774      0.0000
     0.0016    115.8774      0.0000
     0.0016    115.8774      0.0000
     0.0016    115.8774      0.0000
     0.0016    115.8774      0.0000
     0.0016    115.8774      0.0000
     0.0016    115.8774      0.0000
     0.0016    115.8774      0.0000
     0.0016    115.8774      0.0000
     0.0021      1.4251      0.0000
     0.0021      1.3667      0.0000
     0.0021      1.3277      0.0000
     0.0021      2.1155      0.0000
     0.0021      2.0877      0.0000
     0.0021      1.9764      0.0000
     0.0021      2.1155      0.0000
     0.0021      2.0877      0.0000
     0.0021      1.9764      0.0000
     0.0021      4.7271      0.0000
     0.0021      4.6119      0.0000
     0.0021      4.4966      0.0000
     0.0021      4.7271      0.0000
     0.0021      4.6119      0.0000
     0.0021      4.4966      0.0000
     0.0021    115.8779      0.0000
     0.0021    115.8779      0.0000
     0.0021    115.8779      0.0000
     0.0021    115.8779      0.0000
     0.0021    115.8779      0.0000
     0.0021    115.8779      0.0000
     0.0021    115.8779      0.0000
     0.0021    115.8779      0.0000
     0.0021    115.8779      0.0000
     0.0021    115.8779      0.0000
     0.0021    115.8779      0.0000
     0.0021    115.8779      0.0000
     0.0026      1.3282      0.0000
     0.0026      1.2893      0.0000
     0.0026      1.9770      0.0000
     0.0026      1.9492      0.0000
     0.0026      1.9770      0.0000
     0.0026      1.9492      0.0000
     0.0026      4.4972      0.0000
     0.0026      4.4972      0.0000
     0.0026      4.4972      0.0000
     0.0026      4.4972      0.0000
     0.0026    115.8785      0.0000
     0.0026    115.8785      0.0000
     0.0026    115.8785      0.0000
     0.0026    115.8785      0.0000
     0.0026    115.8785      0.0000
     0.0026    115.8785      0.0000
     0.0026    115.8785      0.0000
     0.0026    115.8785      0.0000
     0.0034      1.3680      0.0000
     0.0034      1.3290      0.0001
     0.0034      1.2900      0.0002
     0.0034      2.0612      0.0000
     0.0034      1.9777      0.0001
     0.0034      1.9499      0.0002
     0.0034      2.0612      0.0000
     0.0034      1.9777      0.0001
     0.0034      1.9499      0.0001
     0.0034      4.6132      0.0000
     0.0034      4.4979      0.0001
     0.0034      4.4979      0.0002
     0.0034      4.6132      0.0000
     0.0034      4.4979      0.0000
     0.0034      4.4979      0.0001
     0.0034    115.8792      0.0000
     0.0034    115.8792      0.0000
     0.0034    115.8792      0.0000
     0.0034    115.8792      0.0000
     0.0034    115.8792      0.0000
     0.0034    115.8792      0.0000
     0.0034    115.8792      0.0000
     0.0034    115.8792      0.0000
     0.0034    115.8792      0.0000
     0.0034    115.8792      0.0000
     0.0034    115.8792      0.0000
     0.0034    115.8792      0.0000
     0.0043      1.4079      0.0000
     0.0043      1.3689      0.0000
     0.0043      1.3299      0.0000
     0.0043      1.2910      0.0000
     0.0043      2.1177      0.0000
     0.0043      2.0621      0.0000
     0.0043      1.9787      0.0000
     0.0043      1.9509      0.0000
     0.0043      2.1177      0.0000
     0.0043      2.0621      0.0000
     0.0043      1.9787      0.0000
     0.0043      1.9509      0.0000
     0.0043      4.7294      0.0000
     0.0043      4.6141      0.0000
     0.0043      4.4989      0.0000
     0.0043      4.4989      0.0000
     0.0043      4.7294      0.0000
     0.0043      4.6141      0.0000
     0.0043      4.4989      0.0000
     0.0043      4.4989      0.0000
     0.0043    115.8802      0.0000
     0.0043    115.8802      0.0000
     0.0043    115.8802      0.0000
     0.0043    115.8802      0.0000
     0.0043    115.8802      0.0000
     0.0043    115.8802      0.0000
     0.0043    115.8802      0.0000
     0.0043    115.8802      0.0000
     0.0043    115.8802      0.0000
     0.0043    115.8802      0.0000
     0.0043    115.8802      0.0000
     0.0043    115.8802      0.0000
     0.0043    115.8802      0.0000
     0.0043    115.8802      0.0000
     0.0043    115.8802      0.0000
     0.0043    115.8802      0.0000
     0.0056      1.4091      0.0000
     0.0056      1.3507      0.0000
     0.0056      1.3117      0.0006
     0.0056      2.1190      0.0000
     0.0056      2.0633      0.0000
     0.0056      2.0077      0.0005
     0.0056      2.1190      0.0000
     0.0056      2.0633      0.0000
     0.0056      2.0077      0.0004
     0.0056      4.7306      0.0000
     0.0056      4.6154      0.0000
     0.0056      4.5001      0.0004
     0.0056      4.7306      0.0000
     0.0056      4.6154      0.0000
     0.0056      4.5001      0.0003
     0.0056    115.8814      0.0000
     0.0056    115.8814      0.0000
     0.0056    115.8814      0.0000
     0.0056    115.8814      0.0000
     0.0056    115.8814      0.0000
     0.0056    115.8814      0.0000
     0.0056    115.8814      0.0000
     0.0056    115.8814      0.0000
     0.0056    115.8814      0.0000
     0.0056    115.8814      0.0000
     0.0056    115.8814      0.0000
     0.0056    115.8814      0.0000
     0.0071      1.4107      0.0000
     0.0071      1.3522      0.0000
     0.0071      1.3132      0.0000
     0.0071      2.1205      0.0000
     0.0071      2.0649      0.0000
     0.0071      2.0093      0.0000
     0.0071      2.1205      0.0000
     0.0071      2.0649      0.0000
     0.0071      2.0093      0.0000
     0.0071      4.6169      0.0000
     0.0071      4.6169      0.0000
     0.0071      4.5017      0.0000
     0.0071      4.6169      0.0000
     0.0071      4.6169      0.0000
     0.0071      4.5017      0.0000
     0.0071    115.8829      0.0000
     0.0071    115.8829      0.0000
     0.0071    115.8829      0.0000
     0.0071    115.8829      0.0000
     0.0071    115.8829      0.0000
     0.0071    115.8829      0.0000
     0.0071    115.8829      0.0000
     0.0071    115.8829      0.0000
     0.0071    115.8829      0.0000
     0.0071    115.8829      0.0000
     0.0071    115.8829      0.0000
     0.0071    115.8829      0.0000
     0.0081      1.4117      0.0000
     0.0081      1.3532      0.0000
     0.0081      1.3337      0.0010
     0.0081      1.2947      0.0000
     0.0081      2.1215      0.0000
     0.0081      2.0659      0.0000
     0.0081      2.0102      0.0010
     0.0081      1.9546      0.0000
     0.0081      2.1215      0.0000
     0.0081      2.0659      0.0000
     0.0081      2.0102      0.0006
     0.0081      1.9546      0.0000
     0.0081      4.6179      0.0000
     0.0081      4.6179      0.0000
     0.0081      4.5026      0.0007
     0.0081      4.5026      0.0000
     0.0081      4.6179      0.0000
     0.0081      4.6179      0.0000
     0.0081      4.5026      0.0005
     0.0081      4.5026      0.0000
     0.0081    115.8839      0.0000
     0.0081    115.8839      0.0000
     0.0081    115.8839      0.0000
     0.0081    115.8839      0.0000
     0.0081    115.8839      0.0000
     0.0081    115.8839      0.0000
     0.0081    115.8839      0.0000
     0.0081    115.8839      0.0000
     0.0081    115.8839      0.0000
     0.0081    115.8839      0.0000
     0.0081    115.8839      0.0000
     0.0081    115.8839      0.0000
     0.0081    115.8839      0.0000
     0.0081    115.8839      0.0000
     0.0081    115.8839      0.0000
     0.0081    115.8839      0.0000
     0.0091      1.4127      0.0000
     0.0091      1.3737      0.0000
     0.0091      1.2763      0.0000
     0.0091      1.2568      0.0000
     0.0091      2.1225      0.0000
     0.0091      2.0669      0.0000
     0.0091      1.9557      0.0000
     0.0091      1.9279      0.0000
     0.0091      2.1225      0.0000
     0.0091      2.0669      0.0000
     0.0091      1.9557      0.0000
     0.0091      1.9279      0.0000
     0.0091      4.6189      0.0000
     0.0091      4.6189      0.0000
     0.0091      4.5037      0.0000
     0.0091      4.3308      0.0000
     0.0091      4.6189      0.0000
     0.0091      4.6189      0.0000
     0.0091      4.5037      0.0000
     0.0091      4.3308      0.0000
     0.0091      4.3308      0.0000
     0.0091    115.8850      0.0000
     0.0091    115.8850      0.0000
     0.0091    115.8850      0.0000
     0.0091    115.8850      0.0000
     0.0091    115.8850      0.0000
     0.0091    115.8850      0.0000
     0.0091    115.8850      0.0000
     0.0091    115.8850      0.0000
     0.0091    115.8850      0.0000
     0.0091    115.8850      0.0000
     0.0091    115.8850      0.0000
     0.0091    115.8850      0.0000
     0.0091    115.8850      0.0000
     0.0091    115.8850      0.0000
     0.0091    115.8850      0.0000
     0.0091    115.8850      0.0000
     0.0104      1.3749      0.0000
     0.0104      1.3360      0.0002
     0.0104      1.2775      0.0003
     0.0104      2.0681      0.0000
     0.0104      2.0125      0.0001
     0.0104      1.9291      0.0003
     0.0104      2.0681      0.0000
     0.0104      2.0125      0.0001
     0.0104      1.9291      0.0002
     0.0104      4.6202      0.0000
     0.0104      4.5049      0.0001
     0.0104      4.4473      0.0002
     0.0104      4.6202      0.0000
     0.0104      4.5049      0.0001
     0.0104      4.4473      0.0001
     0.0104    115.8862      0.0000
     0.0104    115.8862      0.0000
     0.0104    115.8862      0.0000
     0.0104    115.8862      0.0000
     0.0104    115.8862      0.0000
     0.0104    115.8862      0.0000
     0.0104    115.8862      0.0000
     0.0104    115.8862      0.0000
     0.0104    115.8862      0.0000
     0.0104    115.8862      0.0000
     0.0104    115.8862      0.0000
     0.0104    115.8862      0.0000
     0.0117      1.3763      0.0002
     0.0117      1.3373      0.0000
     0.0117      2.0417      0.0002
     0.0117      2.0139      0.0000
     0.0117      2.0417      0.0001
     0.0117      2.0139      0.0000
     0.0117      4.6215      0.0001
     0.0117      4.4487      0.0000
     0.0117      4.6215      0.0001
     0.0117      4.4487      0.0000
     0.0117    115.8875      0.0000
     0.0117    115.8875      0.0000
     0.0117    115.8875      0.0000
     0.0117    115.8875      0.0000
     0.0117    115.8875      0.0000
     0.0117    115.8875      0.0000
     0.0117    115.8875      0.0000
     0.0117    115.8875      0.0000
     0.0133      1.3779      0.0000
     0.0133      1.3194      0.0000
     0.0133      2.0432      0.0000
     0.0133      2.0154      0.0000
     0.0133      2.0432      0.0000
     0.0133      2.0154      0.0000
     0.0133      4.6231      0.0000
     0.0133      4.4502      0.0000
     0.0133      4.6231      0.0000
     0.0133      4.4502      0.0000
     0.0133    115.8891      0.0000
     0.0133    115.8891      0.0000
     0.0133    115.8891      0.0000
     0.0133    115.8891      0.0000
     0.0133    115.8891      0.0000
     0.0133    115.8891      0.0000
     0.0133    115.8891      0.0000
     0.0133    115.8891      0.0000
     0.0150      1.3991      0.0000
     0.0150      1.3601      0.0000
     0.0150      1.3211      0.0000
     0.0150      2.1006      0.0000
     0.0150      2.0450      0.0000
     0.0150      1.9894      0.0000
     0.0150      2.1006      0.0000
     0.0150      2.0450      0.0000
     0.0150      1.9894      0.0000
     0.0150      4.6248      0.0000
     0.0150      4.6248      0.0000
     0.0150      4.4520      0.0000
     0.0150      4.6248      0.0000
     0.0150      4.6248      0.0000
     0.0150      4.4520      0.0000
     0.0150    115.8908      0.0000
     0.0150    115.8908      0.0000
     0.0150    115.8908      0.0000
     0.0150    115.8908      0.0000
     0.0150    115.8908      0.0000
     0.0150    115.8908      0.0000
     0.0150    115.8908      0.0000
     0.0150    115.8908      0.0000
     0.0150    115.8908      0.0000
     0.0150    115.8908      0.0000
     0.0150    115.8908      0.0000
     0.0150    115.8908      0.0000
     0.0170      1.3621      0.0000
     0.0170      1.3231      0.0001
     0.0170      2.0470      0.0000
     0.0170      1.9914      0.0001
     0.0170      2.0470      0.0000
     0.0170      1.9914      0.0000
     0.0170      4.5692      0.0000
     0.0170      4.4539      0.0000
     0.0170      4.5692      0.0000
     0.0170      4.4539      0.0000
     0.0170    115.8928      0.0000
     0.0170    115.8928      0.0000
     0.0170    115.8928      0.0000
     0.0170    115.8928      0.0000
     0.0170    115.8928      0.0000
     0.0170    115.8928      0.0000
     0.0170    115.8928      0.0000
     0.0170    115.8928      0.0000
     0.0193      1.4228      0.0000
     0.0193      1.3644      0.0005
     0.0193      1.3254      0.0005
     0.0193      2.0770      0.0000
     0.0193      2.0492      0.0005
     0.0193      1.9936      0.0004
     0.0193      2.0770      0.0000
     0.0193      2.0492      0.0003
     0.0193      1.9936      0.0003
     0.0193      4.6291      0.0000
     0.0193      4.5714      0.0003
     0.0193      4.4562      0.0003
     0.0193      4.6291      0.0000
     0.0193      4.5714      0.0002
     0.0193      4.4562      0.0002
     0.0193    115.8951      0.0000
     0.0193    115.8951      0.0000
     0.0193    115.8951      0.0000
     0.0193    115.8951      0.0000
     0.0193    115.8951      0.0000
     0.0193    115.8951      0.0000
     0.0193    115.8951      0.0000
     0.0193    115.8951      0.0000
     0.0193    115.8951      0.0000
     0.0193    115.8951      0.0000
     0.0193    115.8951      0.0000
     0.0193    115.8951      0.0000
     0.0280      0.5640      0.0000
     0.0280      0.5640      0.0000
     0.0280      0.5640      0.0000
     0.0280      1.3146      0.0000
     0.0280      1.2756      0.0000
     0.0280      1.2561      0.0000
     0.0280      1.9745      0.0000
     0.0280      1.9467      0.0000
     0.0280      1.9189      0.0000
     0.0280      1.9745      0.0000
     0.0280      1.9467      0.0000
     0.0280      1.9189      0.0000
     0.0280      4.5225      0.0000
     0.0280      4.4073      0.0000
     0.0280      4.3496      0.0000
     0.0280      4.5225      0.0000
     0.0280      4.4073      0.0000
     0.0280      4.3496      0.0000
     0.0280      4.3496      0.0000
     0.0280    115.9038      0.0000
     0.0280    115.9038      0.0000
     0.0280    115.9038      0.0000
     0.0280    115.9038      0.0000
     0.0280    115.9038      0.0000
     0.0280    115.9038      0.0000
     0.0280    115.9038      0.0000
     0.0280    115.9038      0.0000
     0.0280    115.9038      0.0000
     0.0280    115.9038      0.0000
     0.0280    115.9038      0.0000
     0.0280    115.9038      0.0000
     0.0317      0.5677      0.0000
     0.0317      0.5580      0.0000
     0.0317      0.5580      0.0000
     0.0317      1.3183      0.0000
     0.0317      1.2793      0.0000
     0.0317      1.2403      0.0000
     0.0317      1.9782      0.0000
     0.0317      1.9226      0.0000
     0.0317      1.8948      0.0000
     0.0317      1.9782      0.0000
     0.0317      1.9226      0.0000
     0.0317      1.8948      0.0000
     0.0317      4.5262      0.0000
     0.0317      4.4110      0.0000
     0.0317      4.3533      0.0000
     0.0317      4.5262      0.0000
     0.0317      4.4110      0.0000
     0.0317      4.3533      0.0000
     0.0317      4.3533      0.0000
     0.0317    115.9075      0.0000
     0.0317    115.9075      0.0000
     0.0317    115.9075      0.0000
     0.0317    115.9075      0.0000
     0.0317    115.9075      0.0000
     0.0317    115.9075      0.0000
     0.0317    115.9075      0.0000
     0.0317    115.9075      0.0000
     0.0317    115.9075      0.0000
     0.0317    115.9075      0.0000
     0.0317    115.9075      0.0000
     0.0317    115.9075      0.0000
     0.0358      0.5719      0.0000
     0.0358      0.5524      0.0000
     0.0358      0.5524      0.0000
     0.0358      1.3030      0.0000
     0.0358      1.2640      0.0000
     0.0358      1.2445      0.0000
     0.0358      1.9546      0.0000
     0.0358      1.9268      0.0000
     0.0358      1.8990      0.0000
     0.0358      1.9546      0.0000
     0.0358      1.9268      0.0000
     0.0358      1.8990      0.0000
     0.0358      4.5304      0.0000
     0.0358      4.4151      0.0000
     0.0358      4.3575      0.0000
     0.0358      4.5304      0.0000
     0.0358      4.4151      0.0000
     0.0358      4.3575      0.0000
     0.0358      4.3575      0.0000
     0.0358    115.9116      0.0000
     0.0358    115.9116      0.0000
     0.0358    115.9116      0.0000
     0.0358    115.9116      0.0000
     0.0358    115.9116      0.0000
     0.0358    115.9116      0.0000
     0.0358    115.9116      0.0000
     0.0358    115.9116      0.0000
     0.0358    115.9116      0.0000
     0.0358    115.9116      0.0000
     0.0358    115.9116      0.0000
     0.0358    115.9116      0.0000
     0.0406      0.5669      0.0000
     0.0406      0.5572      0.0002
     0.0406      0.5474      0.0001
     0.0406      1.3077      0.0000
     0.0406      1.2687      0.0001
     0.0406      1.2492      0.0001
     0.0406      1.9871      0.0000
     0.0406      1.9593      0.0001
     0.0406      1.8759      0.0001
     0.0406      1.9871      0.0000
     0.0406      1.9593      0.0001
     0.0406      1.8759      0.0001
     0.0406      4.5351      0.0000
     0.0406      4.4199      0.0001
     0.0406      4.3623      0.0001
     0.0406      4.5351      0.0000
     0.0406      4.4199      0.0000
     0.0406      4.3623      0.0000
     0.0406      4.3623      0.0000
     0.0406    115.9164      0.0000
     0.0406    115.9164      0.0000
     0.0406    115.9164      0.0000
     0.0406    115.9164      0.0000
     0.0406    115.9164      0.0000
     0.0406    115.9164      0.0000
     0.0406    115.9164      0.0000
     0.0406    115.9164      0.0000
     0.0406    115.9164      0.0000
     0.0406    115.9164      0.0000
     0.0406    115.9164      0.0000
     0.0406    115.9164      0.0000
     0.0459      0.6210      0.0000
     0.0459      0.5918      0.0007
     0.0459      0.5723      0.0028
     0.0459      0.5528      0.0011
     0.0459      1.3715      0.0000
     0.0459      1.3326      0.0005
     0.0459      1.3131      0.0019
     0.0459      1.2741      0.0008
     0.0459      2.1037      0.0000
     0.0459      2.0203      0.0004
     0.0459      1.9925      0.0017
     0.0459      1.9369      0.0007
     0.0459      2.1037      0.0000
     0.0459      2.0203      0.0003
     0.0459      1.9925      0.0012
     0.0459      1.9369      0.0005
     0.0459      4.6557      0.0000
     0.0459      4.5405      0.0003
     0.0459      4.5405      0.0012
     0.0459      4.3676      0.0005
     0.0459      4.6557      0.0000
     0.0459      4.5405      0.0002
     0.0459      4.5405      0.0009
     0.0459      4.3676      0.0003
     0.0459    115.9218      0.0000
     0.0459    115.9218      0.0000
     0.0459    115.9218      0.0000
     0.0459    115.9218      0.0000
     0.0459    115.9218      0.0000
     0.0459    115.9218      0.0000
     0.0459    115.9218      0.0000
     0.0459    115.9218      0.0000
     0.0459    115.9218      0.0000
     0.0459    115.9218      0.0000
     0.0459    115.9218      0.0000
     0.0459    115.9218      0.0000
     0.0459    115.9218      0.0000
     0.0459    115.9218      0.0000
     0.0459    115.9218      0.0000
     0.0459    115.9218      0.0000
     0.0520      0.6173      0.0000
     0.0520      0.5978      0.0000
     0.0520      1.3971      0.0000
     0.0520      1.3386      0.0000
     0.0520      1.3386      0.0000
     0.0520      2.0820      0.0000
     0.0520      2.0264      0.0000
     0.0520      2.0820      0.0000
     0.0520      2.0264      0.0000
     0.0520      4.6618      0.0000
     0.0520      4.5466      0.0000
     0.0520      4.6618      0.0000
     0.0520      4.5466      0.0000
     0.0520    115.9278      0.0000
     0.0520    115.9278      0.0000
     0.0520    115.9278      0.0000
     0.0520    115.9278      0.0000
     0.0520    115.9278      0.0000
     0.0520    115.9278      0.0000
     0.0520    115.9278      0.0000
     0.0520    115.9278      0.0000
     0.0667      0.5540      0.0000
     0.0667      0.5345      0.0001
     0.0667      1.2558      0.0000
     0.0667      1.2363      0.0000
     0.0667      1.2558      0.0000
     0.0667      1.2363      0.0000
     0.0667      1.9020      0.0000
     0.0667      1.8742      0.0000
     0.0667      1.9020      0.0000
     0.0667      1.8742      0.0000
     0.0667      4.4460      0.0000
     0.0667      4.2731      0.0000
     0.0667      4.4460      0.0000
     0.0667      4.2731      0.0000
     0.0667      4.4460      0.0000
     0.0667      4.2731      0.0000
     0.0667    115.9425      0.0000
     0.0667    115.9425      0.0000
     0.0667    115.9425      0.0000
     0.0667    115.9425      0.0000
     0.0667    115.9425      0.0000
     0.0667    115.9425      0.0000
     0.0667    115.9425      0.0000
     0.0667    115.9425      0.0000
     0.0755      0.6213      0.0000
     0.0755      0.5921      0.0004
     0.0755      0.5726      0.0029
     0.0755      0.5531      0.0013
     0.0755      1.3621      0.0000
     0.0755      1.3231      0.0002
     0.0755      1.3036      0.0019
     0.0755      1.2451      0.0008
     0.0755      1.3621      0.0000
     0.0755      1.3231      0.0002
     0.0755      1.3036      0.0013
     0.0755      1.2451      0.0006
     0.0755      2.0220      0.0000
     0.0755      1.9664      0.0002
     0.0755      1.9664      0.0017
     0.0755      1.9386      0.0008
     0.0755      2.0220      0.0000
     0.0755      1.9664      0.0001
     0.0755      1.9664      0.0011
     0.0755      1.9386      0.0005
     0.0755      4.5700      0.0000
     0.0755      4.4548      0.0001
     0.0755      4.4548      0.0012
     0.0755      4.4548      0.0005
     0.0755      4.5700      0.0000
     0.0755      4.4548      0.0001
     0.0755      4.4548      0.0008
     0.0755      4.4548      0.0004
     0.0755      4.5700      0.0000
     0.0755      4.4548      0.0001
     0.0755      4.4548      0.0007
     0.0755      4.4548      0.0003
     0.0755    115.9513      0.0000
     0.0755    115.9513      0.0000
     0.0755    115.9513      0.0000
     0.0755    115.9513      0.0000
     0.0755    115.9513      0.0000
     0.0755    115.9513      0.0000
     0.0755    115.9513      0.0000
     0.0755    115.9513      0.0000
     0.0755    115.9513      0.0000
     0.0755    115.9513      0.0000
     0.0755    115.9513      0.0000
     0.0755    115.9513      0.0000
     0.0755    115.9513      0.0000
     0.0755    115.9513      0.0000
     0.0755    115.9513      0.0000
     0.0755    115.9513      0.0000
     0.0968      0.6134      0.0000
     0.0968      0.5939      0.0000
     0.0968      1.3639      0.0000
     0.0968      1.3249      0.0000
     0.0968      1.3639      0.0000
     0.0968      1.3249      0.0000
     0.0968      2.0433      0.0000
     0.0968      1.9877      0.0000
     0.0968      2.0433      0.0000
     0.0968      1.9877      0.0000
     0.0968      1.9877      0.0000
     0.0968      4.5337      0.0000
     0.0968      4.5337      0.0000
     0.0968      4.5337      0.0000
     0.0968      4.5337      0.0000
     0.0968      4.5337      0.0000
     0.0968      4.5337      0.0000
     0.0968    115.9726      0.0000
     0.0968    115.9726      0.0000
     0.0968    115.9726      0.0000
     0.0968    115.9726      0.0000
     0.0968    115.9726      0.0000
     0.0968    115.9726      0.0000
     0.0968    115.9726      0.0000
     0.0968    115.9726      0.0000
     0.1096      0.6164      0.0000
     0.1096      0.5969      0.0000
     0.1096      0.5774      0.0002
     0.1096      0.5579      0.0002
     0.1096      0.5482      0.0000
     0.1096      1.3377      0.0000
     0.1096      1.2987      0.0000
     0.1096      1.2792      0.0001
     0.1096      1.2597      0.0001
     0.1096      1.2207      0.0000
     0.1096      1.3377      0.0000
     0.1096      1.2987      0.0000
     0.1096      1.2792      0.0001
     0.1096      1.2597      0.0001
     0.1096      1.2207      0.0000
     0.1096      2.0283      0.0000
     0.1096      1.9727      0.0000
     0.1096      1.9171      0.0001
     0.1096      1.9171      0.0001
     0.1096      1.8615      0.0000
     0.1096      2.0283      0.0000
     0.1096      1.9727      0.0000
     0.1096      1.9171      0.0001
     0.1096      1.9171      0.0001
     0.1096      1.8615      0.0000
     0.1096      1.9727      0.0000
     0.1096      1.9171      0.0001
     0.1096      1.9171      0.0001
     0.1096      1.8615      0.0000
     0.1096      4.4889      0.0000
     0.1096      4.4889      0.0000
     0.1096      4.3736      0.0001
     0.1096      4.3736      0.0001
     0.1096      4.2584      0.0000
     0.1096      4.4889      0.0000
     0.1096      4.4889      0.0000
     0.1096      4.3736      0.0000
     0.1096      4.3736      0.0000
     0.1096      4.2584      0.0000
     0.1096      4.4889      0.0000
     0.1096      4.4889      0.0000
     0.1096      4.3736      0.0000
     0.1096      4.3736      0.0000
     0.1096      4.2584      0.0000
     0.1096    115.9854      0.0000
     0.1096    115.9854      0.0000
     0.1096    115.9854      0.0000
     0.1096    115.9854      0.0000
     0.1096    115.9854      0.0000
     0.1096    115.9854      0.0000
     0.1096    115.9854      0.0000
     0.1096    115.9854      0.0000
     0.1096    115.9854      0.0000
     0.1096    115.9854      0.0000
     0.1096    115.9854      0.0000
     0.1096    115.9854      0.0000
     0.1096    115.9854      0.0000
     0.1096    115.9854      0.0000
     0.1096    115.9854      0.0000
     0.1096    115.9854      0.0000
     0.1096    115.9854      0.0000
     0.1096    115.9854      0.0000
     0.1096    115.9854      0.0000
     0.1096    115.9854      0.0000
     0.1241      0.6114      0.0000
     0.1241      0.6017      0.0000
     0.1241      0.5822      0.0006
     0.1241      0.5627      0.0010
     0.1241      0.5529      0.0001
     0.1241      1.3522      0.0000
     0.1241      1.3132      0.0000
     0.1241      1.2937      0.0004
     0.1241      1.2547      0.0007
     0.1241      1.2157      0.0001
     0.1241      1.3522      0.0000
     0.1241      1.3132      0.0000
     0.1241      1.2937      0.0003
     0.1241      1.2547      0.0004
     0.1241      1.2157      0.0001
     0.1241      2.0150      0.0000
     0.1241      1.9316      0.0000
     0.1241      1.9316      0.0004
     0.1241      1.9038      0.0006
     0.1241      1.8481      0.0001
     0.1241      2.0150      0.0000
     0.1241      1.9316      0.0000
     0.1241      1.9316      0.0003
     0.1241      1.9038      0.0004
     0.1241      1.8481      0.0001
     0.1241      1.9316      0.0000
     0.1241      1.9316      0.0002
     0.1241      1.9038      0.0004
     0.1241      1.8481      0.0001
     0.1241      4.4457      0.0000
     0.1241      4.4457      0.0000
     0.1241      4.4457      0.0003
     0.1241      4.3881      0.0004
     0.1241      4.2729      0.0001
     0.1241      4.4457      0.0000
     0.1241      4.4457      0.0000
     0.1241      4.4457      0.0002
     0.1241      4.3881      0.0003
     0.1241      4.2729      0.0000
     0.1241      4.4457      0.0000
     0.1241      4.4457      0.0000
     0.1241      4.4457      0.0002
     0.1241      4.3881      0.0003
     0.1241      4.2729      0.0000
     0.1241    115.9999      0.0000
     0.1241    115.9999      0.0000
     0.1241    115.9999      0.0000
     0.1241    115.9999      0.0000
     0.1241    115.9999      0.0000
     0.1241    115.9999      0.0000
     0.1241    115.9999      0.0000
     0.1241    115.9999      0.0000
     0.1241    115.9999      0.0000
     0.1241    115.9999      0.0000
     0.1241    115.9999      0.0000
     0.1241    115.9999      0.0000
     0.1241    115.9999      0.0000
     0.1241    115.9999      0.0000
     0.1241    115.9999      0.0000
     0.1241    115.9999      0.0000
     0.1241    115.9999      0.0000
     0.1241    115.9999      0.0000
     0.1241    115.9999      0.0000
     0.1241    115.9999      0.0000
     0.1405      0.6181      0.0000
     0.1405      0.6083      0.0010
     0.1405      0.5791      0.0023
     0.1405      0.5693      0.0010
     0.1405      1.3491      0.0000
     0.1405      1.2906      0.0007
     0.1405      1.2711      0.0016
     0.1405      1.2321      0.0007
     0.1405      1.2126      0.0000
     0.1405      1.3491      0.0000
     0.1405      1.2906      0.0004
     0.1405      1.2711      0.0011
     0.1405      1.2321      0.0005
     0.1405      1.2126      0.0000
     0.1405      1.9758      0.0000
     0.1405      1.9758      0.0006
     0.1405      1.9202      0.0014
     0.1405      1.8645      0.0006
     0.1405      1.8367      0.0000
     0.1405      1.9758      0.0000
     0.1405      1.9758      0.0004
     0.1405      1.9202      0.0010
     0.1405      1.8645      0.0004
     0.1405      1.8367      0.0000
     0.1405      1.9202      0.0009
     0.1405      1.8645      0.0004
     0.1405      1.8367      0.0000
     0.1405      4.4045      0.0000
     0.1405      4.4045      0.0004
     0.1405      4.4045      0.0010
     0.1405      4.2893      0.0005
     0.1405      4.1740      0.0000
     0.1405      4.4045      0.0000
     0.1405      4.4045      0.0003
     0.1405      4.4045      0.0007
     0.1405      4.2893      0.0003
     0.1405      4.1740      0.0000
     0.1405      4.4045      0.0000
     0.1405      4.4045      0.0003
     0.1405      4.4045      0.0006
     0.1405      4.2893      0.0003
     0.1405      4.1740      0.0000
     0.1405    116.0163      0.0000
     0.1405    116.0163      0.0000
     0.1405    116.0163      0.0000
     0.1405    116.0163      0.0000
     0.1405    116.0163      0.0000
     0.1405    116.0163      0.0000
     0.1405    116.0163      0.0000
     0.1405    116.0163      0.0000
     0.1405    116.0163      0.0000
     0.1405    116.0163      0.0000
     0.1405    116.0163      0.0000
     0.1405    116.0163      0.0000
     0.1405    116.0163      0.0000
     0.1405    116.0163      0.0000
     0.1405    116.0163      0.0000
     0.1405    116.0163      0.0000
     0.1405    116.0163      0.0000
     0.1405    116.0163      0.0000
     0.1405    116.0163      0.0000
     0.1405    116.0163      0.0000
     0.1590      1.3482      0.0000
     0.1590      1.3092      0.0001
     0.1590      1.2702      0.0001
     0.1590      1.2507      0.0009
     0.1590      1.2312      0.0002
     0.1590      1.3482      0.0000
     0.1590      1.3092      0.0001
     0.1590      1.2702      0.0001
     0.1590      1.2507      0.0006
     0.1590      1.2312      0.0001
     0.1590      1.9943      0.0000
     0.1590      1.9387      0.0001
     0.1590      1.8831      0.0001
     0.1590      1.8831      0.0008
     0.1590      1.8275      0.0002
     0.1590      1.9943      0.0000
     0.1590      1.9387      0.0001
     0.1590      1.8831      0.0001
     0.1590      1.8831      0.0005
     0.1590      1.8275      0.0001
     0.1590      1.8831      0.0001
     0.1590      1.8831      0.0005
     0.1590      1.8275      0.0001
     0.1590      4.5383      0.0000
     0.1590      4.3655      0.0001
     0.1590      4.3655      0.0001
     0.1590      4.3655      0.0006
     0.1590      4.1926      0.0001
     0.1590      4.5383      0.0000
     0.1590      4.3655      0.0000
     0.1590      4.3655      0.0001
     0.1590      4.3655      0.0004
     0.1590      4.1926      0.0001
     0.1590      4.5383      0.0000
     0.1590      4.3655      0.0000
     0.1590      4.3655      0.0001
     0.1590      4.3655      0.0004
     0.1590      4.1926      0.0001
     0.1590    116.0348      0.0000
     0.1590    116.0348      0.0000
     0.1590    116.0348      0.0000
     0.1590    116.0348      0.0000
     0.1590    116.0348      0.0000
     0.1590    116.0348      0.0000
     0.1590    116.0348      0.0000
     0.1590    116.0348      0.0000
     0.1590    116.0348      0.0000
     0.1590    116.0348      0.0000
     0.1590    116.0348      0.0000
     0.1590    116.0348      0.0000
     0.1590    116.0348      0.0000
     0.1590    116.0348      0.0000
     0.1590    116.0348      0.0000
     0.1590    116.0348      0.0000
     0.1590    116.0348      0.0000
     0.1590    116.0348      0.0000
     0.1590    116.0348      0.0000
     0.1590    116.0348      0.0000
     0.1801      1.3302      0.0000
     0.1801      1.2912      0.0006
     0.1801      1.2522      0.0038
     0.1801      1.2522      0.0016
     0.1801      1.2327      0.0001
     0.1801      1.3302      0.0000
     0.1801      1.2912      0.0004
     0.1801      1.2522      0.0025
     0.1801      1.2522      0.0011
     0.1801      1.2327      0.0001
     0.1801      1.9598      0.0000
     0.1801      1.9041      0.0006
     0.1801      1.9041      0.0034
     0.1801      1.8485      0.0014
     0.1801      1.8207      0.0001
     0.1801      1.9598      0.0000
     0.1801      1.9041      0.0004
     0.1801      1.9041      0.0023
     0.1801      1.8485      0.0010
     0.1801      1.8207      0.0001
     0.1801      1.8485      0.0009
     0.1801      1.8207      0.0001
     0.1801      4.5017      0.0000
     0.1801      4.3289      0.0004
     0.1801      4.3289      0.0024
     0.1801      4.3289      0.0010
     0.1801      4.1560      0.0001
     0.1801      4.5017      0.0000
     0.1801      4.3289      0.0003
     0.1801      4.3289      0.0017
     0.1801      4.3289      0.0007
     0.1801      4.1560      0.0001
     0.1801      4.5017      0.0000
     0.1801      4.3289      0.0003
     0.1801      4.3289      0.0015
     0.1801      4.3289      0.0006
     0.1801      4.1560      0.0001
     0.1801    116.0559      0.0000
     0.1801    116.0559      0.0000
     0.1801    116.0559      0.0000
     0.1801    116.0559      0.0000
     0.1801    116.0559      0.0000
     0.1801    116.0559      0.0000
     0.1801    116.0559      0.0000
     0.1801    116.0559      0.0000
     0.1801    116.0559      0.0000
     0.1801    116.0559      0.0000
     0.1801    116.0559      0.0000
     0.1801    116.0559      0.0000
     0.1801    116.0559      0.0000
     0.1801    116.0559      0.0000
     0.1801    116.0559      0.0000
     0.1801    116.0559      0.0000
     0.1801    116.0559      0.0000
     0.1801    116.0559      0.0000
     0.1801    116.0559      0.0000
     0.1801    116.0559      0.0000
     0.2308      1.3225      0.0000
     0.2308      1.2640      0.0000
     0.2308      1.3225      0.0000
     0.2308      1.2640      0.0000
     0.2308      1.9549      0.0000
     0.2308      1.8993      0.0000
     0.2308      1.8993      0.0000
     0.2308      4.3796      0.0000
     0.2308      4.3796      0.0000
     0.2308      4.3796      0.0000
     0.2308      4.3796      0.0000
     0.2308    116.1066      0.0000
     0.2308    116.1066      0.0000
     0.2308    116.1066      0.0000
     0.2308    116.1066      0.0000
     0.2308    116.1066      0.0000
     0.2308    116.1066      0.0000
     0.2308    116.1066      0.0000
     0.2308    116.1066      0.0000
     0.2613      1.3335      0.0000
     0.2613      1.2750      0.0001
     0.2613      1.2555      0.0010
     0.2613      1.2555      0.0013
     0.2613      1.2165      0.0003
     0.2613      1.3335      0.0000
     0.2613      1.2750      0.0001
     0.2613      1.2555      0.0007
     0.2613      1.2555      0.0009
     0.2613      1.2165      0.0002
     0.2613      1.2555      0.0008
     0.2613      1.2165      0.0002
     0.2613      1.9020      0.0000
     0.2613      1.9020      0.0001
     0.2613      1.8464      0.0009
     0.2613      1.8464      0.0012
     0.2613      1.8186      0.0002
     0.2613      1.8464      0.0006
     0.2613      1.8464      0.0008
     0.2613      1.8186      0.0002
     0.2613      1.8186      0.0002
     0.2613      4.2949      0.0000
     0.2613      4.2949      0.0001
     0.2613      4.2949      0.0006
     0.2613      4.2949      0.0008
     0.2613      4.0644      0.0002
     0.2613      4.2949      0.0000
     0.2613      4.2949      0.0001
     0.2613      4.2949      0.0004
     0.2613      4.2949      0.0006
     0.2613      4.0644      0.0001
     0.2613    116.1371      0.0000
     0.2613    116.1371      0.0000
     0.2613    116.1371      0.0000
     0.2613    116.1371      0.0000
     0.2613    116.1371      0.0000
     0.2613    116.1371      0.0000
     0.2613    116.1371      0.0000
     0.2613    116.1371      0.0000
     0.2613    116.1371      0.0000
     0.2613    116.1371      0.0000
     0.2613    116.1371      0.0000
     0.2613    116.1371      0.0000
     0.2613    116.1371      0.0000
     0.2613    116.1371      0.0000
     0.2613    116.1371      0.0000
     0.2613    116.1371      0.0000
     0.2613    116.1371      0.0000
     0.2613    116.1371      0.0000
     0.2613    116.1371      0.0000
     0.2613    116.1371      0.0000
     0.2959      1.2901      0.0000
     0.2959      1.2901      0.0000
     0.2959      1.2706      0.0000
     0.2959      1.2901      0.0000
     0.2959      1.2706      0.0000
     0.2959      1.9366      0.0000
     0.2959      1.8809      0.0000
     0.2959      1.8531      0.0000
     0.2959      1.8531      0.0000
     0.2959      4.3871      0.0000
     0.2959      4.2142      0.0000
     0.2959      4.2142      0.0000
     0.2959      4.3871      0.0000
     0.2959      4.2142      0.0000
     0.2959      4.2142      0.0000
     0.2959    116.1717      0.0000
     0.2959    116.1717      0.0000
     0.2959    116.1717      0.0000
     0.2959    116.1717      0.0000
     0.2959    116.1717      0.0000
     0.2959    116.1717      0.0000
     0.2959    116.1717      0.0000
     0.2959    116.1717      0.0000
     0.2959    116.1717      0.0000
     0.2959    116.1717      0.0000
     0.2959    116.1717      0.0000
     0.2959    116.1717      0.0000
     0.3350      1.8923      0.0000
     0.3350      1.8923      0.0004
     0.3350      1.8923      0.0017
     0.3350      1.8366      0.0012
     0.3350      1.8366      0.0002
     0.3350      1.8366      0.0008
     0.3350      1.8366      0.0001
     0.3350      4.3110      0.0000
     0.3350      4.3110      0.0003
     0.3350      4.3110      0.0013
     0.3350      4.1381      0.0009
     0.3350      4.0805      0.0001
     0.3350      4.3110      0.0000
     0.3350      4.3110      0.0002
     0.3350      4.3110      0.0009
     0.3350      4.1381      0.0006
     0.3350      4.0805      0.0001
     0.3350      4.3110      0.0000
     0.3350      4.3110      0.0002
     0.3350      4.3110      0.0008
     0.3350      4.1381      0.0005
     0.3350      4.0805      0.0001
     0.3350    116.2108      0.0000
     0.3350    116.2108      0.0000
     0.3350    116.2108      0.0000
     0.3350    116.2108      0.0000
     0.3350    116.2108      0.0000
     0.3350    116.2108      0.0000
     0.3350    116.2108      0.0000
     0.3350    116.2108      0.0000
     0.3350    116.2108      0.0000
     0.3350    116.2108      0.0000
     0.3350    116.2108      0.0000
     0.3350    116.2108      0.0000
     0.3350    116.2108      0.0000
     0.3350    116.2108      0.0000
     0.3350    116.2108      0.0000
     0.3350    116.2108      0.0000
     0.3350    116.2108      0.0000
     0.3350    116.2108      0.0000
     0.3350    116.2108      0.0000
     0.3350    116.2108      0.0000
     0.3793      1.9087      0.0000
     0.3793      1.8809      0.0001
     0.3793      1.8531      0.0012
     0.3793      1.8531      0.0021
     0.3793      1.7975      0.0005
     0.3793      1.8531      0.0014
     0.3793      1.7975      0.0003
     0.3793      4.1824      0.0000
     0.3793      4.1824      0.0001
     0.3793      4.1824      0.0008
     0.3793      4.1824      0.0015
     0.3793      4.0671      0.0003
     0.3793      4.1824      0.0000
     0.3793      4.1824      0.0000
     0.3793      4.1824      0.0006
     0.3793      4.1824      0.0010
     0.3793      4.0671      0.0002
     0.3793      4.1824      0.0000
     0.3793      4.1824      0.0000
     0.3793      4.1824      0.0005
     0.3793      4.1824      0.0009
     0.3793      4.0671      0.0002
     0.3793    116.2551      0.0000
     0.3793    116.2551      0.0000
     0.3793    116.2551      0.0000
     0.3793    116.2551      0.0000
     0.3793    116.2551      0.0000
     0.3793    116.2551      0.0000
     0.3793    116.2551      0.0000
     0.3793    116.2551      0.0000
     0.3793    116.2551      0.0000
     0.3793    116.2551      0.0000
     0.3793    116.2551      0.0000
     0.3793    116.2551      0.0000
     0.3793    116.2551      0.0000
     0.3793    116.2551      0.0000
     0.3793    116.2551      0.0000
     0.3793    116.2551      0.0000
     0.3793    116.2551      0.0000
     0.3793    116.2551      0.0000
     0.3793    116.2551      0.0000
     0.3793    116.2551      0.0000
     0.4295      1.8755      0.0001
     0.4295      1.8755      0.0006
     0.4295      1.8755      0.0008
     0.4295      1.7920      0.0003
     0.4295      1.7920      0.0002
     0.4295      4.2902      0.0001
     0.4295      4.2325      0.0004
     0.4295      4.1173      0.0006
     0.4295      4.1173      0.0002
     0.4295      4.2902      0.0000
     0.4295      4.2325      0.0003
     0.4295      4.1173      0.0004
     0.4295      4.1173      0.0002
     0.4295      4.2902      0.0000
     0.4295      4.2325      0.0002
     0.4295      4.1173      0.0003
     0.4295      4.1173      0.0001
     0.4295    114.9579      0.0000
     0.4295    114.9579      0.0000
     0.4295    114.9579      0.0000
     0.4295    114.9579      0.0000
     0.4295    114.9579      0.0000
     0.4295    114.9579      0.0000
     0.4295    114.9579      0.0000
     0.4295    114.9579      0.0000
     0.4295    114.9579      0.0000
     0.4295    114.9579      0.0000
     0.4295    114.9579      0.0000
     0.4295    114.9579      0.0000
     0.4295    114.9579      0.0000
     0.4295    114.9579      0.0000
     0.4295    114.9579      0.0000
     0.4295    114.9579      0.0000
     0.4862      4.2893      0.0000
     0.4862      4.1741      0.0001
     0.4862      4.1741      0.0010
     0.4862      4.0588      0.0018
     0.4862      4.0012      0.0006
     0.4862      4.2893      0.0000
     0.4862      4.1741      0.0001
     0.4862      4.1741      0.0007
     0.4862      4.0588      0.0012
     0.4862      4.0012      0.0004
     0.4862      4.2893      0.0000
     0.4862      4.1741      0.0001
     0.4862      4.1741      0.0006
     0.4862      4.0588      0.0010
     0.4862      4.0012      0.0004
     0.4862    119.0568      0.0000
     0.4862    119.0568      0.0000
     0.4862    119.0568      0.0000
     0.4862    119.0568      0.0000
     0.4862    119.0568      0.0000
     0.4862    119.0568      0.0000
     0.4862    119.0568      0.0000
     0.4862    119.0568      0.0000
     0.4862    119.0568      0.0000
     0.4862    119.0568      0.0000
     0.4862    119.0568      0.0000
     0.4862    119.0568      0.0000
     0.4862    119.0568      0.0000
     0.4862    119.0568      0.0000
     0.4862    119.0568      0.0000
     0.4862    119.0568      0.0000
     0.4862    119.0568      0.0000
     0.4862    119.0568      0.0000
     0.4862    119.0568      0.0000
     0.4862    119.0568      0.0000
     0.5505      4.2384      0.0000
     0.5505      4.1231      0.0000
     0.5505      4.1231      0.0001
     0.5505      4.0655      0.0000
     0.5505      4.0655      0.0001
     0.5505      4.2384      0.0000
     0.5505      4.1231      0.0000
     0.5505      4.1231      0.0000
     0.5505      4.0655      0.0000
     0.5505      4.0655      0.0001
     0.5505      4.2384      0.0000
     0.5505      4.1231      0.0000
     0.5505      4.1231      0.0000
     0.5505      4.0655      0.0000
     0.5505      4.0655      0.0001
     0.5505    115.0789      0.0000
     0.5505    115.0789      0.0000
     0.5505    115.0789      0.0000
     0.5505    115.0789      0.0000
     0.5505    115.0789      0.0000
     0.5505    115.0789      0.0000
     0.5505    115.0789      0.0000
     0.5505    115.0789      0.0000
     0.5505    115.0789      0.0000
     0.5505    115.0789      0.0000
     0.5505    115.0789      0.0000
     0.5505    115.0789      0.0000
     0.5505    115.0789      0.0000
     0.5505    115.0789      0.0000
     0.5505    115.0789      0.0000
     0.5505    115.0789      0.0000
     0.5505    115.0789      0.0000
     0.5505    115.0789      0.0000
     0.5505    115.0789      0.0000
     0.5505    115.0789      0.0000
     0.6233      4.0807      0.0000
     0.6233      4.0807      0.0000
     0.6233      4.0807      0.0004
     0.6233      3.9654      0.0008
     0.6233      3.9654      0.0003
     0.6233      4.0807      0.0000
     0.6233      4.0807      0.0000
     0.6233      4.0807      0.0003
     0.6233      3.9654      0.0005
     0.6233      3.9654      0.0002
     0.6233      4.0807      0.0000
     0.6233      4.0807      0.0000
     0.6233      4.0807      0.0002
     0.6233      3.9654      0.0005
     0.6233      3.9654      0.0002
     0.6233    116.4991      0.0000
     0.6233    116.4991      0.0000
     0.6233    116.4991      0.0000
     0.6233    116.4991      0.0000
     0.6233    116.4991      0.0000
     0.6233    116.4991      0.0000
     0.6233    116.4991      0.0000
     0.6233    116.4991      0.0000
     0.6233    116.4991      0.0000
     0.6233    116.4991      0.0000
     0.6233    116.4991      0.0000
     0.6233    116.4991      0.0000
     0.6233    116.4991      0.0000
     0.6233    116.4991      0.0000
     0.6233    116.4991      0.0000
     0.6233    116.4991      0.0000
     0.6233    116.4991      0.0000
     0.6233    116.4991      0.0000
     0.6233    116.4991      0.0000
     0.6233    116.4991      0.0000
     0.7057      4.0478      0.0000
     0.7057      3.9902      0.0000
     0.7057      3.9902      0.0002
     0.7057      3.9902      0.0008
     0.7057      3.9902      0.0004
     0.7057      4.0478      0.0000
     0.7057      3.9902      0.0000
     0.7057      3.9902      0.0002
     0.7057      3.9902      0.0005
     0.7057      3.9902      0.0002
     0.7057      4.0478      0.0000
     0.7057      3.9902      0.0000
     0.7057      3.9902      0.0001
     0.7057      3.9902      0.0004
     0.7057      3.9902      0.0002
     0.7057      4.0478      0.0000
     0.7057      3.9902      0.0000
     0.7057      3.9902      0.0001
     0.7057      3.9902      0.0003
     0.7057      3.9902      0.0002
     0.7057    116.5815      0.0000
     0.7057    116.5815      0.0000
     0.7057    116.5815      0.0000
     0.7057    116.5815      0.0000
     0.7057    116.5815      0.0000
     0.7057    116.5815      0.0000
     0.7057    116.5815      0.0000
     0.7057    116.5815      0.0000
     0.7057    116.5815      0.0000
     0.7057    116.5815      0.0000
     0.7057    116.5815      0.0000
     0.7057    116.5815      0.0000
     0.7057    116.5815      0.0000
     0.7057    116.5815      0.0000
     0.7057    116.5815      0.0000
     0.7057    116.5815      0.0000
     0.7057    116.5815      0.0000
     0.7057    116.5815      0.0000
     0.7057    116.5815      0.0000
     0.7057    116.5815      0.0000
     0.7990      4.0259      0.0000
     0.7990      4.0259      0.0000
     0.7990      4.0259      0.0002
     0.7990      4.0259      0.0007
     0.7990      3.8530      0.0006
     0.7990      4.0259      0.0000
     0.7990      4.0259      0.0000
     0.7990      4.0259      0.0001
     0.7990      4.0259      0.0005
     0.7990      3.8530      0.0004
     0.7990      4.0259      0.0000
     0.7990      4.0259      0.0000
     0.7990      4.0259      0.0001
     0.7990      4.0259      0.0004
     0.7990      3.8530      0.0003
     0.7990      4.0259      0.0000
     0.7990      4.0259      0.0000
     0.7990      4.0259      0.0001
     0.7990      4.0259      0.0003
     0.7990      3.8530      0.0002
     0.7990    116.6749      0.0000
     0.7990    116.6749      0.0000
     0.7990    116.6749      0.0000
     0.7990    116.6749      0.0000
     0.7990    116.6749      0.0000
     0.7990    116.6749      0.0000
     0.7990    116.6749      0.0000
     0.7990    116.6749      0.0000
     0.7990    116.6749      0.0000
     0.7990    116.6749      0.0000
     0.7990    116.6749      0.0000
     0.7990    116.6749      0.0000
     0.7990    116.6749      0.0000
     0.7990    116.6749      0.0000
     0.7990    116.6749      0.0000
     0.7990    116.6749      0.0000
     0.7990    116.6749      0.0000
     0.7990    116.6749      0.0000
     0.7990    116.6749      0.0000
     0.7990    116.6749      0.0000
     0.9047      4.0163      0.0000
     0.9047      4.0163      0.0000
     0.9047      3.9011      0.0000
     0.9047      3.9011      0.0002
     0.9047      3.9011      0.0002
     0.9047      4.0163      0.0000
     0.9047      4.0163      0.0000
     0.9047      3.9011      0.0000
     0.9047      3.9011      0.0001
     0.9047      3.9011      0.0001
     0.9047      4.0163      0.0000
     0.9047      4.0163      0.0000
     0.9047      3.9011      0.0000
     0.9047      3.9011      0.0001
     0.9047      3.9011      0.0001
     0.9047      4.0163      0.0000
     0.9047      4.0163      0.0000
     0.9047      3.9011      0.0000
     0.9047      3.9011      0.0001
     0.9047      3.9011      0.0001
     0.9047    116.7805      0.0000
     0.9047    116.7805      0.0000
     0.9047    116.7805      0.0000
     0.9047    116.7805      0.0000
     0.9047    116.7805      0.0000
     0.9047    116.7805      0.0000
     0.9047    116.7805      0.0000
     0.9047    116.7805      0.0000
     0.9047    116.7805      0.0000
     0.9047    116.7805      0.0000
     0.9047    116.7805      0.0000
     0.9047    116.7805      0.0000
     0.9047    116.7805      0.0000
     0.9047    116.7805      0.0000
     0.9047    116.7805      0.0000
     0.9047    116.7805      0.0000
     0.9047    116.7805      0.0000
     0.9047    116.7805      0.0000
     0.9047    116.7805      0.0000
     0.9047    116.7805      0.0000
     1.0243    116.9001      0.0000
     1.0243    116.9001      0.0000
     1.0243    116.9001      0.0000
     1.0243    116.9001      0.0000
     1.0243    116.9001      0.0000
     1.0243    116.9001      0.0000
     1.0243    116.9001      0.0000
     1.0243    116.9001      0.0000
     1.0243    116.9001      0.0000
     1.0243    116.9001      0.0000
     1.0243    116.9001      0.0000
     1.0243    116.9001      0.0000
     1.0243    116.9001      0.0000
     1.0243    116.9001      0.0000
     1.0243    116.9001      0.0000
     1.0243    116.9001      0.0000
     1.0243    116.9001      0.0000
     1.0243    116.9001      0.0000
     1.0243    116.9001      0.0000
     1.0243    116.9001      0.0000
     1.1597    114.3408      0.0000
     1.1597    114.3408      0.0000
     1.1597    114.3408      0.0000
     1.1597    114.3408      0.0000
     1.1597    114.3408      0.0000
     1.1597    114.3408      0.0000
     1.1597    114.3408      0.0000
     1.1597    114.3408      0.0000
     1.1597    114.3408      0.0000
     1.1597    114.3408      0.0000
     1.1597    114.3408      0.0000
     1.1597    114.3408      0.0000
     1.1597    114.3408      0.0000
     1.1597    114.3408      0.0000
     1.1597    114.3408      0.0000
     1.1597    114.3408      0.0000
     1.1597    114.3408      0.0000
     1.1597    114.3408      0.0000
     1.1597    114.3408      0.0000
     1.1597    114.3408      0.0000
     1.3131    114.4941      0.0000
     1.3131    114.4941      0.0000
     1.3131    114.4941      0.0000
     1.3131    114.4941      0.0000
     1.3131    114.4941      0.0000
     1.3131    114.4941      0.0000
     1.3131    114.4941      0.0000
     1.3131    114.4941      0.0000
     1.3131    114.4941      0.0000
     1.3131    114.4941      0.0000
     1.3131    114.4941      0.0000
     1.3131    114.4941      0.0000
     1.3131    114.4941      0.0000
     1.3131    114.4941      0.0000
     1.3131    114.4941      0.0000
     1.3131    114.4941      0.0000
     1.3131    114.4941      0.0000
     1.3131    114.4941      0.0000
     1.3131    114.4941      0.0000
     1.3131    114.4941      0.0000
     1.4867    111.9729      0.0000
     1.4867    111.9729      0.0000
     1.4867    111.9729      0.0000
     1.4867    111.9729      0.0000
     1.4867    111.9729      0.0000
     1.4867    111.9729      0.0000
     1.4867    111.9729      0.0000
     1.4867    111.9729      0.0000
     1.4867    111.9729      0.0000
     1.4867    111.9729      0.0000
     1.4867    111.9729      0.0000
     1.4867    111.9729      0.0000
     1.4867    111.9729      0.0000
     1.4867    111.9729      0.0000
     1.4867    111.9729      0.0000
     1.4867    111.9729      0.0000
     1.4867    111.9729      0.0000
     1.4867    111.9729      0.0000
     1.4867    111.9729      0.0000
     1.4867    111.9729      0.0000
     1.6833    112.1695      0.0000
     1.6833    112.1695      0.0000
     1.6833    112.1695      0.0000
     1.6833    112.1695      0.0000
     1.6833    112.1695      0.0000
     1.6833    112.1695      0.0000
     1.6833    112.1695      0.0000
     1.6833    112.1695      0.0000
     1.6833    112.1695      0.0000
     1.6833    112.1695      0.0000
     1.6833    112.1695      0.0000
     1.6833    112.1695      0.0000
     1.6833    112.1695      0.0000
     1.6833    112.1695      0.0000
     1.6833    112.1695      0.0000
     1.6833    112.1695      0.0000
     1.6833    112.1695      0.0000
     1.6833    112.1695      0.0000
     1.6833    112.1695      0.0000
     1.6833    112.1695      0.0000
     1.9058    112.3921      0.0000
     1.9058    112.3921      0.0000
     1.9058    112.3921      0.0000
     1.9058    112.3921      0.0000
     1.9058    112.3921      0.0000
     1.9058    112.3921      0.0000
     1.9058    112.3921      0.0000
     1.9058    112.3921      0.0000
     1.9058    112.3921      0.0000
     1.9058    112.3921      0.0000
     1.9058    112.3921      0.0000
     1.9058    112.3921      0.0000
     1.9058    112.3921      0.0000
     1.9058    112.3921      0.0000
     1.9058    112.3921      0.0000
     1.9058    112.3921      0.0000
     1.9058    112.3921      0.0000
     1.9058    112.3921      0.0000
     1.9058    112.3921      0.0000
     1.9058    112.3921      0.0000
     2.1578    112.6440      0.0000
     2.1578    112.6440      0.0000
     2.1578    112.6440      0.0000
     2.1578    112.6440      0.0000
     2.1578    112.6440      0.0000
     2.1578    112.6440      0.0000
     2.1578    112.6440      0.0000
     2.1578    112.6440      0.0000
     2.1578    112.6440      0.0000
     2.1578    112.6440      0.0000
     2.1578    112.6440      0.0000
     2.1578    112.6440      0.0000
     2.1578    112.6440      0.0000
     2.1578    112.6440      0.0000
     2.1578    112.6440      0.0000
     2.1578    112.6440      0.0000
     2.1578    112.6440      0.0000
     2.1578    112.6440      0.0000
     2.1578    112.6440      0.0000
     2.1578    112.6440      0.0000
     2.4431    112.9293      0.0000
     2.4431    112.9293      0.0000
     2.4431    112.9293      0.0000
     2.4431    112.9293      0.0000
     2.4431    112.9293      0.0000
     2.4431    112.9293      0.0000
     2.4431    112.9293      0.0000
     2.4431    112.9293      0.0000
     2.4431    112.9293      0.0000
     2.4431    112.9293      0.0000
     2.4431    112.9293      0.0000
     2.4431    112.9293      0.0000
     2.4431    112.9293      0.0000
     2.4431    112.9293      0.0000
     2.4431    112.9293      0.0000
     2.4431    112.9293      0.0000
     2.7661    113.2524      0.0000
     2.7661    113.2524      0.0000
     2.7661    113.2524      0.0000
     2.7661    113.2524      0.0000
     2.7661    113.2524      0.0000
     2.7661    113.2524      0.0000
     2.7661    113.2524      0.0000
     2.7661    113.2524      0.0000
     2.7661    113.2524      0.0000
     2.7661    113.2524      0.0000
     2.7661    113.2524      0.0000
     2.7661    113.2524      0.0000
     2.7661    113.2524      0.0000
     2.7661    113.2524      0.0000
     2.7661    113.2524      0.0000
     2.7661    113.2524      0.0000
     3.1319    112.2707      0.0000
     3.1319    112.2707      0.0000
     3.1319    112.2707      0.0000
     3.1319    112.2707      0.0000
     3.1319    112.2707      0.0000
     3.1319    112.2707      0.0000
     3.1319    112.2707      0.0000
     3.1319    112.2707      0.0000
     3.1319    112.2707      0.0000
     3.1319    112.2707      0.0000
     3.1319    112.2707      0.0000
     3.1319    112.2707      0.0000
     3.1319    112.2707      0.0000
     3.1319    112.2707      0.0000
     3.1319    112.2707      0.0000
     3.1319    112.2707      0.0000
     3.5460    108.6426      0.0000
     3.5460    108.6426      0.0000
     3.5460    108.6426      0.0000
     3.5460    108.6426      0.0000
     3.5460    108.6426      0.0000
     3.5460    108.6426      0.0000
     3.5460    108.6426      0.0000
     3.5460    108.6426      0.0000
     3.5460    108.6426      0.0000
     3.5460    108.6426      0.0000
     3.5460    108.6426      0.0000
     3.5460    108.6426      0.0000
     3.5460    108.6426      0.0000
     3.5460    108.6426      0.0000
     3.5460    108.6426      0.0000
     4.0148    107.7641      0.0000
     4.0148    107.7641      0.0000
     4.0148    107.7641      0.0000
     4.0148    107.7641      0.0000
     4.0148    107.7641      0.0000
     4.0148    107.7641      0.0000
     4.0148    107.7641      0.0000
     4.0148    107.7641      0.0000
     4.0148    107.7641      0.0000
     4.0148    107.7641      0.0000
     4.0148    107.7641      0.0000
     4.0148    107.7641      0.0000
     4.0148    107.7641      0.0000
     4.0148    107.7641      0.0000
     4.0148    107.7641      0.0000
     4.5456    105.6001      0.0000
     4.5456    105.6001      0.0000
     4.5456    105.6001      0.0005
     4.5456    105.6001      0.0000
     4.5456    105.6001      0.0000
     4.5456    105.6001      0.0003
     4.5456    105.6001      0.0000
     4.5456    105.6001      0.0000
     4.5456    105.6001      0.0003
     4.5456    105.6001      0.0000
     4.5456    105.6001      0.0000
     4.5456    105.6001      0.0002
     4.5456    105.6001      0.0000
     4.5456    105.6001      0.0000
     4.5456    105.6001      0.0000
     5.1466    104.8537      0.0000
     5.1466    104.8537      0.0000
     5.1466    104.8537      0.0000
     5.1466    104.8537      0.0000
     5.1466    104.8537      0.0000
     5.1466    104.8537      0.0000
     5.1466    104.8537      0.0000
     5.1466    104.8537      0.0000
     5.1466    104.8537      0.0000
     5.1466    104.8537      0.0000
     5.8271    100.1447      0.0000
     5.8271    100.1447      0.0000
     5.8271    100.1447      0.0000
     5.8271    100.1447      0.0000
     5.8271    100.1447      0.0000
     5.8271    100.1447      0.0000
     5.8271    100.1447      0.0000
     5.8271    100.1447      0.0000
     5.8271    100.1447      0.0000
     5.8271    100.1447      0.0000
     6.5976    106.3047      0.0000
     6.5976    106.3047      0.0004
     6.5976    106.3047      0.0000
     6.5976    106.3047      0.0003
     6.5976    106.3047      0.0000
     6.5976    106.3047      0.0002
     6.5976    106.3047      0.0000
     6.5976    106.3047      0.0002
     6.5976    106.3047      0.0000
     6.5976    106.3047      0.0000
     7.4699    101.7874      0.0003
     7.4699    101.7874      0.0002
     7.4699    101.7874      0.0002
     7.4699    101.7874      0.0001
     7.4699    101.7874      0.0000
     8.4576     97.3855      0.0007
     8.4576     97.3855      0.0005
     8.4576     97.3855      0.0004
     8.4576     97.3855      0.0003
     8.4576     97.3855      0.0000
     9.5758     98.5038      0.0000
     9.5758     98.5038      0.0000
     9.5758     98.5038      0.0000
     9.5758     98.5038      0.0000
     9.5758     98.5038      0.0000
